order_id,order_date,month,quarter,product_id,product_name,category,customer_id,customer_name,city,region,customer_type,salesperson,channel,quantity,unit_price,discount_pct,discount_amount,revenue,cogs,profit,payment_method,status,rating,return_reason
ORD-1445,2023-01-01,2023-01,Q1-2023,P013,Headset Pro,Electronics,C003,Rahim Uddin,Individual,Sylhet,Individual,Mohin Uddin,Direct Sales,5,76.01,0,0.0,380.05,297.5,82.55,Card,Completed,3.3,
ORD-1447,2023-01-01,2023-01,Q1-2023,P012,Webcam HD,Electronics,C009,Nasim Chowdhury,Individual,Dhaka,Individual,Sabrina Noor,Direct Sales,12,39.32,0,0.0,471.84,408.0,63.84,Bank Transfer,Completed,3.5,
ORD-1980,2023-01-01,2023-01,Q1-2023,P005,Monitor 27in,Electronics,C013,Zahid Hasan,SMB,Sylhet,SMB,Rakib Islam,Direct Sales,14,226.08,5,158.26,3006.86,2380.0,626.86,Mobile Banking,Completed,3.8,
ORD-2119,2023-01-01,2023-01,Q1-2023,P005,Monitor 27in,Electronics,C008,Mitu Begum,Chittagong,Chittagong,SMB,Rakib Islam,In-Store,13,233.72,0,0.0,3038.36,2210.0,828.36,Card,Returned,3.4,
ORD-2386,2023-01-01,2023-01,Q1-2023,P006,Office Chair,Furniture,C003,Rahim Uddin,Individual,Sylhet,Individual,Mohin Uddin,Online,8,125.21,0,0.0,1001.68,884.0,117.68,Bank Transfer,Completed,4.3,Changed Mind
ORD-2467,2023-01-02,2023-01,Q1-2023,P015,Sticky Notes Bulk,Stationery,C008,Mitu Begum,SMB,Chittagong,SMB,Sabrina Noor,Online,4,5.86,0,0.0,23.44,20.4,3.04,Card,Completed,4.9,
ORD-2340,2023-01-03,2023-01,Q1-2023,P003,USB-C Hub,Electronics,C010,Riya Sen,Barisal,Barisal,SMB,Sabrina Noor,Direct Sales,6,21.64,0,0.0,129.84,102.0,27.84,Bank Transfer,Completed,4.3,
ORD-1202,2023-01-05,2023-01,Q1-2023,P012,Webcam HD,Electronics,C004,Nusrat Jahan,Corporate,Dhaka,Corporate,Arif Khan,Online,7,41.34,15,43.41,245.97,238.0,7.97,Card,Completed,3.6,
ORD-2047,2023-01-05,2023-01,Q1-2023,P006,Office Chair,Furniture,C007,Tariq Hassan,Corporate,Khulna,Corporate,Arif Khan,In-Store,10,124.58,10,124.58,1121.22,1105.0,16.22,Card,Pending,3.8,Defective
ORD-1914,2023-01-06,2023-01,Q1-2023,P005,Monitor 27in,Electronics,C012,Shapna Das,Individual,Mymensingh,Individual,Rakib Islam,Online,7,201.96,0,0.0,1413.72,1190.0,223.72,Cash,Pending,2.9,
ORD-1954,2023-01-06,2023-01,Q1-2023,P007,Standing Desk,Furniture,C004,Nusrat Jahan,Corporate,Dhaka,Corporate,Rakib Islam,Direct Sales,1,260.62,15,39.09,221.53,187.0,34.53,Mobile Banking,Completed,2.5,
ORD-2437,2023-01-06,2023-01,Q1-2023,P001,Laptop Pro 15,Electronics,C002,Farzana Islam,SMB,Chittagong,SMB,Sabrina Noor,Reseller,16,884.84,20,2831.49,11325.95,10880.0,445.95,Bank Transfer,Completed,,Defective
ORD-2330,2023-01-07,2023-01,Q1-2023,P003,USB-C Hub,Electronics,C006,Sumaiya Akter,Individual,Dhaka,Individual,Rakib Islam,Reseller,17,24.91,15,63.52,359.95,289.0,70.95,Card,Completed,4.5,
ORD-1721,2023-01-08,2023-01,Q1-2023,P012,Webcam HD,Electronics,C007,Tariq Hassan,Corporate,Khulna,Corporate,Mohin Uddin,Online,18,47.0,0,0.0,846.0,612.0,234.0,Bank Transfer,Completed,4.7,
ORD-2332,2023-01-09,2023-01,Q1-2023,P015,Sticky Notes Bulk,Stationery,C002,Farzana Islam,SMB,Chittagong,SMB,Sabrina Noor,Direct Sales,17,6.14,0,0.0,104.38,86.7,17.68,Mobile Banking,Completed,4.4,
ORD-2490,2023-01-09,2023-01,Q1-2023,P010,Pen Pack,Stationery,C006,Sumaiya Akter,Individual,Dhaka,Individual,Rakib Islam,In-Store,20,3.68,0,0.0,73.6,51.0,22.6,Bank Transfer,Pending,,
ORD-1749,2023-01-10,2023-01,Q1-2023,P013,Headset Pro,Electronics,C002,Farzana Islam,SMB,Chittagong,SMB,Arif Khan,In-Store,18,81.96,0,0.0,1475.28,1071.0,404.28,Card,Returned,4.7,
ORD-1519,2023-01-11,2023-01,Q1-2023,P013,Headset Pro,Electronics,C002,Farzana Islam,SMB,Chittagong,SMB,Sabrina Noor,In-Store,4,85.82,0,0.0,343.28,238.0,105.28,Mobile Banking,Completed,,
ORD-1661,2023-01-12,2023-01,Q1-2023,P011,Whiteboard,Stationery,C005,Kamal Pasha,SMB,Rajshahi,SMB,Arif Khan,In-Store,5,27.05,0,0.0,135.25,106.25,29.0,Bank Transfer,Completed,4.5,
ORD-1766,2023-01-12,2023-01,Q1-2023,P013,Headset Pro,Electronics,C015,Tanvir Ahmed,Individual,Rangpur,Individual,Arif Khan,In-Store,10,70.44,0,0.0,704.4,595.0,109.4,Mobile Banking,Completed,3.9,
ORD-2013,2023-01-12,2023-01,Q1-2023,P010,Pen Pack,Stationery,C008,Mitu Begum,SMB,Chittagong,SMB,Mohin Uddin,Direct Sales,16,3.62,0,0.0,57.92,40.8,17.12,Bank Transfer,Completed,3.2,
ORD-1180,2023-01-13,2023-01,Q1-2023,P001,Laptop Pro 15,Electronics,C009,Nasim Chowdhury,Dhaka,Dhaka,Individual,Dilnoza Haque,In-Store,9,888.58,0,0.0,7997.22,6120.0,1877.22,Cash,Completed,3.1,
ORD-1223,2023-01-13,2023-01,Q1-2023,P006,Office Chair,Furniture,C015,Tanvir Ahmed,Individual,Rangpur,Individual,Dilnoza Haque,Reseller,11,128.65,20,283.03,1132.12,1215.5,-83.38,Card,Returned,4.4,
ORD-1462,2023-01-13,2023-01,Q1-2023,P007,Standing Desk,Furniture,C002,Farzana Islam,SMB,Chittagong,SMB,Rakib Islam,Reseller,17,215.86,5,183.48,3486.14,3179.0,307.14,Card,Completed,,
ORD-1748,2023-01-13,2023-01,Q1-2023,P010,Pen Pack,Stationery,C002,Farzana Islam,SMB,Chittagong,SMB,Arif Khan,In-Store,13,3.2,0,0.0,41.6,33.15,8.45,Card,Completed,4.8,
ORD-1730,2023-01-14,2023-01,Q1-2023,P013,Headset Pro,Electronics,C011,Imran Ali,Corporate,Dhaka,Corporate,Mohin Uddin,Online,8,67.59,20,108.14,432.58,476.0,-43.42,Bank Transfer,Returned,3.7,
ORD-1901,2023-01-14,2023-01,Q1-2023,P001,Laptop Pro 15,Electronics,C014,Parisa Begum,Corporate,Dhaka,Corporate,Dilnoza Haque,Direct Sales,1,941.23,10,94.12,847.11,680.0,167.11,Cash,Completed,2.6,
ORD-1923,2023-01-14,2023-01,Q1-2023,P010,Pen Pack,Stationery,C005,Kamal Pasha,SMB,Rajshahi,SMB,Arif Khan,Reseller,2,3.43,15,1.03,5.83,5.1,0.73,Mobile Banking,Completed,4.6,
ORD-2403,2023-01-14,2023-01,Q1-2023,P015,Sticky Notes Bulk,Stationery,C013,Zahid Hasan,SMB,Sylhet,SMB,Rakib Islam,In-Store,9,6.5,15,8.78,49.72,45.9,3.82,Bank Transfer,Completed,,
ORD-1400,2023-01-15,2023-01,Q1-2023,P006,Office Chair,Furniture,C012,Shapna Das,Mymensingh,Mymensingh,Individual,Sabrina Noor,In-Store,4,135.4,5,27.08,514.52,442.0,72.52,Card,Pending,3.1,
ORD-1665,2023-01-16,2023-01,Q1-2023,P007,Standing Desk,Furniture,C011,Imran Ali,Corporate,Dhaka,Corporate,Arif Khan,Reseller,11,209.79,0,0.0,2307.69,2057.0,250.69,Mobile Banking,Completed,,
ORD-1789,2023-01-16,2023-01,Q1-2023,P001,Laptop Pro 15,Electronics,C003,Rahim Uddin,Individual,Sylhet,Individual,Mohin Uddin,Reseller,12,961.78,10,1154.14,10387.22,8160.0,2227.22,Mobile Banking,Completed,5.0,
ORD-2419,2023-01-16,2023-01,Q1-2023,P003,USB-C Hub,Electronics,C004,Nusrat Jahan,Dhaka,Dhaka,Corporate,Mohin Uddin,Direct Sales,6,24.33,0,0.0,145.98,102.0,43.98,Bank Transfer,Returned,2.6,
ORD-1176,2023-01-17,2023-01,Q1-2023,P005,Monitor 27in,Electronics,C009,Nasim Chowdhury,Individual,Dhaka,Individual,Sabrina Noor,Reseller,19,224.75,5,213.51,4056.74,3230.0,826.74,Card,Returned,3.1,
ORD-2033,2023-01-17,2023-01,Q1-2023,P002,Wireless Mouse,Electronics,C004,Nusrat Jahan,Corporate,Dhaka,Corporate,Mohin Uddin,Reseller,19,12.52,10,23.79,214.09,193.8,20.29,Card,Returned,2.7,
ORD-1516,2023-01-18,2023-01,Q1-2023,P008,Desk Lamp,Furniture,C006,Sumaiya Akter,Individual,Dhaka,Individual,Mohin Uddin,Reseller,10,20.83,0,0.0,208.3,153.0,55.3,Card,Completed,,
ORD-1689,2023-01-18,2023-01,Q1-2023,P011,Whiteboard,Stationery,C006,Sumaiya Akter,Individual,Dhaka,Individual,Dilnoza Haque,In-Store,2,31.02,15,9.31,52.73,42.5,10.23,Bank Transfer,Returned,4.5,
ORD-2170,2023-01-18,2023-01,Q1-2023,P013,Headset Pro,Electronics,C004,Nusrat Jahan,Corporate,Dhaka,Corporate,Rakib Islam,In-Store,20,81.46,0,0.0,1629.2,1190.0,439.2,Cash,Returned,3.4,
ORD-1283,2023-01-19,2023-01,Q1-2023,P011,Whiteboard,Stationery,C001,Ahmed Hossain,Corporate,Dhaka,Corporate,Arif Khan,Direct Sales,8,25.45,0,0.0,203.6,170.0,33.6,Mobile Banking,Completed,,
ORD-1285,2023-01-20,2023-01,Q1-2023,P004,Mechanical Keyboard,Electronics,C004,Nusrat Jahan,Corporate,Dhaka,Corporate,Sabrina Noor,Online,5,55.73,0,0.0,278.65,233.75,44.9,Mobile Banking,Completed,4.1,
ORD-2367,2023-01-21,2023-01,Q1-2023,P012,Webcam HD,Electronics,C011,Imran Ali,Corporate,Dhaka,Corporate,Mohin Uddin,Online,9,45.03,10,40.53,364.74,306.0,58.74,Mobile Banking,Pending,,
ORD-1822,2023-01-22,2023-01,Q1-2023,P003,USB-C Hub,Electronics,C005,Kamal Pasha,SMB,Rajshahi,SMB,Mohin Uddin,Reseller,3,20.02,20,12.01,48.05,51.0,-2.95,Bank Transfer,Pending,,
ORD-1841,2023-01-23,2023-01,Q1-2023,P003,USB-C Hub,Electronics,C003,Rahim Uddin,Individual,Sylhet,Individual,Sabrina Noor,Direct Sales,8,20.02,15,24.02,136.14,136.0,0.14,Bank Transfer,Completed,2.8,
ORD-1794,2023-01-24,2023-01,Q1-2023,P011,Whiteboard,Stationery,C010,Riya Sen,SMB,Barisal,SMB,Sabrina Noor,Reseller,4,24.58,10,9.83,88.49,85.0,3.49,Mobile Banking,Completed,,
ORD-1853,2023-01-24,2023-01,Q1-2023,P004,Mechanical Keyboard,Electronics,C014,Parisa Begum,Corporate,Dhaka,Corporate,Rakib Islam,Online,10,67.47,0,0.0,674.7,467.5,207.2,Card,Completed,,
ORD-2262,2023-01-24,2023-01,Q1-2023,P011,Whiteboard,Stationery,C002,Farzana Islam,SMB,Chittagong,SMB,Rakib Islam,Online,16,26.58,5,21.26,404.02,340.0,64.02,Card,Completed,3.9,
ORD-1987,2023-01-25,2023-01,Q1-2023,P006,Office Chair,Furniture,C007,Tariq Hassan,Corporate,Khulna,Corporate,Sabrina Noor,Direct Sales,13,136.2,10,177.06,1593.54,1436.5,157.04,Mobile Banking,Completed,,
ORD-2363,2023-01-26,2023-01,Q1-2023,P001,Laptop Pro 15,Electronics,C010,Riya Sen,SMB,Barisal,SMB,Rakib Islam,Direct Sales,14,803.61,10,1125.05,10125.49,9520.0,605.49,Bank Transfer,Returned,3.7,
ORD-1276,2023-01-27,2023-01,Q1-2023,P011,Whiteboard,Stationery,C008,Mitu Begum,SMB,Chittagong,SMB,Arif Khan,In-Store,10,25.7,5,12.85,244.15,212.5,31.65,Mobile Banking,Completed,4.1,
ORD-1998,2023-01-27,2023-01,Q1-2023,P009,Notebook Set,Stationery,C010,Riya Sen,SMB,Barisal,SMB,Arif Khan,Reseller,2,5.92,10,1.18,10.66,8.5,2.16,Mobile Banking,Completed,3.0,
ORD-2290,2023-01-27,2023-01,Q1-2023,P001,Laptop Pro 15,Electronics,C002,Farzana Islam,SMB,Chittagong,SMB,Arif Khan,Reseller,13,886.67,10,1152.67,10374.04,8840.0,1534.04,Cash,Completed,,
ORD-2376,2023-01-27,2023-01,Q1-2023,P005,Monitor 27in,Electronics,C009,Nasim Chowdhury,Individual,Dhaka,Individual,Arif Khan,In-Store,2,215.13,0,0.0,430.26,340.0,90.26,Card,Returned,3.2,
ORD-2271,2023-01-28,2023-01,Q1-2023,P010,Pen Pack,Stationery,C003,Rahim Uddin,Individual,Sylhet,Individual,Sabrina Noor,In-Store,14,3.03,20,8.48,33.94,35.7,-1.76,Cash,Completed,3.3,
ORD-1835,2023-01-29,2023-01,Q1-2023,P015,Sticky Notes Bulk,Stationery,C009,Nasim Chowdhury,Dhaka,Dhaka,Individual,Sabrina Noor,Reseller,1,7.42,5,0.37,7.05,5.1,1.95,Card,Pending,2.8,
ORD-1558,2023-01-30,2023-01,Q1-2023,P005,Monitor 27in,Electronics,C005,Kamal Pasha,SMB,Rajshahi,SMB,Dilnoza Haque,Online,8,227.06,0,0.0,1816.48,1360.0,456.48,Cash,Returned,,
ORD-2044,2023-01-31,2023-01,Q1-2023,P011,Whiteboard,Stationery,C015,Tanvir Ahmed,Rangpur,Rangpur,Individual,Dilnoza Haque,Direct Sales,16,29.22,0,0.0,467.52,340.0,127.52,Bank Transfer,Returned,2.8,
ORD-2494,2023-01-31,2023-01,Q1-2023,P009,Notebook Set,Stationery,C011,Imran Ali,Corporate,Dhaka,Corporate,Sabrina Noor,In-Store,4,5.49,10,2.2,19.76,17.0,2.76,Cash,Completed,3.9,
ORD-1167,2023-02-02,2023-02,Q1-2023,P013,Headset Pro,Electronics,C011,Imran Ali,Corporate,Dhaka,Corporate,Arif Khan,Online,14,79.41,0,0.0,1111.74,833.0,278.74,Cash,Returned,4.3,
ORD-2463,2023-02-02,2023-02,Q1-2023,P010,Pen Pack,Stationery,C001,Ahmed Hossain,Corporate,Dhaka,Corporate,Arif Khan,Direct Sales,14,3.61,0,0.0,50.54,35.7,14.84,Mobile Banking,Completed,,Defective
ORD-1270,2023-02-03,2023-02,Q1-2023,P008,Desk Lamp,Furniture,C001,Ahmed Hossain,Corporate,Dhaka,Corporate,Dilnoza Haque,Direct Sales,12,20.91,0,0.0,250.92,183.6,67.32,Cash,Completed,3.7,
ORD-1882,2023-02-04,2023-02,Q1-2023,P014,Filing Cabinet,Furniture,C007,Tariq Hassan,Corporate,Khulna,Corporate,Mohin Uddin,Direct Sales,1,104.13,0,0.0,104.13,76.5,27.63,Bank Transfer,Completed,,
ORD-2307,2023-02-04,2023-02,Q1-2023,P010,Pen Pack,Stationery,C012,Shapna Das,Individual,Mymensingh,Individual,Mohin Uddin,Reseller,8,3.45,10,2.76,24.84,20.4,4.44,Mobile Banking,Completed,4.0,
ORD-2012,2023-02-05,2023-02,Q1-2023,P012,Webcam HD,Electronics,C015,Tanvir Ahmed,Individual,Rangpur,Individual,Sabrina Noor,Online,13,45.58,20,118.51,474.03,442.0,32.03,Card,Completed,3.1,
ORD-2108,2023-02-05,2023-02,Q1-2023,P011,Whiteboard,Stationery,C005,Kamal Pasha,Rajshahi,Rajshahi,SMB,Mohin Uddin,Online,11,27.99,10,30.79,277.1,233.75,43.35,Card,Returned,,
ORD-2083,2023-02-06,2023-02,Q1-2023,P012,Webcam HD,Electronics,C011,Imran Ali,Corporate,Dhaka,Corporate,Mohin Uddin,Direct Sales,9,46.36,0,0.0,417.24,306.0,111.24,Bank Transfer,Completed,,
ORD-1421,2023-02-07,2023-02,Q1-2023,P003,USB-C Hub,Electronics,C014,Parisa Begum,Corporate,Dhaka,Corporate,Rakib Islam,Online,2,23.0,20,9.2,36.8,34.0,2.8,Cash,Completed,2.9,
ORD-1266,2023-02-08,2023-02,Q1-2023,P003,USB-C Hub,Electronics,C005,Kamal Pasha,SMB,Rajshahi,SMB,Dilnoza Haque,Online,13,19.86,10,25.82,232.36,221.0,11.36,Bank Transfer,Completed,2.6,
ORD-2184,2023-02-08,2023-02,Q1-2023,P005,Monitor 27in,Electronics,C012,Shapna Das,Individual,Mymensingh,Individual,Sabrina Noor,Direct Sales,16,237.22,0,0.0,3795.52,2720.0,1075.52,Cash,Completed,4.5,
ORD-1144,2023-02-09,2023-02,Q1-2023,P003,USB-C Hub,Electronics,C012,Shapna Das,Individual,Mymensingh,Individual,Mohin Uddin,In-Store,11,23.82,10,26.2,235.82,187.0,48.82,Mobile Banking,Pending,3.5,
ORD-1894,2023-02-09,2023-02,Q1-2023,P007,Standing Desk,Furniture,C012,Shapna Das,Individual,Mymensingh,Individual,Rakib Islam,Direct Sales,9,249.48,15,336.8,1908.52,1683.0,225.52,Card,Completed,4.7,
ORD-1404,2023-02-10,2023-02,Q1-2023,P004,Mechanical Keyboard,Electronics,C015,Tanvir Ahmed,Individual,Rangpur,Individual,Sabrina Noor,Online,17,57.28,5,48.69,925.07,794.75,130.32,Mobile Banking,Completed,3.3,Changed Mind
ORD-2306,2023-02-10,2023-02,Q1-2023,P009,Notebook Set,Stationery,C010,Riya Sen,SMB,Barisal,SMB,Mohin Uddin,Reseller,18,5.91,0,0.0,106.38,76.5,29.88,Cash,Completed,,Changed Mind
ORD-2113,2023-02-11,2023-02,Q1-2023,P004,Mechanical Keyboard,Electronics,C010,Riya Sen,SMB,Barisal,SMB,Rakib Islam,Online,2,55.7,10,11.14,100.26,93.5,6.76,Mobile Banking,Pending,2.9,
ORD-2179,2023-02-11,2023-02,Q1-2023,P015,Sticky Notes Bulk,Stationery,C014,Parisa Begum,Corporate,Dhaka,Corporate,Mohin Uddin,In-Store,16,5.82,0,0.0,93.12,81.6,11.52,Cash,Completed,,
ORD-2220,2023-02-11,2023-02,Q1-2023,P005,Monitor 27in,Electronics,C015,Tanvir Ahmed,Individual,Rangpur,Individual,Arif Khan,In-Store,14,195.58,0,0.0,2738.12,2380.0,358.12,Cash,Completed,4.0,
ORD-1123,2023-02-12,2023-02,Q1-2023,P006,Office Chair,Furniture,C015,Tanvir Ahmed,Individual,Rangpur,Individual,Rakib Islam,Online,10,143.6,20,287.2,1148.8,1105.0,43.8,Card,Completed,4.5,Changed Mind
ORD-1460,2023-02-12,2023-02,Q1-2023,P002,Wireless Mouse,Electronics,C015,Tanvir Ahmed,Individual,Rangpur,Individual,Rakib Islam,Reseller,18,13.69,20,49.28,197.14,183.6,13.54,Mobile Banking,Completed,3.1,
ORD-1613,2023-02-12,2023-02,Q1-2023,P001,Laptop Pro 15,Electronics,C014,Parisa Begum,Corporate,Dhaka,Corporate,Sabrina Noor,Online,15,990.67,10,1486.01,13374.04,10200.0,3174.04,Cash,Returned,3.1,
ORD-1331,2023-02-13,2023-02,Q1-2023,P011,Whiteboard,Stationery,C004,Nusrat Jahan,Corporate,Dhaka,Corporate,Dilnoza Haque,Online,17,30.56,0,0.0,519.52,361.25,158.27,Cash,Completed,,Changed Mind
ORD-1753,2023-02-14,2023-02,Q1-2023,P010,Pen Pack,Stationery,C003,Rahim Uddin,Individual,Sylhet,Individual,Dilnoza Haque,In-Store,6,3.24,0,0.0,19.44,15.3,4.14,Mobile Banking,Pending,3.4,
ORD-2140,2023-02-14,2023-02,Q1-2023,P005,Monitor 27in,Electronics,C003,Rahim Uddin,Individual,Sylhet,Individual,Dilnoza Haque,In-Store,8,210.4,15,252.48,1430.72,1360.0,70.72,Bank Transfer,Completed,,
ORD-2236,2023-02-14,2023-02,Q1-2023,P004,Mechanical Keyboard,Electronics,C008,Mitu Begum,Chittagong,Chittagong,SMB,Mohin Uddin,Direct Sales,14,61.08,15,128.27,726.85,654.5,72.35,Card,Completed,3.0,
ORD-1168,2023-02-15,2023-02,Q1-2023,P007,Standing Desk,Furniture,C008,Mitu Begum,SMB,Chittagong,SMB,Arif Khan,In-Store,8,244.62,20,391.39,1565.57,1496.0,69.57,Mobile Banking,Completed,4.3,
ORD-1197,2023-02-15,2023-02,Q1-2023,P010,Pen Pack,Stationery,C011,Imran Ali,Corporate,Dhaka,Corporate,Dilnoza Haque,Online,13,3.72,0,0.0,48.36,33.15,15.21,Cash,Completed,3.8,
ORD-1260,2023-02-15,2023-02,Q1-2023,P005,Monitor 27in,Electronics,C008,Mitu Begum,SMB,Chittagong,SMB,Arif Khan,In-Store,15,205.8,20,617.4,2469.6,2550.0,-80.4,Cash,Completed,4.5,
ORD-1623,2023-02-18,2023-02,Q1-2023,P005,Monitor 27in,Electronics,C015,Tanvir Ahmed,Rangpur,Rangpur,Individual,Sabrina Noor,Reseller,14,221.94,0,0.0,3107.16,2380.0,727.16,Cash,Pending,5.0,
ORD-2030,2023-02-18,2023-02,Q1-2023,P006,Office Chair,Furniture,C008,Mitu Begum,SMB,Chittagong,SMB,Mohin Uddin,Reseller,9,153.48,0,0.0,1381.32,994.5,386.82,Bank Transfer,Completed,2.9,
ORD-2362,2023-02-18,2023-02,Q1-2023,P014,Filing Cabinet,Furniture,C014,Parisa Begum,Corporate,Dhaka,Corporate,Dilnoza Haque,Reseller,10,95.25,10,95.25,857.25,765.0,92.25,Card,Returned,,
ORD-2422,2023-02-18,2023-02,Q1-2023,P013,Headset Pro,Electronics,C008,Mitu Begum,SMB,Chittagong,SMB,Mohin Uddin,In-Store,9,75.34,20,135.61,542.45,535.5,6.95,Card,Completed,4.7,
ORD-1993,2023-02-19,2023-02,Q1-2023,P014,Filing Cabinet,Furniture,C009,Nasim Chowdhury,Individual,Dhaka,Individual,Mohin Uddin,Direct Sales,2,110.15,10,22.03,198.27,153.0,45.27,Cash,Pending,3.3,
ORD-2455,2023-02-19,2023-02,Q1-2023,P001,Laptop Pro 15,Electronics,C007,Tariq Hassan,Corporate,Khulna,Corporate,Rakib Islam,Online,10,989.77,10,989.77,8907.93,6800.0,2107.93,Card,Pending,,
ORD-1414,2023-02-20,2023-02,Q1-2023,P004,Mechanical Keyboard,Electronics,C005,Kamal Pasha,SMB,Rajshahi,SMB,Rakib Islam,Direct Sales,15,58.82,0,0.0,882.3,701.25,181.05,Card,Returned,4.8,
ORD-1953,2023-02-20,2023-02,Q1-2023,P006,Office Chair,Furniture,C010,Riya Sen,SMB,Barisal,SMB,Sabrina Noor,Reseller,16,131.89,5,105.51,2004.73,1768.0,236.73,Cash,Pending,3.0,
ORD-1020,2023-02-21,2023-02,Q1-2023,P010,Pen Pack,Stationery,C008,Mitu Begum,SMB,Chittagong,SMB,Mohin Uddin,Online,17,3.68,10,6.26,56.3,43.35,12.95,Card,Completed,4.2,
ORD-1044,2023-02-21,2023-02,Q1-2023,P005,Monitor 27in,Electronics,C007,Tariq Hassan,Corporate,Khulna,Corporate,Dilnoza Haque,Reseller,11,202.7,0,0.0,2229.7,1870.0,359.7,Bank Transfer,Completed,3.7,
ORD-1437,2023-02-21,2023-02,Q1-2023,P003,USB-C Hub,Electronics,C001,Ahmed Hossain,Corporate,Dhaka,Corporate,Arif Khan,Online,16,24.42,0,0.0,390.72,272.0,118.72,Bank Transfer,Returned,,
ORD-1094,2023-02-22,2023-02,Q1-2023,P005,Monitor 27in,Electronics,C010,Riya Sen,SMB,Barisal,SMB,Sabrina Noor,Direct Sales,10,211.1,10,211.1,1899.9,1700.0,199.9,Card,Completed,3.9,
ORD-2181,2023-02-22,2023-02,Q1-2023,P013,Headset Pro,Electronics,C009,Nasim Chowdhury,Individual,Dhaka,Individual,Dilnoza Haque,Online,19,69.09,5,65.64,1247.07,1130.5,116.57,Cash,Completed,3.4,
ORD-1045,2023-02-23,2023-02,Q1-2023,P006,Office Chair,Furniture,C004,Nusrat Jahan,Dhaka,Dhaka,Corporate,Arif Khan,In-Store,3,153.97,15,69.29,392.62,331.5,61.12,Card,Completed,3.1,
ORD-1345,2023-02-23,2023-02,Q1-2023,P003,USB-C Hub,Electronics,C007,Tariq Hassan,Corporate,Khulna,Corporate,Mohin Uddin,Direct Sales,1,23.83,20,4.77,19.06,17.0,2.06,Cash,Completed,3.4,
ORD-1610,2023-02-23,2023-02,Q1-2023,P004,Mechanical Keyboard,Electronics,C004,Nusrat Jahan,Corporate,Dhaka,Corporate,Mohin Uddin,Direct Sales,20,61.92,5,61.92,1176.48,935.0,241.48,Cash,Completed,,
ORD-1703,2023-02-23,2023-02,Q1-2023,P002,Wireless Mouse,Electronics,C009,Nasim Chowdhury,Individual,Dhaka,Individual,Dilnoza Haque,In-Store,11,13.54,0,0.0,148.94,112.2,36.74,Cash,Completed,3.7,
ORD-2107,2023-02-23,2023-02,Q1-2023,P014,Filing Cabinet,Furniture,C006,Sumaiya Akter,Individual,Dhaka,Individual,Dilnoza Haque,Online,18,98.38,0,0.0,1770.84,1377.0,393.84,Bank Transfer,Completed,3.3,
ORD-1627,2023-02-26,2023-02,Q1-2023,P005,Monitor 27in,Electronics,C010,Riya Sen,Barisal,Barisal,SMB,Arif Khan,Reseller,14,193.95,15,407.29,2308.01,2380.0,-71.99,Bank Transfer,Returned,,
ORD-2274,2023-02-26,2023-02,Q1-2023,P009,Notebook Set,Stationery,C015,Tanvir Ahmed,Individual,Rangpur,Individual,Arif Khan,Online,7,5.29,5,1.85,35.18,29.75,5.43,Bank Transfer,Completed,2.7,Wrong Item
ORD-1074,2023-02-27,2023-02,Q1-2023,P005,Monitor 27in,Electronics,C006,Sumaiya Akter,Individual,Dhaka,Individual,Mohin Uddin,In-Store,12,215.84,0,0.0,2590.08,2040.0,550.08,Card,Completed,,Wrong Item
ORD-1248,2023-02-27,2023-02,Q1-2023,P004,Mechanical Keyboard,Electronics,C010,Riya Sen,Barisal,Barisal,SMB,Mohin Uddin,In-Store,8,52.58,5,21.03,399.61,374.0,25.61,Card,Completed,4.8,
ORD-1336,2023-02-27,2023-02,Q1-2023,P003,USB-C Hub,Electronics,C005,Kamal Pasha,SMB,Rajshahi,SMB,Mohin Uddin,Online,6,22.1,5,6.63,125.97,102.0,23.97,Mobile Banking,Completed,4.0,
ORD-1505,2023-02-27,2023-02,Q1-2023,P015,Sticky Notes Bulk,Stationery,C011,Imran Ali,Corporate,Dhaka,Corporate,Rakib Islam,Direct Sales,12,6.42,15,11.56,65.48,61.2,4.28,Mobile Banking,Completed,3.4,Defective
ORD-1989,2023-02-27,2023-02,Q1-2023,P011,Whiteboard,Stationery,C006,Sumaiya Akter,Individual,Dhaka,Individual,Arif Khan,Direct Sales,9,27.78,5,12.5,237.52,191.25,46.27,Card,Completed,4.4,
ORD-1687,2023-02-28,2023-02,Q1-2023,P006,Office Chair,Furniture,C014,Parisa Begum,Corporate,Dhaka,Corporate,Dilnoza Haque,In-Store,11,154.94,0,0.0,1704.34,1215.5,488.84,Cash,Pending,,
ORD-2486,2023-02-28,2023-02,Q1-2023,P006,Office Chair,Furniture,C009,Nasim Chowdhury,Individual,Dhaka,Individual,Arif Khan,In-Store,8,132.27,0,0.0,1058.16,884.0,174.16,Cash,Completed,3.4,
ORD-1609,2023-03-02,2023-03,Q1-2023,P010,Pen Pack,Stationery,C006,Sumaiya Akter,Individual,Dhaka,Individual,Arif Khan,Reseller,6,2.87,0,0.0,17.22,15.3,1.92,Card,Returned,3.1,Defective
ORD-2452,2023-03-02,2023-03,Q1-2023,P001,Laptop Pro 15,Electronics,C003,Rahim Uddin,Individual,Sylhet,Individual,Arif Khan,Reseller,14,942.29,15,1978.81,11213.25,9520.0,1693.25,Cash,Completed,4.3,
ORD-1235,2023-03-03,2023-03,Q1-2023,P003,USB-C Hub,Electronics,C012,Shapna Das,Individual,Mymensingh,Individual,Mohin Uddin,Direct Sales,9,19.56,0,0.0,176.04,153.0,23.04,Mobile Banking,Returned,2.7,
ORD-1591,2023-03-04,2023-03,Q1-2023,P007,Standing Desk,Furniture,C013,Zahid Hasan,SMB,Sylhet,SMB,Mohin Uddin,Online,2,252.57,15,75.77,429.37,374.0,55.37,Mobile Banking,Returned,4.2,
ORD-2241,2023-03-04,2023-03,Q1-2023,P011,Whiteboard,Stationery,C008,Mitu Begum,SMB,Chittagong,SMB,Sabrina Noor,Reseller,8,28.39,0,0.0,227.12,170.0,57.12,Mobile Banking,Returned,,
ORD-1405,2023-03-05,2023-03,Q1-2023,P011,Whiteboard,Stationery,C005,Kamal Pasha,SMB,Rajshahi,SMB,Mohin Uddin,Reseller,13,30.43,20,79.12,316.47,276.25,40.22,Card,Completed,3.5,
ORD-1848,2023-03-05,2023-03,Q1-2023,P010,Pen Pack,Stationery,C005,Kamal Pasha,Rajshahi,Rajshahi,SMB,Rakib Islam,Online,4,2.88,15,1.73,9.79,10.2,-0.41,Card,Completed,,
ORD-2498,2023-03-05,2023-03,Q1-2023,P011,Whiteboard,Stationery,C014,Parisa Begum,Corporate,Dhaka,Corporate,Sabrina Noor,Direct Sales,2,30.69,15,9.21,52.17,42.5,9.67,Cash,Completed,3.4,
ORD-1497,2023-03-06,2023-03,Q1-2023,P001,Laptop Pro 15,Electronics,C014,Parisa Begum,Corporate,Dhaka,Corporate,Dilnoza Haque,Reseller,8,960.39,10,768.31,6914.81,5440.0,1474.81,Mobile Banking,Returned,4.2,
ORD-1009,2023-03-07,2023-03,Q1-2023,P007,Standing Desk,Furniture,C007,Tariq Hassan,Corporate,Khulna,Corporate,Mohin Uddin,Online,20,274.74,10,549.48,4945.32,3740.0,1205.32,Cash,Pending,4.4,
ORD-1365,2023-03-07,2023-03,Q1-2023,P015,Sticky Notes Bulk,Stationery,C015,Tanvir Ahmed,Individual,Rangpur,Individual,Mohin Uddin,Online,16,6.69,0,0.0,107.04,81.6,25.44,Cash,Completed,2.7,
ORD-1955,2023-03-07,2023-03,Q1-2023,P010,Pen Pack,Stationery,C005,Kamal Pasha,SMB,Rajshahi,SMB,Mohin Uddin,Reseller,20,3.59,10,7.18,64.62,51.0,13.62,Bank Transfer,Returned,2.5,
ORD-1974,2023-03-08,2023-03,Q1-2023,P006,Office Chair,Furniture,C004,Nusrat Jahan,Corporate,Dhaka,Corporate,Arif Khan,In-Store,10,131.55,0,0.0,1315.5,1105.0,210.5,Mobile Banking,Returned,4.8,Wrong Item
ORD-2122,2023-03-08,2023-03,Q1-2023,P007,Standing Desk,Furniture,C011,Imran Ali,Corporate,Dhaka,Corporate,Dilnoza Haque,Direct Sales,13,210.97,5,137.13,2605.48,2431.0,174.48,Card,Completed,2.6,
ORD-1226,2023-03-09,2023-03,Q1-2023,P005,Monitor 27in,Electronics,C012,Shapna Das,Individual,Mymensingh,Individual,Sabrina Noor,Online,14,233.8,20,654.64,2618.56,2380.0,238.56,Bank Transfer,Completed,4.0,
ORD-1430,2023-03-09,2023-03,Q1-2023,P003,USB-C Hub,Electronics,C005,Kamal Pasha,SMB,Rajshahi,SMB,Sabrina Noor,Direct Sales,1,21.03,5,1.05,19.98,17.0,2.98,Card,Pending,,
ORD-2198,2023-03-09,2023-03,Q1-2023,P001,Laptop Pro 15,Electronics,C001,Ahmed Hossain,Corporate,Dhaka,Corporate,Dilnoza Haque,Reseller,9,853.49,20,1536.28,6145.13,6120.0,25.13,Bank Transfer,Completed,4.4,
ORD-1384,2023-03-10,2023-03,Q1-2023,P001,Laptop Pro 15,Electronics,C014,Parisa Begum,Corporate,Dhaka,Corporate,Dilnoza Haque,In-Store,5,802.87,0,0.0,4014.35,3400.0,614.35,Cash,Completed,4.6,
ORD-1839,2023-03-10,2023-03,Q1-2023,P001,Laptop Pro 15,Electronics,C003,Rahim Uddin,Sylhet,Sylhet,Individual,Sabrina Noor,Online,20,971.18,10,1942.36,17481.24,13600.0,3881.24,Bank Transfer,Completed,3.6,
ORD-2133,2023-03-10,2023-03,Q1-2023,P005,Monitor 27in,Electronics,C008,Mitu Begum,SMB,Chittagong,SMB,Arif Khan,Reseller,4,215.32,0,0.0,861.28,680.0,181.28,Mobile Banking,Returned,3.3,
ORD-1121,2023-03-11,2023-03,Q1-2023,P006,Office Chair,Furniture,C004,Nusrat Jahan,Corporate,Dhaka,Corporate,Sabrina Noor,Online,4,153.59,15,92.15,522.21,442.0,80.21,Mobile Banking,Pending,4.1,
ORD-1179,2023-03-11,2023-03,Q1-2023,P012,Webcam HD,Electronics,C003,Rahim Uddin,Individual,Sylhet,Individual,Mohin Uddin,Direct Sales,1,40.62,5,2.03,38.59,34.0,4.59,Bank Transfer,Completed,,
ORD-1224,2023-03-11,2023-03,Q1-2023,P001,Laptop Pro 15,Electronics,C005,Kamal Pasha,SMB,Rajshahi,SMB,Dilnoza Haque,Reseller,7,769.56,0,0.0,5386.92,4760.0,626.92,Bank Transfer,Returned,2.7,
ORD-1772,2023-03-11,2023-03,Q1-2023,P005,Monitor 27in,Electronics,C010,Riya Sen,SMB,Barisal,SMB,Dilnoza Haque,Reseller,12,211.2,0,0.0,2534.4,2040.0,494.4,Bank Transfer,Completed,3.6,Defective
ORD-1086,2023-03-12,2023-03,Q1-2023,P014,Filing Cabinet,Furniture,C013,Zahid Hasan,SMB,Sylhet,SMB,Sabrina Noor,Reseller,18,91.09,0,0.0,1639.62,1377.0,262.62,Card,Pending,,Wrong Item
ORD-1004,2023-03-13,2023-03,Q1-2023,P001,Laptop Pro 15,Electronics,C011,Imran Ali,Corporate,Dhaka,Corporate,Arif Khan,Direct Sales,8,945.54,0,0.0,7564.32,5440.0,2124.32,Mobile Banking,Returned,3.4,
ORD-1363,2023-03-15,2023-03,Q1-2023,P002,Wireless Mouse,Electronics,C003,Rahim Uddin,Individual,Sylhet,Individual,Rakib Islam,Direct Sales,11,12.22,0,0.0,134.42,112.2,22.22,Mobile Banking,Returned,4.8,
ORD-1449,2023-03-15,2023-03,Q1-2023,P011,Whiteboard,Stationery,C001,Ahmed Hossain,Corporate,Dhaka,Corporate,Sabrina Noor,Online,5,29.16,5,7.29,138.51,106.25,32.26,Card,Returned,4.7,
ORD-1173,2023-03-16,2023-03,Q1-2023,P004,Mechanical Keyboard,Electronics,C013,Zahid Hasan,SMB,Sylhet,SMB,Sabrina Noor,Reseller,19,64.2,10,121.98,1097.82,888.25,209.57,Mobile Banking,Completed,3.0,
ORD-1995,2023-03-16,2023-03,Q1-2023,P013,Headset Pro,Electronics,C011,Imran Ali,Corporate,Dhaka,Corporate,Sabrina Noor,Reseller,14,83.67,5,58.57,1112.81,833.0,279.81,Cash,Completed,3.3,
ORD-2056,2023-03-16,2023-03,Q1-2023,P012,Webcam HD,Electronics,C004,Nusrat Jahan,Corporate,Dhaka,Corporate,Arif Khan,Direct Sales,16,40.48,15,97.15,550.53,544.0,6.53,Card,Completed,2.5,
ORD-1255,2023-03-17,2023-03,Q1-2023,P013,Headset Pro,Electronics,C014,Parisa Begum,Corporate,Dhaka,Corporate,Arif Khan,Online,2,72.69,0,0.0,145.38,119.0,26.38,Mobile Banking,Completed,2.9,
ORD-1760,2023-03-17,2023-03,Q1-2023,P008,Desk Lamp,Furniture,C014,Parisa Begum,Corporate,Dhaka,Corporate,Sabrina Noor,Online,20,21.8,0,0.0,436.0,306.0,130.0,Card,Completed,,
ORD-2459,2023-03-17,2023-03,Q1-2023,P009,Notebook Set,Stationery,C007,Tariq Hassan,Corporate,Khulna,Corporate,Sabrina Noor,Direct Sales,15,5.47,0,0.0,82.05,63.75,18.3,Mobile Banking,Completed,4.9,
ORD-1059,2023-03-18,2023-03,Q1-2023,P003,USB-C Hub,Electronics,C001,Ahmed Hossain,Corporate,Dhaka,Corporate,Arif Khan,In-Store,14,21.7,10,30.38,273.42,238.0,35.42,Mobile Banking,Completed,3.6,
ORD-2085,2023-03-18,2023-03,Q1-2023,P003,USB-C Hub,Electronics,C006,Sumaiya Akter,Individual,Dhaka,Individual,Arif Khan,Online,3,19.92,20,11.95,47.81,51.0,-3.19,Cash,Completed,3.4,Defective
ORD-2149,2023-03-18,2023-03,Q1-2023,P007,Standing Desk,Furniture,C010,Riya Sen,Barisal,Barisal,SMB,Sabrina Noor,Online,1,236.54,10,23.65,212.89,187.0,25.89,Mobile Banking,Completed,3.7,
ORD-2217,2023-03-18,2023-03,Q1-2023,P009,Notebook Set,Stationery,C006,Sumaiya Akter,Individual,Dhaka,Individual,Arif Khan,Online,3,5.5,15,2.48,14.02,12.75,1.27,Mobile Banking,Completed,,
ORD-1213,2023-03-19,2023-03,Q1-2023,P011,Whiteboard,Stationery,C013,Zahid Hasan,SMB,Sylhet,SMB,Rakib Islam,Direct Sales,3,26.77,15,12.05,68.26,63.75,4.51,Bank Transfer,Completed,4.7,
ORD-1537,2023-03-19,2023-03,Q1-2023,P014,Filing Cabinet,Furniture,C014,Parisa Begum,Dhaka,Dhaka,Corporate,Mohin Uddin,Direct Sales,18,91.28,0,0.0,1643.04,1377.0,266.04,Card,Pending,2.7,
ORD-1106,2023-03-20,2023-03,Q1-2023,P011,Whiteboard,Stationery,C014,Parisa Begum,Corporate,Dhaka,Corporate,Mohin Uddin,Online,3,28.36,10,8.51,76.57,63.75,12.82,Bank Transfer,Pending,3.3,
ORD-1573,2023-03-20,2023-03,Q1-2023,P015,Sticky Notes Bulk,Stationery,C001,Ahmed Hossain,Corporate,Dhaka,Corporate,Dilnoza Haque,Reseller,17,5.89,5,5.01,95.12,86.7,8.42,Mobile Banking,Completed,4.4,
ORD-1957,2023-03-22,2023-03,Q1-2023,P011,Whiteboard,Stationery,C008,Mitu Begum,SMB,Chittagong,SMB,Mohin Uddin,Reseller,18,31.14,0,0.0,560.52,382.5,178.02,Mobile Banking,Completed,3.6,
ORD-2219,2023-03-22,2023-03,Q1-2023,P004,Mechanical Keyboard,Electronics,C001,Ahmed Hossain,Corporate,Dhaka,Corporate,Mohin Uddin,Online,9,57.39,20,103.3,413.21,420.75,-7.54,Mobile Banking,Pending,2.8,
ORD-2296,2023-03-22,2023-03,Q1-2023,P010,Pen Pack,Stationery,C003,Rahim Uddin,Individual,Sylhet,Individual,Sabrina Noor,Reseller,1,3.19,0,0.0,3.19,2.55,0.64,Card,Returned,3.9,
ORD-1420,2023-03-23,2023-03,Q1-2023,P010,Pen Pack,Stationery,C010,Riya Sen,SMB,Barisal,SMB,Mohin Uddin,In-Store,1,3.07,10,0.31,2.76,2.55,0.21,Cash,Completed,,
ORD-1669,2023-03-23,2023-03,Q1-2023,P001,Laptop Pro 15,Electronics,C003,Rahim Uddin,Individual,Sylhet,Individual,Sabrina Noor,Online,12,879.69,0,0.0,10556.28,8160.0,2396.28,Card,Pending,3.6,Wrong Item
ORD-1719,2023-03-23,2023-03,Q1-2023,P002,Wireless Mouse,Electronics,C012,Shapna Das,Individual,Mymensingh,Individual,Arif Khan,Reseller,8,14.8,0,0.0,118.4,81.6,36.8,Bank Transfer,Completed,3.6,
ORD-1976,2023-03-23,2023-03,Q1-2023,P013,Headset Pro,Electronics,C001,Ahmed Hossain,Corporate,Dhaka,Corporate,Sabrina Noor,In-Store,15,78.4,0,0.0,1176.0,892.5,283.5,Card,Returned,,Changed Mind
ORD-2196,2023-03-23,2023-03,Q1-2023,P001,Laptop Pro 15,Electronics,C010,Riya Sen,SMB,Barisal,SMB,Arif Khan,Reseller,4,795.44,5,159.09,3022.67,2720.0,302.67,Mobile Banking,Completed,4.3,
ORD-1090,2023-03-24,2023-03,Q1-2023,P006,Office Chair,Furniture,C010,Riya Sen,SMB,Barisal,SMB,Mohin Uddin,Reseller,5,126.06,0,0.0,630.3,552.5,77.8,Bank Transfer,Pending,3.6,
ORD-2087,2023-03-25,2023-03,Q1-2023,P003,USB-C Hub,Electronics,C002,Farzana Islam,SMB,Chittagong,SMB,Sabrina Noor,Online,3,19.02,20,11.41,45.65,51.0,-5.35,Cash,Returned,3.8,
ORD-2344,2023-03-25,2023-03,Q1-2023,P014,Filing Cabinet,Furniture,C010,Riya Sen,Barisal,Barisal,SMB,Sabrina Noor,In-Store,19,94.16,5,89.45,1699.59,1453.5,246.09,Cash,Completed,4.1,
ORD-1207,2023-03-26,2023-03,Q1-2023,P010,Pen Pack,Stationery,C001,Ahmed Hossain,Corporate,Dhaka,Corporate,Rakib Islam,In-Store,8,3.11,0,0.0,24.88,20.4,4.48,Bank Transfer,Pending,4.4,
ORD-1317,2023-03-26,2023-03,Q1-2023,P002,Wireless Mouse,Electronics,C003,Rahim Uddin,Sylhet,Sylhet,Individual,Sabrina Noor,Direct Sales,18,13.32,15,35.96,203.8,183.6,20.2,Cash,Completed,4.3,
ORD-1812,2023-03-26,2023-03,Q1-2023,P006,Office Chair,Furniture,C009,Nasim Chowdhury,Individual,Dhaka,Individual,Arif Khan,Online,8,149.22,15,179.06,1014.7,884.0,130.7,Bank Transfer,Completed,4.2,
ORD-1572,2023-03-27,2023-03,Q1-2023,P005,Monitor 27in,Electronics,C008,Mitu Begum,SMB,Chittagong,SMB,Sabrina Noor,In-Store,14,194.75,20,545.3,2181.2,2380.0,-198.8,Mobile Banking,Completed,3.2,
ORD-1774,2023-03-27,2023-03,Q1-2023,P011,Whiteboard,Stationery,C007,Tariq Hassan,Khulna,Khulna,Corporate,Arif Khan,In-Store,17,27.13,15,69.18,392.03,361.25,30.78,Cash,Completed,3.2,
ORD-1907,2023-03-27,2023-03,Q1-2023,P002,Wireless Mouse,Electronics,C009,Nasim Chowdhury,Individual,Dhaka,Individual,Arif Khan,In-Store,6,12.15,5,3.65,69.25,61.2,8.05,Bank Transfer,Pending,3.8,
ORD-2080,2023-03-27,2023-03,Q1-2023,P006,Office Chair,Furniture,C010,Riya Sen,SMB,Barisal,SMB,Sabrina Noor,Reseller,16,124.12,10,198.59,1787.33,1768.0,19.33,Mobile Banking,Completed,5.0,Defective
ORD-1110,2023-03-28,2023-03,Q1-2023,P005,Monitor 27in,Electronics,C009,Nasim Chowdhury,Individual,Dhaka,Individual,Mohin Uddin,Online,13,228.61,0,0.0,2971.93,2210.0,761.93,Bank Transfer,Pending,3.4,
ORD-1471,2023-03-28,2023-03,Q1-2023,P015,Sticky Notes Bulk,Stationery,C011,Imran Ali,Dhaka,Dhaka,Corporate,Arif Khan,In-Store,15,7.02,0,0.0,105.3,76.5,28.8,Bank Transfer,Returned,,
ORD-1507,2023-03-30,2023-03,Q1-2023,P003,USB-C Hub,Electronics,C004,Nusrat Jahan,Corporate,Dhaka,Corporate,Rakib Islam,Online,10,21.85,20,43.7,174.8,170.0,4.8,Bank Transfer,Completed,,
ORD-1831,2023-03-30,2023-03,Q1-2023,P012,Webcam HD,Electronics,C005,Kamal Pasha,SMB,Rajshahi,SMB,Arif Khan,Reseller,5,49.95,0,0.0,249.75,170.0,79.75,Card,Completed,3.4,
ORD-1850,2023-03-30,2023-03,Q1-2023,P010,Pen Pack,Stationery,C001,Ahmed Hossain,Corporate,Dhaka,Corporate,Arif Khan,Reseller,4,3.03,20,2.42,9.7,10.2,-0.5,Bank Transfer,Pending,2.7,
ORD-1929,2023-03-30,2023-03,Q1-2023,P003,USB-C Hub,Electronics,C006,Sumaiya Akter,Individual,Dhaka,Individual,Arif Khan,In-Store,19,22.76,0,0.0,432.44,323.0,109.44,Mobile Banking,Returned,,
ORD-1253,2023-04-01,2023-04,Q2-2023,P014,Filing Cabinet,Furniture,C012,Shapna Das,Individual,Mymensingh,Individual,Arif Khan,Reseller,11,97.56,0,0.0,1073.16,841.5,231.66,Mobile Banking,Completed,2.6,
ORD-2092,2023-04-01,2023-04,Q2-2023,P006,Office Chair,Furniture,C010,Riya Sen,SMB,Barisal,SMB,Arif Khan,Reseller,12,150.72,10,180.86,1627.78,1326.0,301.78,Mobile Banking,Returned,4.5,
ORD-2379,2023-04-01,2023-04,Q2-2023,P013,Headset Pro,Electronics,C010,Riya Sen,Barisal,Barisal,SMB,Mohin Uddin,In-Store,14,68.86,5,48.2,915.84,833.0,82.84,Card,Returned,4.7,
ORD-2443,2023-04-01,2023-04,Q2-2023,P010,Pen Pack,Stationery,C013,Zahid Hasan,SMB,Sylhet,SMB,Rakib Islam,Online,17,3.68,5,3.13,59.43,43.35,16.08,Card,Completed,,
ORD-2464,2023-04-01,2023-04,Q2-2023,P007,Standing Desk,Furniture,C007,Tariq Hassan,Corporate,Khulna,Corporate,Arif Khan,Reseller,15,223.52,0,0.0,3352.8,2805.0,547.8,Mobile Banking,Returned,4.7,
ORD-1478,2023-04-02,2023-04,Q2-2023,P012,Webcam HD,Electronics,C011,Imran Ali,Corporate,Dhaka,Corporate,Dilnoza Haque,In-Store,19,48.64,5,46.21,877.95,646.0,231.95,Card,Completed,3.8,
ORD-1555,2023-04-02,2023-04,Q2-2023,P008,Desk Lamp,Furniture,C004,Nusrat Jahan,Dhaka,Dhaka,Corporate,Mohin Uddin,Direct Sales,9,20.89,0,0.0,188.01,137.7,50.31,Mobile Banking,Completed,,
ORD-1569,2023-04-02,2023-04,Q2-2023,P001,Laptop Pro 15,Electronics,C014,Parisa Begum,Corporate,Dhaka,Corporate,Sabrina Noor,Online,7,799.11,20,1118.75,4475.02,4760.0,-284.98,Mobile Banking,Returned,4.3,Wrong Item
ORD-2031,2023-04-02,2023-04,Q2-2023,P006,Office Chair,Furniture,C006,Sumaiya Akter,Individual,Dhaka,Individual,Sabrina Noor,Reseller,20,144.49,20,577.96,2311.84,2210.0,101.84,Mobile Banking,Completed,2.7,
ORD-1663,2023-04-04,2023-04,Q2-2023,P001,Laptop Pro 15,Electronics,C007,Tariq Hassan,Corporate,Khulna,Corporate,Arif Khan,In-Store,1,997.43,0,0.0,997.43,680.0,317.43,Cash,Completed,2.6,
ORD-2191,2023-04-05,2023-04,Q2-2023,P015,Sticky Notes Bulk,Stationery,C013,Zahid Hasan,SMB,Sylhet,SMB,Arif Khan,In-Store,5,7.49,0,0.0,37.45,25.5,11.95,Mobile Banking,Completed,4.8,
ORD-2272,2023-04-05,2023-04,Q2-2023,P005,Monitor 27in,Electronics,C015,Tanvir Ahmed,Individual,Rangpur,Individual,Sabrina Noor,Direct Sales,2,231.73,20,92.69,370.77,340.0,30.77,Cash,Completed,4.4,
ORD-2300,2023-04-05,2023-04,Q2-2023,P015,Sticky Notes Bulk,Stationery,C008,Mitu Begum,SMB,Chittagong,SMB,Sabrina Noor,Reseller,19,6.67,0,0.0,126.73,96.9,29.83,Bank Transfer,Completed,3.4,
ORD-2425,2023-04-05,2023-04,Q2-2023,P002,Wireless Mouse,Electronics,C001,Ahmed Hossain,Corporate,Dhaka,Corporate,Arif Khan,In-Store,13,14.7,0,0.0,191.1,132.6,58.5,Mobile Banking,Completed,3.9,
ORD-1018,2023-04-06,2023-04,Q2-2023,P015,Sticky Notes Bulk,Stationery,C013,Zahid Hasan,SMB,Sylhet,SMB,Dilnoza Haque,Online,8,6.0,5,2.4,45.6,40.8,4.8,Card,Returned,,
ORD-1214,2023-04-06,2023-04,Q2-2023,P012,Webcam HD,Electronics,C008,Mitu Begum,SMB,Chittagong,SMB,Sabrina Noor,Direct Sales,12,48.2,20,115.68,462.72,408.0,54.72,Card,Returned,4.6,
ORD-1256,2023-04-06,2023-04,Q2-2023,P006,Office Chair,Furniture,C010,Riya Sen,Barisal,Barisal,SMB,Sabrina Noor,Direct Sales,20,158.34,15,475.02,2691.78,2210.0,481.78,Card,Completed,,
ORD-1292,2023-04-06,2023-04,Q2-2023,P006,Office Chair,Furniture,C014,Parisa Begum,Corporate,Dhaka,Corporate,Dilnoza Haque,Reseller,11,130.63,5,71.85,1365.08,1215.5,149.58,Bank Transfer,Returned,4.1,
ORD-1376,2023-04-07,2023-04,Q2-2023,P009,Notebook Set,Stationery,C011,Imran Ali,Corporate,Dhaka,Corporate,Rakib Islam,In-Store,7,5.46,15,5.73,32.49,29.75,2.74,Cash,Pending,3.1,
ORD-1538,2023-04-08,2023-04,Q2-2023,P010,Pen Pack,Stationery,C006,Sumaiya Akter,Individual,Dhaka,Individual,Dilnoza Haque,In-Store,9,2.91,20,5.24,20.95,22.95,-2.0,Mobile Banking,Completed,3.3,
ORD-2267,2023-04-08,2023-04,Q2-2023,P008,Desk Lamp,Furniture,C009,Nasim Chowdhury,Individual,Dhaka,Individual,Arif Khan,Online,14,21.31,15,44.75,253.59,214.2,39.39,Card,Completed,5.0,
ORD-1941,2023-04-09,2023-04,Q2-2023,P007,Standing Desk,Furniture,C003,Rahim Uddin,Individual,Sylhet,Individual,Rakib Islam,Reseller,11,259.36,0,0.0,2852.96,2057.0,795.96,Bank Transfer,Pending,2.7,
ORD-2045,2023-04-09,2023-04,Q2-2023,P005,Monitor 27in,Electronics,C006,Sumaiya Akter,Individual,Dhaka,Individual,Sabrina Noor,Reseller,6,232.44,0,0.0,1394.64,1020.0,374.64,Bank Transfer,Completed,5.0,
ORD-1736,2023-04-10,2023-04,Q2-2023,P011,Whiteboard,Stationery,C001,Ahmed Hossain,Corporate,Dhaka,Corporate,Rakib Islam,Reseller,18,29.53,0,0.0,531.54,382.5,149.04,Card,Completed,3.5,Wrong Item
ORD-1091,2023-04-12,2023-04,Q2-2023,P013,Headset Pro,Electronics,C012,Shapna Das,Individual,Mymensingh,Individual,Mohin Uddin,In-Store,4,84.41,15,50.65,286.99,238.0,48.99,Bank Transfer,Returned,3.5,
ORD-1071,2023-04-13,2023-04,Q2-2023,P014,Filing Cabinet,Furniture,C014,Parisa Begum,Dhaka,Dhaka,Corporate,Sabrina Noor,Direct Sales,15,88.19,5,66.14,1256.71,1147.5,109.21,Card,Completed,4.9,
ORD-2275,2023-04-13,2023-04,Q2-2023,P003,USB-C Hub,Electronics,C013,Zahid Hasan,SMB,Sylhet,SMB,Dilnoza Haque,In-Store,7,20.52,0,0.0,143.64,119.0,24.64,Bank Transfer,Pending,,
ORD-2454,2023-04-13,2023-04,Q2-2023,P013,Headset Pro,Electronics,C008,Mitu Begum,SMB,Chittagong,SMB,Arif Khan,Reseller,7,84.24,5,29.48,560.2,416.5,143.7,Mobile Banking,Completed,4.2,
ORD-1290,2023-04-14,2023-04,Q2-2023,P015,Sticky Notes Bulk,Stationery,C005,Kamal Pasha,SMB,Rajshahi,SMB,Arif Khan,Online,8,6.52,0,0.0,52.16,40.8,11.36,Card,Completed,3.4,
ORD-1219,2023-04-15,2023-04,Q2-2023,P002,Wireless Mouse,Electronics,C006,Sumaiya Akter,Individual,Dhaka,Individual,Sabrina Noor,In-Store,12,14.57,0,0.0,174.84,122.4,52.44,Cash,Pending,4.0,
ORD-2265,2023-04-15,2023-04,Q2-2023,P002,Wireless Mouse,Electronics,C002,Farzana Islam,SMB,Chittagong,SMB,Arif Khan,Online,20,13.04,5,13.04,247.76,204.0,43.76,Card,Completed,4.1,
ORD-1629,2023-04-16,2023-04,Q2-2023,P001,Laptop Pro 15,Electronics,C010,Riya Sen,SMB,Barisal,SMB,Mohin Uddin,In-Store,3,902.29,20,541.37,2165.5,2040.0,125.5,Mobile Banking,Completed,4.3,
ORD-1863,2023-04-17,2023-04,Q2-2023,P001,Laptop Pro 15,Electronics,C006,Sumaiya Akter,Individual,Dhaka,Individual,Arif Khan,In-Store,14,929.32,10,1301.05,11709.43,9520.0,2189.43,Card,Pending,4.4,
ORD-1968,2023-04-17,2023-04,Q2-2023,P003,USB-C Hub,Electronics,C014,Parisa Begum,Corporate,Dhaka,Corporate,Arif Khan,In-Store,9,23.55,10,21.2,190.75,153.0,37.75,Mobile Banking,Returned,2.9,
ORD-1910,2023-04-18,2023-04,Q2-2023,P007,Standing Desk,Furniture,C012,Shapna Das,Mymensingh,Mymensingh,Individual,Mohin Uddin,Online,3,233.8,20,140.28,561.12,561.0,0.12,Card,Completed,4.9,
ORD-2390,2023-04-18,2023-04,Q2-2023,P013,Headset Pro,Electronics,C004,Nusrat Jahan,Corporate,Dhaka,Corporate,Rakib Islam,Direct Sales,11,79.57,5,43.76,831.51,654.5,177.01,Card,Pending,4.0,
ORD-1475,2023-04-19,2023-04,Q2-2023,P002,Wireless Mouse,Electronics,C008,Mitu Begum,Chittagong,Chittagong,SMB,Sabrina Noor,Direct Sales,20,14.28,0,0.0,285.6,204.0,81.6,Mobile Banking,Returned,4.9,
ORD-1692,2023-04-19,2023-04,Q2-2023,P007,Standing Desk,Furniture,C012,Shapna Das,Individual,Mymensingh,Individual,Rakib Islam,In-Store,1,219.58,0,0.0,219.58,187.0,32.58,Mobile Banking,Returned,4.2,
ORD-1522,2023-04-20,2023-04,Q2-2023,P003,USB-C Hub,Electronics,C014,Parisa Begum,Corporate,Dhaka,Corporate,Sabrina Noor,Direct Sales,12,24.89,5,14.93,283.75,204.0,79.75,Cash,Completed,,
ORD-2116,2023-04-20,2023-04,Q2-2023,P012,Webcam HD,Electronics,C015,Tanvir Ahmed,Individual,Rangpur,Individual,Rakib Islam,In-Store,7,40.4,10,28.28,254.52,238.0,16.52,Mobile Banking,Completed,4.1,
ORD-2232,2023-04-20,2023-04,Q2-2023,P004,Mechanical Keyboard,Electronics,C015,Tanvir Ahmed,Individual,Rangpur,Individual,Mohin Uddin,In-Store,10,56.41,0,0.0,564.1,467.5,96.6,Bank Transfer,Pending,,Changed Mind
ORD-2268,2023-04-20,2023-04,Q2-2023,P006,Office Chair,Furniture,C013,Zahid Hasan,SMB,Sylhet,SMB,Mohin Uddin,Online,14,127.87,0,0.0,1790.18,1547.0,243.18,Card,Returned,4.1,
ORD-1776,2023-04-21,2023-04,Q2-2023,P015,Sticky Notes Bulk,Stationery,C015,Tanvir Ahmed,Individual,Rangpur,Individual,Arif Khan,Reseller,13,7.08,0,0.0,92.04,66.3,25.74,Mobile Banking,Pending,4.3,
ORD-2158,2023-04-21,2023-04,Q2-2023,P009,Notebook Set,Stationery,C009,Nasim Chowdhury,Individual,Dhaka,Individual,Dilnoza Haque,In-Store,9,4.94,0,0.0,44.46,38.25,6.21,Cash,Pending,,
ORD-2320,2023-04-21,2023-04,Q2-2023,P006,Office Chair,Furniture,C014,Parisa Begum,Corporate,Dhaka,Corporate,Rakib Islam,In-Store,11,131.39,0,0.0,1445.29,1215.5,229.79,Bank Transfer,Returned,4.9,
ORD-1765,2023-04-22,2023-04,Q2-2023,P002,Wireless Mouse,Electronics,C002,Farzana Islam,SMB,Chittagong,SMB,Sabrina Noor,Reseller,12,13.57,20,32.57,130.27,122.4,7.87,Card,Pending,,
ORD-1874,2023-04-22,2023-04,Q2-2023,P002,Wireless Mouse,Electronics,C009,Nasim Chowdhury,Individual,Dhaka,Individual,Rakib Islam,Reseller,15,11.81,0,0.0,177.15,153.0,24.15,Bank Transfer,Completed,4.7,
ORD-1823,2023-04-23,2023-04,Q2-2023,P001,Laptop Pro 15,Electronics,C014,Parisa Begum,Corporate,Dhaka,Corporate,Mohin Uddin,In-Store,1,896.14,0,0.0,896.14,680.0,216.14,Card,Completed,,
ORD-1118,2023-04-24,2023-04,Q2-2023,P013,Headset Pro,Electronics,C005,Kamal Pasha,SMB,Rajshahi,SMB,Mohin Uddin,Direct Sales,8,72.82,0,0.0,582.56,476.0,106.56,Cash,Completed,3.7,
ORD-1762,2023-04-24,2023-04,Q2-2023,P003,USB-C Hub,Electronics,C001,Ahmed Hossain,Corporate,Dhaka,Corporate,Arif Khan,Direct Sales,2,22.63,0,0.0,45.26,34.0,11.26,Bank Transfer,Returned,4.6,Changed Mind
ORD-1208,2023-04-26,2023-04,Q2-2023,P010,Pen Pack,Stationery,C002,Farzana Islam,SMB,Chittagong,SMB,Mohin Uddin,Online,9,3.55,20,6.39,25.56,22.95,2.61,Bank Transfer,Pending,3.6,
ORD-1293,2023-04-26,2023-04,Q2-2023,P003,USB-C Hub,Electronics,C012,Shapna Das,Individual,Mymensingh,Individual,Dilnoza Haque,Direct Sales,2,24.89,20,9.96,39.82,34.0,5.82,Bank Transfer,Completed,4.4,
ORD-2121,2023-04-26,2023-04,Q2-2023,P002,Wireless Mouse,Electronics,C012,Shapna Das,Individual,Mymensingh,Individual,Rakib Islam,Reseller,8,13.04,10,10.43,93.89,81.6,12.29,Cash,Pending,4.3,
ORD-1067,2023-04-27,2023-04,Q2-2023,P008,Desk Lamp,Furniture,C002,Farzana Islam,SMB,Chittagong,SMB,Rakib Islam,Direct Sales,5,19.79,15,14.84,84.11,76.5,7.61,Bank Transfer,Returned,3.9,
ORD-1046,2023-04-28,2023-04,Q2-2023,P010,Pen Pack,Stationery,C004,Nusrat Jahan,Corporate,Dhaka,Corporate,Mohin Uddin,Online,15,3.48,20,10.44,41.76,38.25,3.51,Card,Completed,,
ORD-1659,2023-04-28,2023-04,Q2-2023,P012,Webcam HD,Electronics,C015,Tanvir Ahmed,Individual,Rangpur,Individual,Dilnoza Haque,Online,5,41.93,15,31.45,178.2,170.0,8.2,Cash,Pending,4.3,
ORD-1199,2023-04-29,2023-04,Q2-2023,P014,Filing Cabinet,Furniture,C012,Shapna Das,Individual,Mymensingh,Individual,Sabrina Noor,Direct Sales,5,94.9,0,0.0,474.5,382.5,92.0,Mobile Banking,Returned,,
ORD-1564,2023-04-29,2023-04,Q2-2023,P015,Sticky Notes Bulk,Stationery,C015,Tanvir Ahmed,Individual,Rangpur,Individual,Mohin Uddin,Direct Sales,16,5.77,0,0.0,92.32,81.6,10.72,Bank Transfer,Returned,,
ORD-2060,2023-04-29,2023-04,Q2-2023,P003,USB-C Hub,Electronics,C015,Tanvir Ahmed,Individual,Rangpur,Individual,Rakib Islam,Direct Sales,16,19.4,10,31.04,279.36,272.0,7.36,Mobile Banking,Pending,4.6,
ORD-1680,2023-04-30,2023-04,Q2-2023,P013,Headset Pro,Electronics,C002,Farzana Islam,SMB,Chittagong,SMB,Arif Khan,In-Store,13,74.85,10,97.31,875.74,773.5,102.24,Bank Transfer,Completed,3.1,
ORD-1705,2023-04-30,2023-04,Q2-2023,P002,Wireless Mouse,Electronics,C002,Farzana Islam,SMB,Chittagong,SMB,Mohin Uddin,Direct Sales,16,13.71,10,21.94,197.42,163.2,34.22,Mobile Banking,Completed,3.0,
ORD-1288,2023-05-01,2023-05,Q2-2023,P005,Monitor 27in,Electronics,C002,Farzana Islam,SMB,Chittagong,SMB,Rakib Islam,In-Store,4,219.86,10,87.94,791.5,680.0,111.5,Mobile Banking,Returned,2.6,
ORD-1480,2023-05-01,2023-05,Q2-2023,P009,Notebook Set,Stationery,C002,Farzana Islam,SMB,Chittagong,SMB,Mohin Uddin,In-Store,20,5.29,20,21.16,84.64,85.0,-0.36,Bank Transfer,Completed,3.0,
ORD-1426,2023-05-02,2023-05,Q2-2023,P001,Laptop Pro 15,Electronics,C008,Mitu Begum,SMB,Chittagong,SMB,Dilnoza Haque,Direct Sales,4,936.99,0,0.0,3747.96,2720.0,1027.96,Cash,Completed,4.5,
ORD-2359,2023-05-02,2023-05,Q2-2023,P013,Headset Pro,Electronics,C013,Zahid Hasan,Sylhet,Sylhet,SMB,Dilnoza Haque,In-Store,17,69.08,0,0.0,1174.36,1011.5,162.86,Cash,Returned,4.4,
ORD-1021,2023-05-03,2023-05,Q2-2023,P015,Sticky Notes Bulk,Stationery,C010,Riya Sen,SMB,Barisal,SMB,Dilnoza Haque,Reseller,8,6.74,0,0.0,53.92,40.8,13.12,Mobile Banking,Completed,3.3,
ORD-1378,2023-05-03,2023-05,Q2-2023,P007,Standing Desk,Furniture,C013,Zahid Hasan,SMB,Sylhet,SMB,Dilnoza Haque,In-Store,8,209.59,0,0.0,1676.72,1496.0,180.72,Mobile Banking,Completed,3.7,
ORD-2061,2023-05-03,2023-05,Q2-2023,P007,Standing Desk,Furniture,C014,Parisa Begum,Corporate,Dhaka,Corporate,Sabrina Noor,In-Store,7,271.71,10,190.2,1711.77,1309.0,402.77,Cash,Returned,2.8,
ORD-2115,2023-05-03,2023-05,Q2-2023,P011,Whiteboard,Stationery,C005,Kamal Pasha,SMB,Rajshahi,SMB,Mohin Uddin,Direct Sales,15,23.97,10,35.95,323.6,318.75,4.85,Card,Completed,,
ORD-1545,2023-05-04,2023-05,Q2-2023,P009,Notebook Set,Stationery,C011,Imran Ali,Corporate,Dhaka,Corporate,Arif Khan,In-Store,19,6.17,10,11.72,105.51,80.75,24.76,Cash,Completed,4.0,
ORD-1921,2023-05-04,2023-05,Q2-2023,P009,Notebook Set,Stationery,C015,Tanvir Ahmed,Rangpur,Rangpur,Individual,Rakib Islam,Direct Sales,14,5.73,0,0.0,80.22,59.5,20.72,Mobile Banking,Returned,3.9,Wrong Item
ORD-1840,2023-05-05,2023-05,Q2-2023,P005,Monitor 27in,Electronics,C007,Tariq Hassan,Corporate,Khulna,Corporate,Mohin Uddin,Reseller,16,248.96,20,796.67,3186.69,2720.0,466.69,Bank Transfer,Pending,,
ORD-2210,2023-05-05,2023-05,Q2-2023,P009,Notebook Set,Stationery,C013,Zahid Hasan,SMB,Sylhet,SMB,Mohin Uddin,Reseller,18,5.45,0,0.0,98.1,76.5,21.6,Cash,Completed,3.4,
ORD-2297,2023-05-05,2023-05,Q2-2023,P004,Mechanical Keyboard,Electronics,C004,Nusrat Jahan,Corporate,Dhaka,Corporate,Rakib Islam,Reseller,15,53.48,15,120.33,681.87,701.25,-19.38,Cash,Completed,3.3,
ORD-1139,2023-05-06,2023-05,Q2-2023,P005,Monitor 27in,Electronics,C008,Mitu Begum,SMB,Chittagong,SMB,Dilnoza Haque,Direct Sales,8,198.45,0,0.0,1587.6,1360.0,227.6,Card,Completed,4.8,
ORD-1803,2023-05-06,2023-05,Q2-2023,P001,Laptop Pro 15,Electronics,C006,Sumaiya Akter,Individual,Dhaka,Individual,Rakib Islam,In-Store,1,932.03,0,0.0,932.03,680.0,252.03,Cash,Returned,3.0,
ORD-1828,2023-05-06,2023-05,Q2-2023,P007,Standing Desk,Furniture,C013,Zahid Hasan,SMB,Sylhet,SMB,Rakib Islam,Online,15,246.4,20,739.2,2956.8,2805.0,151.8,Cash,Returned,2.9,
ORD-2197,2023-05-06,2023-05,Q2-2023,P015,Sticky Notes Bulk,Stationery,C011,Imran Ali,Corporate,Dhaka,Corporate,Sabrina Noor,Direct Sales,18,7.01,0,0.0,126.18,91.8,34.38,Cash,Completed,,
ORD-2257,2023-05-06,2023-05,Q2-2023,P014,Filing Cabinet,Furniture,C007,Tariq Hassan,Corporate,Khulna,Corporate,Mohin Uddin,Online,9,108.04,0,0.0,972.36,688.5,283.86,Mobile Banking,Completed,4.1,
ORD-1959,2023-05-07,2023-05,Q2-2023,P002,Wireless Mouse,Electronics,C007,Tariq Hassan,Corporate,Khulna,Corporate,Sabrina Noor,In-Store,7,12.16,0,0.0,85.12,71.4,13.72,Bank Transfer,Pending,4.4,
ORD-2227,2023-05-07,2023-05,Q2-2023,P014,Filing Cabinet,Furniture,C006,Sumaiya Akter,Individual,Dhaka,Individual,Rakib Islam,Direct Sales,11,111.89,5,61.54,1169.25,841.5,327.75,Card,Completed,3.4,Wrong Item
ORD-1115,2023-05-08,2023-05,Q2-2023,P005,Monitor 27in,Electronics,C002,Farzana Islam,SMB,Chittagong,SMB,Dilnoza Haque,Online,6,206.37,10,123.82,1114.4,1020.0,94.4,Card,Returned,4.8,
ORD-1510,2023-05-08,2023-05,Q2-2023,P011,Whiteboard,Stationery,C011,Imran Ali,Corporate,Dhaka,Corporate,Sabrina Noor,Online,10,26.88,5,13.44,255.36,212.5,42.86,Cash,Completed,4.9,
ORD-1596,2023-05-08,2023-05,Q2-2023,P008,Desk Lamp,Furniture,C005,Kamal Pasha,SMB,Rajshahi,SMB,Sabrina Noor,In-Store,19,21.08,5,20.03,380.49,290.7,89.79,Mobile Banking,Completed,4.5,
ORD-1870,2023-05-08,2023-05,Q2-2023,P005,Monitor 27in,Electronics,C010,Riya Sen,SMB,Barisal,SMB,Dilnoza Haque,Online,11,240.16,20,528.35,2113.41,1870.0,243.41,Bank Transfer,Completed,4.9,
ORD-2161,2023-05-08,2023-05,Q2-2023,P002,Wireless Mouse,Electronics,C004,Nusrat Jahan,Corporate,Dhaka,Corporate,Sabrina Noor,In-Store,14,12.2,5,8.54,162.26,142.8,19.46,Mobile Banking,Completed,,
ORD-1880,2023-05-09,2023-05,Q2-2023,P015,Sticky Notes Bulk,Stationery,C009,Nasim Chowdhury,Individual,Dhaka,Individual,Sabrina Noor,Reseller,8,7.1,5,2.84,53.96,40.8,13.16,Mobile Banking,Completed,2.7,
ORD-2394,2023-05-09,2023-05,Q2-2023,P002,Wireless Mouse,Electronics,C009,Nasim Chowdhury,Individual,Dhaka,Individual,Dilnoza Haque,Direct Sales,19,12.34,0,0.0,234.46,193.8,40.66,Cash,Completed,,
ORD-1594,2023-05-10,2023-05,Q2-2023,P009,Notebook Set,Stationery,C009,Nasim Chowdhury,Individual,Dhaka,Individual,Mohin Uddin,Reseller,10,5.07,10,5.07,45.63,42.5,3.13,Card,Completed,,
ORD-2456,2023-05-10,2023-05,Q2-2023,P001,Laptop Pro 15,Electronics,C015,Tanvir Ahmed,Individual,Rangpur,Individual,Rakib Islam,Online,7,862.82,10,603.97,5435.77,4760.0,675.77,Cash,Pending,4.0,
ORD-1562,2023-05-11,2023-05,Q2-2023,P008,Desk Lamp,Furniture,C014,Parisa Begum,Corporate,Dhaka,Corporate,Rakib Islam,Reseller,9,21.14,5,9.51,180.75,137.7,43.05,Mobile Banking,Returned,3.3,Wrong Item
ORD-1729,2023-05-11,2023-05,Q2-2023,P006,Office Chair,Furniture,C013,Zahid Hasan,SMB,Sylhet,SMB,Dilnoza Haque,In-Store,13,143.07,15,278.99,1580.92,1436.5,144.42,Cash,Completed,2.8,
ORD-1242,2023-05-12,2023-05,Q2-2023,P002,Wireless Mouse,Electronics,C015,Tanvir Ahmed,Rangpur,Rangpur,Individual,Mohin Uddin,Direct Sales,11,11.84,5,6.51,123.73,112.2,11.53,Bank Transfer,Returned,,
ORD-2225,2023-05-12,2023-05,Q2-2023,P010,Pen Pack,Stationery,C003,Rahim Uddin,Individual,Sylhet,Individual,Arif Khan,In-Store,19,2.96,15,8.44,47.8,48.45,-0.65,Card,Completed,4.2,
ORD-1134,2023-05-13,2023-05,Q2-2023,P007,Standing Desk,Furniture,C009,Nasim Chowdhury,Individual,Dhaka,Individual,Sabrina Noor,In-Store,2,263.87,10,52.77,474.97,374.0,100.97,Mobile Banking,Completed,4.9,Defective
ORD-1899,2023-05-13,2023-05,Q2-2023,P010,Pen Pack,Stationery,C009,Nasim Chowdhury,Individual,Dhaka,Individual,Arif Khan,Reseller,1,3.71,0,0.0,3.71,2.55,1.16,Mobile Banking,Pending,,
ORD-2348,2023-05-13,2023-05,Q2-2023,P015,Sticky Notes Bulk,Stationery,C003,Rahim Uddin,Sylhet,Sylhet,Individual,Sabrina Noor,Reseller,2,5.92,15,1.78,10.06,10.2,-0.14,Bank Transfer,Completed,,
ORD-1087,2023-05-14,2023-05,Q2-2023,P009,Notebook Set,Stationery,C005,Kamal Pasha,Rajshahi,Rajshahi,SMB,Arif Khan,Reseller,6,4.91,20,5.89,23.57,25.5,-1.93,Card,Pending,2.9,
ORD-1653,2023-05-14,2023-05,Q2-2023,P014,Filing Cabinet,Furniture,C004,Nusrat Jahan,Corporate,Dhaka,Corporate,Sabrina Noor,Reseller,10,97.17,15,145.75,825.95,765.0,60.95,Card,Pending,3.6,
ORD-1814,2023-05-14,2023-05,Q2-2023,P004,Mechanical Keyboard,Electronics,C015,Tanvir Ahmed,Individual,Rangpur,Individual,Mohin Uddin,In-Store,12,58.61,5,35.17,668.15,561.0,107.15,Bank Transfer,Completed,,
ORD-2476,2023-05-14,2023-05,Q2-2023,P009,Notebook Set,Stationery,C002,Farzana Islam,SMB,Chittagong,SMB,Dilnoza Haque,In-Store,14,5.25,0,0.0,73.5,59.5,14.0,Cash,Completed,4.5,
ORD-1022,2023-05-15,2023-05,Q2-2023,P011,Whiteboard,Stationery,C011,Imran Ali,Corporate,Dhaka,Corporate,Arif Khan,Direct Sales,10,27.18,20,54.36,217.44,212.5,4.94,Cash,Completed,3.8,
ORD-1212,2023-05-16,2023-05,Q2-2023,P004,Mechanical Keyboard,Electronics,C003,Rahim Uddin,Individual,Sylhet,Individual,Dilnoza Haque,Direct Sales,11,65.92,20,145.02,580.1,514.25,65.85,Card,Pending,4.1,
ORD-1218,2023-05-16,2023-05,Q2-2023,P010,Pen Pack,Stationery,C004,Nusrat Jahan,Dhaka,Dhaka,Corporate,Rakib Islam,Online,17,3.46,0,0.0,58.82,43.35,15.47,Bank Transfer,Completed,3.1,
ORD-1236,2023-05-17,2023-05,Q2-2023,P011,Whiteboard,Stationery,C014,Parisa Begum,Dhaka,Dhaka,Corporate,Sabrina Noor,In-Store,13,24.31,10,31.6,284.43,276.25,8.18,Mobile Banking,Completed,4.8,
ORD-1849,2023-05-17,2023-05,Q2-2023,P011,Whiteboard,Stationery,C010,Riya Sen,SMB,Barisal,SMB,Rakib Islam,In-Store,18,25.25,0,0.0,454.5,382.5,72.0,Card,Completed,3.8,
ORD-2183,2023-05-17,2023-05,Q2-2023,P004,Mechanical Keyboard,Electronics,C007,Tariq Hassan,Corporate,Khulna,Corporate,Sabrina Noor,Direct Sales,19,55.45,20,210.71,842.84,888.25,-45.41,Mobile Banking,Completed,,
ORD-1156,2023-05-18,2023-05,Q2-2023,P014,Filing Cabinet,Furniture,C009,Nasim Chowdhury,Individual,Dhaka,Individual,Sabrina Noor,Direct Sales,15,92.87,20,278.61,1114.44,1147.5,-33.06,Mobile Banking,Completed,,
ORD-1711,2023-05-18,2023-05,Q2-2023,P010,Pen Pack,Stationery,C009,Nasim Chowdhury,Individual,Dhaka,Individual,Mohin Uddin,Direct Sales,7,3.38,0,0.0,23.66,17.85,5.81,Cash,Pending,3.5,
ORD-2351,2023-05-18,2023-05,Q2-2023,P003,USB-C Hub,Electronics,C010,Riya Sen,SMB,Barisal,SMB,Mohin Uddin,In-Store,10,21.25,0,0.0,212.5,170.0,42.5,Mobile Banking,Completed,4.6,
ORD-1523,2023-05-20,2023-05,Q2-2023,P008,Desk Lamp,Furniture,C013,Zahid Hasan,SMB,Sylhet,SMB,Arif Khan,Reseller,12,20.91,10,25.09,225.83,183.6,42.23,Bank Transfer,Completed,3.6,
ORD-1720,2023-05-20,2023-05,Q2-2023,P008,Desk Lamp,Furniture,C008,Mitu Begum,SMB,Chittagong,SMB,Arif Khan,Direct Sales,17,20.8,15,53.04,300.56,260.1,40.46,Cash,Pending,,
ORD-1152,2023-05-21,2023-05,Q2-2023,P002,Wireless Mouse,Electronics,C010,Riya Sen,SMB,Barisal,SMB,Mohin Uddin,In-Store,19,12.26,0,0.0,232.94,193.8,39.14,Card,Completed,,
ORD-1476,2023-05-21,2023-05,Q2-2023,P006,Office Chair,Furniture,C014,Parisa Begum,Corporate,Dhaka,Corporate,Arif Khan,Online,7,153.3,10,107.31,965.79,773.5,192.29,Mobile Banking,Completed,2.9,
ORD-2112,2023-05-21,2023-05,Q2-2023,P009,Notebook Set,Stationery,C006,Sumaiya Akter,Individual,Dhaka,Individual,Arif Khan,Reseller,11,5.33,15,8.79,49.84,46.75,3.09,Bank Transfer,Completed,4.2,
ORD-2127,2023-05-21,2023-05,Q2-2023,P006,Office Chair,Furniture,C015,Tanvir Ahmed,Individual,Rangpur,Individual,Sabrina Noor,Online,12,148.67,5,89.2,1694.84,1326.0,368.84,Mobile Banking,Pending,5.0,
ORD-2145,2023-05-21,2023-05,Q2-2023,P006,Office Chair,Furniture,C015,Tanvir Ahmed,Individual,Rangpur,Individual,Dilnoza Haque,Direct Sales,8,157.06,20,251.3,1005.18,884.0,121.18,Bank Transfer,Completed,,
ORD-2218,2023-05-21,2023-05,Q2-2023,P015,Sticky Notes Bulk,Stationery,C009,Nasim Chowdhury,Individual,Dhaka,Individual,Arif Khan,Reseller,20,6.78,0,0.0,135.6,102.0,33.6,Mobile Banking,Completed,3.0,
ORD-2341,2023-05-22,2023-05,Q2-2023,P010,Pen Pack,Stationery,C009,Nasim Chowdhury,Dhaka,Dhaka,Individual,Arif Khan,In-Store,17,3.07,0,0.0,52.19,43.35,8.84,Mobile Banking,Returned,4.3,
ORD-1132,2023-05-23,2023-05,Q2-2023,P004,Mechanical Keyboard,Electronics,C013,Zahid Hasan,SMB,Sylhet,SMB,Dilnoza Haque,In-Store,16,52.68,10,84.29,758.59,748.0,10.59,Cash,Completed,5.0,
ORD-1833,2023-05-23,2023-05,Q2-2023,P011,Whiteboard,Stationery,C013,Zahid Hasan,SMB,Sylhet,SMB,Rakib Islam,Reseller,7,25.63,5,8.97,170.44,148.75,21.69,Cash,Completed,4.1,
ORD-2431,2023-05-23,2023-05,Q2-2023,P002,Wireless Mouse,Electronics,C013,Zahid Hasan,SMB,Sylhet,SMB,Arif Khan,Direct Sales,15,12.7,10,19.05,171.45,153.0,18.45,Bank Transfer,Returned,2.7,
ORD-2200,2023-05-24,2023-05,Q2-2023,P004,Mechanical Keyboard,Electronics,C009,Nasim Chowdhury,Individual,Dhaka,Individual,Sabrina Noor,Direct Sales,20,60.42,0,0.0,1208.4,935.0,273.4,Cash,Completed,4.3,
ORD-1401,2023-05-25,2023-05,Q2-2023,P012,Webcam HD,Electronics,C012,Shapna Das,Individual,Mymensingh,Individual,Rakib Islam,In-Store,1,42.52,15,6.38,36.14,34.0,2.14,Cash,Completed,4.2,
ORD-1415,2023-05-26,2023-05,Q2-2023,P008,Desk Lamp,Furniture,C014,Parisa Begum,Corporate,Dhaka,Corporate,Mohin Uddin,In-Store,15,17.59,10,26.39,237.46,229.5,7.96,Bank Transfer,Returned,2.6,
ORD-2285,2023-05-26,2023-05,Q2-2023,P015,Sticky Notes Bulk,Stationery,C012,Shapna Das,Mymensingh,Mymensingh,Individual,Sabrina Noor,Direct Sales,19,6.8,0,0.0,129.2,96.9,32.3,Mobile Banking,Pending,3.6,
ORD-1654,2023-05-27,2023-05,Q2-2023,P008,Desk Lamp,Furniture,C002,Farzana Islam,SMB,Chittagong,SMB,Mohin Uddin,Direct Sales,13,20.37,0,0.0,264.81,198.9,65.91,Bank Transfer,Returned,4.3,
ORD-2069,2023-05-28,2023-05,Q2-2023,P001,Laptop Pro 15,Electronics,C008,Mitu Begum,SMB,Chittagong,SMB,Dilnoza Haque,In-Store,14,930.56,10,1302.78,11725.06,9520.0,2205.06,Mobile Banking,Completed,3.6,
ORD-2089,2023-05-28,2023-05,Q2-2023,P015,Sticky Notes Bulk,Stationery,C009,Nasim Chowdhury,Individual,Dhaka,Individual,Arif Khan,In-Store,19,7.45,15,21.23,120.32,96.9,23.42,Card,Completed,3.1,
ORD-1418,2023-05-29,2023-05,Q2-2023,P003,USB-C Hub,Electronics,C013,Zahid Hasan,SMB,Sylhet,SMB,Dilnoza Haque,Reseller,2,21.52,0,0.0,43.04,34.0,9.04,Card,Completed,4.9,
ORD-1697,2023-05-29,2023-05,Q2-2023,P014,Filing Cabinet,Furniture,C005,Kamal Pasha,SMB,Rajshahi,SMB,Rakib Islam,In-Store,8,99.0,5,39.6,752.4,612.0,140.4,Cash,Pending,3.8,
ORD-1151,2023-05-30,2023-05,Q2-2023,P005,Monitor 27in,Electronics,C001,Ahmed Hossain,Corporate,Dhaka,Corporate,Dilnoza Haque,Reseller,10,247.32,0,0.0,2473.2,1700.0,773.2,Bank Transfer,Completed,3.8,Changed Mind
ORD-1359,2023-05-30,2023-05,Q2-2023,P013,Headset Pro,Electronics,C012,Shapna Das,Individual,Mymensingh,Individual,Dilnoza Haque,In-Store,5,76.43,0,0.0,382.15,297.5,84.65,Mobile Banking,Returned,3.9,
ORD-1399,2023-05-30,2023-05,Q2-2023,P008,Desk Lamp,Furniture,C001,Ahmed Hossain,Corporate,Dhaka,Corporate,Arif Khan,Online,8,18.18,0,0.0,145.44,122.4,23.04,Cash,Completed,4.8,Changed Mind
ORD-1733,2023-05-30,2023-05,Q2-2023,P007,Standing Desk,Furniture,C001,Ahmed Hossain,Dhaka,Dhaka,Corporate,Dilnoza Haque,Reseller,20,222.18,20,888.72,3554.88,3740.0,-185.12,Card,Completed,3.7,
ORD-2287,2023-05-30,2023-05,Q2-2023,P013,Headset Pro,Electronics,C004,Nusrat Jahan,Corporate,Dhaka,Corporate,Arif Khan,Reseller,17,73.09,0,0.0,1242.53,1011.5,231.03,Card,Completed,2.9,
ORD-2374,2023-05-31,2023-05,Q2-2023,P015,Sticky Notes Bulk,Stationery,C002,Farzana Islam,SMB,Chittagong,SMB,Mohin Uddin,Reseller,3,7.46,0,0.0,22.38,15.3,7.08,Cash,Completed,4.8,Changed Mind
ORD-1565,2023-06-01,2023-06,Q2-2023,P002,Wireless Mouse,Electronics,C006,Sumaiya Akter,Individual,Dhaka,Individual,Sabrina Noor,Reseller,3,12.13,0,0.0,36.39,30.6,5.79,Card,Pending,2.5,
ORD-1881,2023-06-01,2023-06,Q2-2023,P010,Pen Pack,Stationery,C008,Mitu Begum,Chittagong,Chittagong,SMB,Arif Khan,Direct Sales,7,3.66,5,1.28,24.34,17.85,6.49,Mobile Banking,Pending,3.7,
ORD-1939,2023-06-01,2023-06,Q2-2023,P004,Mechanical Keyboard,Electronics,C015,Tanvir Ahmed,Individual,Rangpur,Individual,Sabrina Noor,Direct Sales,6,57.22,0,0.0,343.32,280.5,62.82,Cash,Completed,,
ORD-1296,2023-06-02,2023-06,Q2-2023,P014,Filing Cabinet,Furniture,C014,Parisa Begum,Dhaka,Dhaka,Corporate,Sabrina Noor,Direct Sales,18,109.59,10,197.26,1775.36,1377.0,398.36,Bank Transfer,Completed,,
ORD-1604,2023-06-02,2023-06,Q2-2023,P014,Filing Cabinet,Furniture,C012,Shapna Das,Individual,Mymensingh,Individual,Dilnoza Haque,Direct Sales,11,87.91,10,96.7,870.31,841.5,28.81,Card,Returned,2.6,
ORD-2365,2023-06-02,2023-06,Q2-2023,P002,Wireless Mouse,Electronics,C006,Sumaiya Akter,Individual,Dhaka,Individual,Dilnoza Haque,Online,19,11.63,0,0.0,220.97,193.8,27.17,Cash,Completed,3.5,
ORD-2475,2023-06-02,2023-06,Q2-2023,P004,Mechanical Keyboard,Electronics,C014,Parisa Begum,Corporate,Dhaka,Corporate,Sabrina Noor,Online,5,54.4,5,13.6,258.4,233.75,24.65,Card,Completed,2.6,
ORD-1395,2023-06-03,2023-06,Q2-2023,P006,Office Chair,Furniture,C009,Nasim Chowdhury,Individual,Dhaka,Individual,Dilnoza Haque,Direct Sales,8,129.47,15,155.36,880.4,884.0,-3.6,Cash,Completed,4.5,
ORD-1947,2023-06-03,2023-06,Q2-2023,P001,Laptop Pro 15,Electronics,C006,Sumaiya Akter,Individual,Dhaka,Individual,Dilnoza Haque,Direct Sales,19,821.88,10,1561.57,14054.15,12920.0,1134.15,Cash,Returned,2.8,
ORD-2251,2023-06-03,2023-06,Q2-2023,P006,Office Chair,Furniture,C006,Sumaiya Akter,Individual,Dhaka,Individual,Rakib Islam,Reseller,13,149.71,20,389.25,1556.98,1436.5,120.48,Mobile Banking,Completed,,
ORD-1107,2023-06-04,2023-06,Q2-2023,P001,Laptop Pro 15,Electronics,C008,Mitu Begum,SMB,Chittagong,SMB,Arif Khan,In-Store,4,954.63,20,763.7,3054.82,2720.0,334.82,Cash,Completed,5.0,
ORD-1990,2023-06-05,2023-06,Q2-2023,P014,Filing Cabinet,Furniture,C003,Rahim Uddin,Individual,Sylhet,Individual,Dilnoza Haque,In-Store,19,93.57,0,0.0,1777.83,1453.5,324.33,Mobile Banking,Pending,4.2,
ORD-2109,2023-06-05,2023-06,Q2-2023,P002,Wireless Mouse,Electronics,C009,Nasim Chowdhury,Dhaka,Dhaka,Individual,Rakib Islam,Reseller,6,14.78,0,0.0,88.68,61.2,27.48,Mobile Banking,Completed,4.4,
ORD-1160,2023-06-06,2023-06,Q2-2023,P008,Desk Lamp,Furniture,C012,Shapna Das,Individual,Mymensingh,Individual,Dilnoza Haque,In-Store,20,19.12,15,57.36,325.04,306.0,19.04,Card,Pending,2.7,
ORD-1287,2023-06-06,2023-06,Q2-2023,P004,Mechanical Keyboard,Electronics,C012,Shapna Das,Individual,Mymensingh,Individual,Mohin Uddin,Reseller,1,57.22,15,8.58,48.64,46.75,1.89,Card,Returned,2.8,
ORD-1771,2023-06-06,2023-06,Q2-2023,P010,Pen Pack,Stationery,C011,Imran Ali,Corporate,Dhaka,Corporate,Rakib Islam,Online,16,2.94,0,0.0,47.04,40.8,6.24,Bank Transfer,Completed,2.9,
ORD-2064,2023-06-06,2023-06,Q2-2023,P005,Monitor 27in,Electronics,C009,Nasim Chowdhury,Individual,Dhaka,Individual,Dilnoza Haque,Online,3,203.51,15,91.58,518.95,510.0,8.95,Bank Transfer,Completed,4.0,
ORD-2068,2023-06-06,2023-06,Q2-2023,P008,Desk Lamp,Furniture,C009,Nasim Chowdhury,Individual,Dhaka,Individual,Sabrina Noor,Direct Sales,12,18.31,0,0.0,219.72,183.6,36.12,Mobile Banking,Completed,2.6,
ORD-2382,2023-06-06,2023-06,Q2-2023,P009,Notebook Set,Stationery,C006,Sumaiya Akter,Individual,Dhaka,Individual,Rakib Islam,In-Store,4,5.33,0,0.0,21.32,17.0,4.32,Bank Transfer,Completed,2.8,
ORD-1112,2023-06-07,2023-06,Q2-2023,P003,USB-C Hub,Electronics,C003,Rahim Uddin,Individual,Sylhet,Individual,Arif Khan,Direct Sales,20,23.85,0,0.0,477.0,340.0,137.0,Mobile Banking,Completed,4.0,
ORD-1567,2023-06-07,2023-06,Q2-2023,P001,Laptop Pro 15,Electronics,C002,Farzana Islam,SMB,Chittagong,SMB,Rakib Islam,Online,15,959.37,15,2158.58,12231.97,10200.0,2031.97,Mobile Banking,Completed,4.9,
ORD-1726,2023-06-07,2023-06,Q2-2023,P007,Standing Desk,Furniture,C002,Farzana Islam,SMB,Chittagong,SMB,Sabrina Noor,Direct Sales,16,209.46,20,670.27,2681.09,2992.0,-310.91,Bank Transfer,Completed,3.6,
ORD-2444,2023-06-07,2023-06,Q2-2023,P006,Office Chair,Furniture,C013,Zahid Hasan,SMB,Sylhet,SMB,Sabrina Noor,Online,18,149.4,5,134.46,2554.74,1989.0,565.74,Bank Transfer,Completed,4.7,
ORD-1676,2023-06-08,2023-06,Q2-2023,P015,Sticky Notes Bulk,Stationery,C004,Nusrat Jahan,Corporate,Dhaka,Corporate,Rakib Islam,Direct Sales,1,5.72,10,0.57,5.15,5.1,0.05,Bank Transfer,Returned,4.9,
ORD-1354,2023-06-09,2023-06,Q2-2023,P013,Headset Pro,Electronics,C002,Farzana Islam,SMB,Chittagong,SMB,Dilnoza Haque,Online,4,85.82,15,51.49,291.79,238.0,53.79,Cash,Returned,3.3,Changed Mind
ORD-1958,2023-06-09,2023-06,Q2-2023,P010,Pen Pack,Stationery,C010,Riya Sen,SMB,Barisal,SMB,Arif Khan,Reseller,6,3.41,10,2.05,18.41,15.3,3.11,Bank Transfer,Completed,3.8,
ORD-1973,2023-06-09,2023-06,Q2-2023,P010,Pen Pack,Stationery,C014,Parisa Begum,Corporate,Dhaka,Corporate,Dilnoza Haque,In-Store,17,3.13,0,0.0,53.21,43.35,9.86,Bank Transfer,Completed,3.4,
ORD-2086,2023-06-09,2023-06,Q2-2023,P010,Pen Pack,Stationery,C011,Imran Ali,Corporate,Dhaka,Corporate,Arif Khan,Online,15,3.42,0,0.0,51.3,38.25,13.05,Cash,Completed,,
ORD-2172,2023-06-09,2023-06,Q2-2023,P014,Filing Cabinet,Furniture,C003,Rahim Uddin,Individual,Sylhet,Individual,Rakib Islam,Direct Sales,8,108.77,20,174.03,696.13,612.0,84.13,Card,Returned,,
ORD-2354,2023-06-09,2023-06,Q2-2023,P001,Laptop Pro 15,Electronics,C003,Rahim Uddin,Individual,Sylhet,Individual,Mohin Uddin,In-Store,16,983.24,5,786.59,14945.25,10880.0,4065.25,Bank Transfer,Completed,3.2,
ORD-1321,2023-06-10,2023-06,Q2-2023,P009,Notebook Set,Stationery,C004,Nusrat Jahan,Corporate,Dhaka,Corporate,Mohin Uddin,Reseller,5,5.87,20,5.87,23.48,21.25,2.23,Card,Completed,4.8,
ORD-1486,2023-06-10,2023-06,Q2-2023,P013,Headset Pro,Electronics,C013,Zahid Hasan,SMB,Sylhet,SMB,Sabrina Noor,Online,20,85.52,10,171.04,1539.36,1190.0,349.36,Bank Transfer,Pending,5.0,
ORD-2261,2023-06-10,2023-06,Q2-2023,P006,Office Chair,Furniture,C013,Zahid Hasan,SMB,Sylhet,SMB,Sabrina Noor,Direct Sales,12,153.05,20,367.32,1469.28,1326.0,143.28,Card,Completed,4.2,
ORD-2167,2023-06-11,2023-06,Q2-2023,P003,USB-C Hub,Electronics,C004,Nusrat Jahan,Corporate,Dhaka,Corporate,Sabrina Noor,Online,19,22.87,10,43.45,391.08,323.0,68.08,Bank Transfer,Completed,,
ORD-1269,2023-06-12,2023-06,Q2-2023,P002,Wireless Mouse,Electronics,C005,Kamal Pasha,SMB,Rajshahi,SMB,Mohin Uddin,Online,17,12.85,20,43.69,174.76,173.4,1.36,Card,Completed,3.0,
ORD-1935,2023-06-12,2023-06,Q2-2023,P007,Standing Desk,Furniture,C008,Mitu Begum,SMB,Chittagong,SMB,Rakib Islam,Reseller,11,231.22,0,0.0,2543.42,2057.0,486.42,Card,Returned,4.4,
ORD-2077,2023-06-12,2023-06,Q2-2023,P009,Notebook Set,Stationery,C009,Nasim Chowdhury,Individual,Dhaka,Individual,Sabrina Noor,Online,16,5.8,0,0.0,92.8,68.0,24.8,Card,Returned,,
ORD-2242,2023-06-12,2023-06,Q2-2023,P008,Desk Lamp,Furniture,C007,Tariq Hassan,Corporate,Khulna,Corporate,Dilnoza Haque,Online,1,18.03,0,0.0,18.03,15.3,2.73,Cash,Completed,2.9,
ORD-1002,2023-06-13,2023-06,Q2-2023,P012,Webcam HD,Electronics,C007,Tariq Hassan,Corporate,Khulna,Corporate,Rakib Islam,Online,11,41.33,0,0.0,454.63,374.0,80.63,Cash,Returned,,
ORD-1543,2023-06-13,2023-06,Q2-2023,P005,Monitor 27in,Electronics,C003,Rahim Uddin,Individual,Sylhet,Individual,Mohin Uddin,In-Store,1,205.5,20,41.1,164.4,170.0,-5.6,Cash,Returned,2.6,Changed Mind
ORD-2097,2023-06-13,2023-06,Q2-2023,P008,Desk Lamp,Furniture,C011,Imran Ali,Dhaka,Dhaka,Corporate,Rakib Islam,Direct Sales,2,19.01,0,0.0,38.02,30.6,7.42,Mobile Banking,Completed,4.9,
ORD-1064,2023-06-14,2023-06,Q2-2023,P006,Office Chair,Furniture,C007,Tariq Hassan,Corporate,Khulna,Corporate,Mohin Uddin,Online,16,134.74,5,107.79,2048.05,1768.0,280.05,Bank Transfer,Completed,3.3,
ORD-1308,2023-06-14,2023-06,Q2-2023,P005,Monitor 27in,Electronics,C011,Imran Ali,Corporate,Dhaka,Corporate,Rakib Islam,In-Store,9,198.79,0,0.0,1789.11,1530.0,259.11,Cash,Completed,2.8,Wrong Item
ORD-1551,2023-06-14,2023-06,Q2-2023,P012,Webcam HD,Electronics,C005,Kamal Pasha,SMB,Rajshahi,SMB,Mohin Uddin,Reseller,17,38.8,5,32.98,626.62,578.0,48.62,Bank Transfer,Completed,4.1,
ORD-1796,2023-06-14,2023-06,Q2-2023,P003,USB-C Hub,Electronics,C005,Kamal Pasha,SMB,Rajshahi,SMB,Mohin Uddin,Online,1,24.42,15,3.66,20.76,17.0,3.76,Cash,Completed,3.7,
ORD-2065,2023-06-14,2023-06,Q2-2023,P003,USB-C Hub,Electronics,C009,Nasim Chowdhury,Dhaka,Dhaka,Individual,Mohin Uddin,Online,11,19.34,15,31.91,180.83,187.0,-6.17,Card,Completed,2.9,
ORD-1335,2023-06-15,2023-06,Q2-2023,P011,Whiteboard,Stationery,C014,Parisa Begum,Corporate,Dhaka,Corporate,Mohin Uddin,In-Store,14,23.92,0,0.0,334.88,297.5,37.38,Card,Pending,,
ORD-2360,2023-06-15,2023-06,Q2-2023,P007,Standing Desk,Furniture,C009,Nasim Chowdhury,Dhaka,Dhaka,Individual,Rakib Islam,Direct Sales,2,244.93,10,48.99,440.87,374.0,66.87,Cash,Completed,4.7,
ORD-1028,2023-06-16,2023-06,Q2-2023,P013,Headset Pro,Electronics,C013,Zahid Hasan,SMB,Sylhet,SMB,Rakib Islam,Direct Sales,6,85.01,0,0.0,510.06,357.0,153.06,Card,Completed,,
ORD-1515,2023-06-16,2023-06,Q2-2023,P002,Wireless Mouse,Electronics,C004,Nusrat Jahan,Corporate,Dhaka,Corporate,Mohin Uddin,Online,5,13.21,20,13.21,52.84,51.0,1.84,Bank Transfer,Returned,2.8,
ORD-2001,2023-06-16,2023-06,Q2-2023,P013,Headset Pro,Electronics,C004,Nusrat Jahan,Corporate,Dhaka,Corporate,Rakib Islam,Direct Sales,4,86.25,15,51.75,293.25,238.0,55.25,Card,Completed,4.5,
ORD-1713,2023-06-17,2023-06,Q2-2023,P007,Standing Desk,Furniture,C014,Parisa Begum,Corporate,Dhaka,Corporate,Arif Khan,In-Store,5,229.88,20,229.88,919.52,935.0,-15.48,Cash,Completed,,
ORD-1477,2023-06-18,2023-06,Q2-2023,P008,Desk Lamp,Furniture,C004,Nusrat Jahan,Corporate,Dhaka,Corporate,Mohin Uddin,Direct Sales,19,17.32,0,0.0,329.08,290.7,38.38,Card,Completed,2.7,
ORD-1780,2023-06-18,2023-06,Q2-2023,P004,Mechanical Keyboard,Electronics,C006,Sumaiya Akter,Individual,Dhaka,Individual,Sabrina Noor,Direct Sales,14,60.2,10,84.28,758.52,654.5,104.02,Mobile Banking,Pending,2.5,
ORD-2190,2023-06-18,2023-06,Q2-2023,P006,Office Chair,Furniture,C003,Rahim Uddin,Individual,Sylhet,Individual,Arif Khan,Online,20,136.26,5,136.26,2588.94,2210.0,378.94,Cash,Completed,,
ORD-2404,2023-06-18,2023-06,Q2-2023,P001,Laptop Pro 15,Electronics,C004,Nusrat Jahan,Corporate,Dhaka,Corporate,Dilnoza Haque,Reseller,17,820.29,15,2091.74,11853.19,11560.0,293.19,Card,Returned,4.0,
ORD-1043,2023-06-19,2023-06,Q2-2023,P014,Filing Cabinet,Furniture,C008,Mitu Begum,Chittagong,Chittagong,SMB,Dilnoza Haque,Online,5,111.98,10,55.99,503.91,382.5,121.41,Cash,Returned,,
ORD-1887,2023-06-19,2023-06,Q2-2023,P002,Wireless Mouse,Electronics,C005,Kamal Pasha,SMB,Rajshahi,SMB,Rakib Islam,Reseller,9,13.15,0,0.0,118.35,91.8,26.55,Cash,Completed,2.9,
ORD-2118,2023-06-19,2023-06,Q2-2023,P015,Sticky Notes Bulk,Stationery,C008,Mitu Begum,SMB,Chittagong,SMB,Sabrina Noor,Online,16,6.71,0,0.0,107.36,81.6,25.76,Cash,Completed,4.0,Changed Mind
ORD-1103,2023-06-22,2023-06,Q2-2023,P002,Wireless Mouse,Electronics,C009,Nasim Chowdhury,Individual,Dhaka,Individual,Rakib Islam,Reseller,4,13.31,0,0.0,53.24,40.8,12.44,Card,Completed,,
ORD-1526,2023-06-22,2023-06,Q2-2023,P002,Wireless Mouse,Electronics,C006,Sumaiya Akter,Individual,Dhaka,Individual,Dilnoza Haque,Online,7,12.62,10,8.83,79.51,71.4,8.11,Card,Returned,3.2,
ORD-2472,2023-06-22,2023-06,Q2-2023,P012,Webcam HD,Electronics,C013,Zahid Hasan,SMB,Sylhet,SMB,Sabrina Noor,Reseller,16,39.95,0,0.0,639.2,544.0,95.2,Card,Completed,,Defective
ORD-1984,2023-06-25,2023-06,Q2-2023,P014,Filing Cabinet,Furniture,C003,Rahim Uddin,Individual,Sylhet,Individual,Dilnoza Haque,Direct Sales,20,103.39,0,0.0,2067.8,1530.0,537.8,Mobile Banking,Completed,3.7,Changed Mind
ORD-2304,2023-06-25,2023-06,Q2-2023,P003,USB-C Hub,Electronics,C004,Nusrat Jahan,Dhaka,Dhaka,Corporate,Dilnoza Haque,Reseller,12,20.97,0,0.0,251.64,204.0,47.64,Cash,Completed,3.6,
ORD-1243,2023-06-26,2023-06,Q2-2023,P006,Office Chair,Furniture,C004,Nusrat Jahan,Corporate,Dhaka,Corporate,Arif Khan,In-Store,6,134.22,5,40.27,765.05,663.0,102.05,Mobile Banking,Returned,3.9,
ORD-1704,2023-06-26,2023-06,Q2-2023,P011,Whiteboard,Stationery,C012,Shapna Das,Individual,Mymensingh,Individual,Arif Khan,Direct Sales,13,29.57,20,76.88,307.53,276.25,31.28,Bank Transfer,Completed,3.6,
ORD-2005,2023-06-26,2023-06,Q2-2023,P003,USB-C Hub,Electronics,C015,Tanvir Ahmed,Individual,Rangpur,Individual,Sabrina Noor,Reseller,17,24.79,15,63.21,358.22,289.0,69.22,Cash,Completed,,
ORD-1104,2023-06-27,2023-06,Q2-2023,P010,Pen Pack,Stationery,C003,Rahim Uddin,Individual,Sylhet,Individual,Dilnoza Haque,Direct Sales,3,3.01,20,1.81,7.22,7.65,-0.43,Mobile Banking,Completed,,
ORD-1034,2023-06-28,2023-06,Q2-2023,P010,Pen Pack,Stationery,C010,Riya Sen,Barisal,Barisal,SMB,Rakib Islam,In-Store,10,3.22,20,6.44,25.76,25.5,0.26,Bank Transfer,Pending,3.3,
ORD-1240,2023-06-28,2023-06,Q2-2023,P001,Laptop Pro 15,Electronics,C007,Tariq Hassan,Corporate,Khulna,Corporate,Dilnoza Haque,Online,15,893.43,10,1340.14,12061.31,10200.0,1861.31,Card,Completed,,
ORD-1479,2023-06-28,2023-06,Q2-2023,P010,Pen Pack,Stationery,C012,Shapna Das,Individual,Mymensingh,Individual,Arif Khan,Reseller,2,3.39,15,1.02,5.76,5.1,0.66,Mobile Banking,Returned,,
ORD-1170,2023-06-29,2023-06,Q2-2023,P011,Whiteboard,Stationery,C011,Imran Ali,Corporate,Dhaka,Corporate,Dilnoza Haque,Reseller,14,27.92,0,0.0,390.88,297.5,93.38,Bank Transfer,Returned,,
ORD-1327,2023-06-29,2023-06,Q2-2023,P011,Whiteboard,Stationery,C010,Riya Sen,SMB,Barisal,SMB,Mohin Uddin,In-Store,3,30.06,20,18.04,72.14,63.75,8.39,Mobile Banking,Completed,4.7,
ORD-1432,2023-06-29,2023-06,Q2-2023,P002,Wireless Mouse,Electronics,C006,Sumaiya Akter,Individual,Dhaka,Individual,Arif Khan,Direct Sales,2,14.2,0,0.0,28.4,20.4,8.0,Card,Completed,3.7,Changed Mind
ORD-1651,2023-07-01,2023-07,Q3-2023,P001,Laptop Pro 15,Electronics,C014,Parisa Begum,Corporate,Dhaka,Corporate,Dilnoza Haque,Reseller,20,877.27,0,0.0,17545.4,13600.0,3945.4,Card,Completed,3.8,
ORD-1747,2023-07-01,2023-07,Q3-2023,P014,Filing Cabinet,Furniture,C007,Tariq Hassan,Khulna,Khulna,Corporate,Sabrina Noor,Direct Sales,20,90.57,0,0.0,1811.4,1530.0,281.4,Bank Transfer,Completed,2.8,
ORD-1965,2023-07-01,2023-07,Q3-2023,P008,Desk Lamp,Furniture,C009,Nasim Chowdhury,Individual,Dhaka,Individual,Sabrina Noor,In-Store,4,21.44,20,17.15,68.61,61.2,7.41,Bank Transfer,Completed,,
ORD-2004,2023-07-01,2023-07,Q3-2023,P010,Pen Pack,Stationery,C001,Ahmed Hossain,Corporate,Dhaka,Corporate,Arif Khan,Online,5,3.32,0,0.0,16.6,12.75,3.85,Card,Completed,3.5,
ORD-2207,2023-07-01,2023-07,Q3-2023,P009,Notebook Set,Stationery,C011,Imran Ali,Dhaka,Dhaka,Corporate,Sabrina Noor,Direct Sales,7,4.77,5,1.67,31.72,29.75,1.97,Cash,Completed,,
ORD-2291,2023-07-01,2023-07,Q3-2023,P014,Filing Cabinet,Furniture,C011,Imran Ali,Corporate,Dhaka,Corporate,Dilnoza Haque,In-Store,17,90.79,10,154.34,1389.09,1300.5,88.59,Cash,Completed,3.2,
ORD-2263,2023-07-02,2023-07,Q3-2023,P014,Filing Cabinet,Furniture,C005,Kamal Pasha,SMB,Rajshahi,SMB,Arif Khan,Reseller,11,105.09,0,0.0,1155.99,841.5,314.49,Cash,Completed,2.6,Wrong Item
ORD-1982,2023-07-03,2023-07,Q3-2023,P002,Wireless Mouse,Electronics,C013,Zahid Hasan,SMB,Sylhet,SMB,Dilnoza Haque,Reseller,14,13.82,0,0.0,193.48,142.8,50.68,Card,Completed,4.4,
ORD-1566,2023-07-04,2023-07,Q3-2023,P007,Standing Desk,Furniture,C015,Tanvir Ahmed,Individual,Rangpur,Individual,Rakib Islam,Online,3,225.25,5,33.79,641.96,561.0,80.96,Mobile Banking,Completed,4.0,Changed Mind
ORD-1252,2023-07-06,2023-07,Q3-2023,P010,Pen Pack,Stationery,C006,Sumaiya Akter,Individual,Dhaka,Individual,Dilnoza Haque,In-Store,20,3.05,10,6.1,54.9,51.0,3.9,Mobile Banking,Completed,5.0,
ORD-1353,2023-07-07,2023-07,Q3-2023,P012,Webcam HD,Electronics,C011,Imran Ali,Corporate,Dhaka,Corporate,Sabrina Noor,Reseller,7,43.99,0,0.0,307.93,238.0,69.93,Card,Completed,3.1,
ORD-1056,2023-07-08,2023-07,Q3-2023,P001,Laptop Pro 15,Electronics,C005,Kamal Pasha,SMB,Rajshahi,SMB,Arif Khan,Online,16,787.38,0,0.0,12598.08,10880.0,1718.08,Card,Completed,4.9,
ORD-1178,2023-07-08,2023-07,Q3-2023,P015,Sticky Notes Bulk,Stationery,C015,Tanvir Ahmed,Individual,Rangpur,Individual,Arif Khan,Online,18,7.48,0,0.0,134.64,91.8,42.84,Cash,Returned,,
ORD-1866,2023-07-08,2023-07,Q3-2023,P011,Whiteboard,Stationery,C007,Tariq Hassan,Khulna,Khulna,Corporate,Rakib Islam,Online,18,24.14,0,0.0,434.52,382.5,52.02,Mobile Banking,Completed,4.0,
ORD-1464,2023-07-09,2023-07,Q3-2023,P015,Sticky Notes Bulk,Stationery,C002,Farzana Islam,SMB,Chittagong,SMB,Arif Khan,Direct Sales,6,6.16,5,1.85,35.11,30.6,4.51,Mobile Banking,Returned,4.2,
ORD-2343,2023-07-09,2023-07,Q3-2023,P004,Mechanical Keyboard,Electronics,C011,Imran Ali,Corporate,Dhaka,Corporate,Arif Khan,In-Store,18,58.76,0,0.0,1057.68,841.5,216.18,Cash,Completed,3.1,
ORD-2037,2023-07-10,2023-07,Q3-2023,P014,Filing Cabinet,Furniture,C009,Nasim Chowdhury,Individual,Dhaka,Individual,Dilnoza Haque,Reseller,19,96.29,10,182.95,1646.56,1453.5,193.06,Mobile Banking,Completed,3.4,Wrong Item
ORD-2169,2023-07-10,2023-07,Q3-2023,P004,Mechanical Keyboard,Electronics,C007,Tariq Hassan,Corporate,Khulna,Corporate,Arif Khan,Online,10,55.0,0,0.0,550.0,467.5,82.5,Card,Completed,4.9,Wrong Item
ORD-1793,2023-07-11,2023-07,Q3-2023,P004,Mechanical Keyboard,Electronics,C011,Imran Ali,Corporate,Dhaka,Corporate,Dilnoza Haque,Reseller,8,57.15,10,45.72,411.48,374.0,37.48,Cash,Completed,,
ORD-2143,2023-07-11,2023-07,Q3-2023,P011,Whiteboard,Stationery,C004,Nusrat Jahan,Corporate,Dhaka,Corporate,Rakib Islam,Direct Sales,15,28.7,10,43.05,387.45,318.75,68.7,Cash,Completed,2.8,
ORD-1495,2023-07-12,2023-07,Q3-2023,P015,Sticky Notes Bulk,Stationery,C015,Tanvir Ahmed,Individual,Rangpur,Individual,Rakib Islam,Online,15,5.86,5,4.39,83.51,76.5,7.01,Cash,Completed,4.2,
ORD-1931,2023-07-12,2023-07,Q3-2023,P005,Monitor 27in,Electronics,C015,Tanvir Ahmed,Individual,Rangpur,Individual,Dilnoza Haque,Reseller,7,200.63,0,0.0,1404.41,1190.0,214.41,Cash,Returned,3.4,
ORD-2051,2023-07-12,2023-07,Q3-2023,P013,Headset Pro,Electronics,C007,Tariq Hassan,Corporate,Khulna,Corporate,Mohin Uddin,Online,2,74.02,5,7.4,140.64,119.0,21.64,Cash,Completed,3.9,
ORD-2342,2023-07-12,2023-07,Q3-2023,P003,USB-C Hub,Electronics,C001,Ahmed Hossain,Corporate,Dhaka,Corporate,Dilnoza Haque,Direct Sales,2,20.59,10,4.12,37.06,34.0,3.06,Mobile Banking,Completed,4.3,Changed Mind
ORD-1962,2023-07-13,2023-07,Q3-2023,P011,Whiteboard,Stationery,C001,Ahmed Hossain,Corporate,Dhaka,Corporate,Arif Khan,Direct Sales,20,25.43,10,50.86,457.74,425.0,32.74,Cash,Completed,2.9,
ORD-2211,2023-07-13,2023-07,Q3-2023,P009,Notebook Set,Stationery,C005,Kamal Pasha,SMB,Rajshahi,SMB,Arif Khan,Online,1,6.12,10,0.61,5.51,4.25,1.26,Card,Completed,3.8,
ORD-1140,2023-07-14,2023-07,Q3-2023,P013,Headset Pro,Electronics,C003,Rahim Uddin,Individual,Sylhet,Individual,Rakib Islam,Direct Sales,16,87.42,5,69.94,1328.78,952.0,376.78,Cash,Completed,3.8,Wrong Item
ORD-1257,2023-07-14,2023-07,Q3-2023,P007,Standing Desk,Furniture,C012,Shapna Das,Individual,Mymensingh,Individual,Rakib Islam,Reseller,18,256.65,15,692.96,3926.74,3366.0,560.74,Card,Completed,,
ORD-2059,2023-07-14,2023-07,Q3-2023,P014,Filing Cabinet,Furniture,C013,Zahid Hasan,SMB,Sylhet,SMB,Dilnoza Haque,Online,16,92.34,0,0.0,1477.44,1224.0,253.44,Bank Transfer,Completed,3.1,
ORD-1577,2023-07-15,2023-07,Q3-2023,P002,Wireless Mouse,Electronics,C014,Parisa Begum,Corporate,Dhaka,Corporate,Sabrina Noor,Direct Sales,1,13.91,0,0.0,13.91,10.2,3.71,Card,Completed,4.1,
ORD-1578,2023-07-15,2023-07,Q3-2023,P002,Wireless Mouse,Electronics,C005,Kamal Pasha,Rajshahi,Rajshahi,SMB,Sabrina Noor,In-Store,15,11.93,5,8.95,170.0,153.0,17.0,Bank Transfer,Returned,4.6,
ORD-2353,2023-07-15,2023-07,Q3-2023,P007,Standing Desk,Furniture,C015,Tanvir Ahmed,Individual,Rangpur,Individual,Rakib Islam,In-Store,12,245.28,10,294.34,2649.02,2244.0,405.02,Card,Completed,2.7,
ORD-1375,2023-07-16,2023-07,Q3-2023,P015,Sticky Notes Bulk,Stationery,C014,Parisa Begum,Dhaka,Dhaka,Corporate,Sabrina Noor,Direct Sales,9,7.17,20,12.91,51.62,45.9,5.72,Bank Transfer,Completed,2.6,
ORD-1521,2023-07-16,2023-07,Q3-2023,P005,Monitor 27in,Electronics,C003,Rahim Uddin,Sylhet,Sylhet,Individual,Sabrina Noor,Direct Sales,18,190.26,15,513.7,2910.98,3060.0,-149.02,Mobile Banking,Pending,,
ORD-1638,2023-07-16,2023-07,Q3-2023,P009,Notebook Set,Stationery,C007,Tariq Hassan,Corporate,Khulna,Corporate,Sabrina Noor,Online,12,5.23,5,3.14,59.62,51.0,8.62,Card,Pending,2.9,
ORD-1263,2023-07-17,2023-07,Q3-2023,P003,USB-C Hub,Electronics,C001,Ahmed Hossain,Corporate,Dhaka,Corporate,Sabrina Noor,Reseller,14,19.47,15,40.89,231.69,238.0,-6.31,Mobile Banking,Completed,,
ORD-1411,2023-07-17,2023-07,Q3-2023,P004,Mechanical Keyboard,Electronics,C001,Ahmed Hossain,Corporate,Dhaka,Corporate,Dilnoza Haque,In-Store,14,64.86,0,0.0,908.04,654.5,253.54,Card,Completed,,
ORD-1311,2023-07-18,2023-07,Q3-2023,P005,Monitor 27in,Electronics,C008,Mitu Begum,SMB,Chittagong,SMB,Sabrina Noor,Online,6,249.01,0,0.0,1494.06,1020.0,474.06,Bank Transfer,Completed,3.9,
ORD-1926,2023-07-18,2023-07,Q3-2023,P011,Whiteboard,Stationery,C010,Riya Sen,SMB,Barisal,SMB,Rakib Islam,In-Store,1,26.24,15,3.94,22.3,21.25,1.05,Mobile Banking,Pending,,
ORD-2212,2023-07-18,2023-07,Q3-2023,P008,Desk Lamp,Furniture,C015,Tanvir Ahmed,Individual,Rangpur,Individual,Dilnoza Haque,Online,12,17.26,20,41.42,165.7,183.6,-17.9,Bank Transfer,Completed,,
ORD-2104,2023-07-19,2023-07,Q3-2023,P009,Notebook Set,Stationery,C013,Zahid Hasan,SMB,Sylhet,SMB,Arif Khan,Reseller,17,5.17,20,17.58,70.31,72.25,-1.94,Mobile Banking,Completed,,
ORD-1702,2023-07-20,2023-07,Q3-2023,P012,Webcam HD,Electronics,C011,Imran Ali,Corporate,Dhaka,Corporate,Sabrina Noor,Direct Sales,1,42.35,20,8.47,33.88,34.0,-0.12,Bank Transfer,Completed,2.7,Wrong Item
ORD-2311,2023-07-20,2023-07,Q3-2023,P008,Desk Lamp,Furniture,C012,Shapna Das,Individual,Mymensingh,Individual,Mohin Uddin,Online,2,21.37,10,4.27,38.47,30.6,7.87,Bank Transfer,Completed,4.5,
ORD-2088,2023-07-22,2023-07,Q3-2023,P012,Webcam HD,Electronics,C008,Mitu Begum,SMB,Chittagong,SMB,Mohin Uddin,Online,20,46.48,5,46.48,883.12,680.0,203.12,Bank Transfer,Completed,2.7,Changed Mind
ORD-1377,2023-07-23,2023-07,Q3-2023,P006,Office Chair,Furniture,C015,Tanvir Ahmed,Individual,Rangpur,Individual,Sabrina Noor,Direct Sales,2,157.18,0,0.0,314.36,221.0,93.36,Mobile Banking,Completed,,
ORD-2176,2023-07-23,2023-07,Q3-2023,P013,Headset Pro,Electronics,C001,Ahmed Hossain,Corporate,Dhaka,Corporate,Dilnoza Haque,In-Store,7,75.65,15,79.43,450.12,416.5,33.62,Mobile Banking,Returned,2.5,
ORD-1435,2023-07-25,2023-07,Q3-2023,P004,Mechanical Keyboard,Electronics,C005,Kamal Pasha,SMB,Rajshahi,SMB,Arif Khan,Reseller,9,61.03,20,109.85,439.42,420.75,18.67,Card,Completed,2.5,
ORD-1466,2023-07-25,2023-07,Q3-2023,P010,Pen Pack,Stationery,C007,Tariq Hassan,Corporate,Khulna,Corporate,Dilnoza Haque,In-Store,6,3.43,0,0.0,20.58,15.3,5.28,Cash,Returned,2.8,
ORD-1855,2023-07-25,2023-07,Q3-2023,P006,Office Chair,Furniture,C015,Tanvir Ahmed,Individual,Rangpur,Individual,Rakib Islam,Online,2,128.93,10,25.79,232.07,221.0,11.07,Card,Returned,,Defective
ORD-1579,2023-07-26,2023-07,Q3-2023,P005,Monitor 27in,Electronics,C010,Riya Sen,SMB,Barisal,SMB,Dilnoza Haque,Direct Sales,13,193.06,0,0.0,2509.78,2210.0,299.78,Bank Transfer,Pending,3.9,
ORD-1975,2023-07-27,2023-07,Q3-2023,P006,Office Chair,Furniture,C011,Imran Ali,Corporate,Dhaka,Corporate,Mohin Uddin,Online,2,139.04,0,0.0,278.08,221.0,57.08,Mobile Banking,Pending,4.6,
ORD-2144,2023-07-27,2023-07,Q3-2023,P003,USB-C Hub,Electronics,C005,Kamal Pasha,Rajshahi,Rajshahi,SMB,Arif Khan,Online,5,23.48,5,5.87,111.53,85.0,26.53,Cash,Pending,4.0,
ORD-1172,2023-07-28,2023-07,Q3-2023,P006,Office Chair,Furniture,C011,Imran Ali,Corporate,Dhaka,Corporate,Mohin Uddin,In-Store,3,159.47,20,95.68,382.73,331.5,51.23,Cash,Completed,4.0,
ORD-1493,2023-07-29,2023-07,Q3-2023,P003,USB-C Hub,Electronics,C006,Sumaiya Akter,Individual,Dhaka,Individual,Mohin Uddin,In-Store,8,22.24,15,26.69,151.23,136.0,15.23,Card,Completed,3.2,
ORD-1496,2023-07-29,2023-07,Q3-2023,P009,Notebook Set,Stationery,C011,Imran Ali,Corporate,Dhaka,Corporate,Sabrina Noor,Direct Sales,1,5.19,15,0.78,4.41,4.25,0.16,Mobile Banking,Returned,4.1,
ORD-1838,2023-07-29,2023-07,Q3-2023,P009,Notebook Set,Stationery,C003,Rahim Uddin,Individual,Sylhet,Individual,Sabrina Noor,Reseller,18,5.86,5,5.27,100.21,76.5,23.71,Mobile Banking,Completed,4.1,
ORD-2264,2023-07-29,2023-07,Q3-2023,P015,Sticky Notes Bulk,Stationery,C004,Nusrat Jahan,Corporate,Dhaka,Corporate,Mohin Uddin,Reseller,7,7.45,20,10.43,41.72,35.7,6.02,Mobile Banking,Completed,3.1,
ORD-1162,2023-07-30,2023-07,Q3-2023,P012,Webcam HD,Electronics,C010,Riya Sen,SMB,Barisal,SMB,Arif Khan,Direct Sales,16,39.09,10,62.54,562.9,544.0,18.9,Card,Pending,3.9,
ORD-1800,2023-07-30,2023-07,Q3-2023,P012,Webcam HD,Electronics,C008,Mitu Begum,SMB,Chittagong,SMB,Rakib Islam,Reseller,14,48.59,5,34.01,646.25,476.0,170.25,Cash,Pending,3.0,
ORD-1820,2023-07-30,2023-07,Q3-2023,P003,USB-C Hub,Electronics,C013,Zahid Hasan,SMB,Sylhet,SMB,Rakib Islam,Online,7,21.09,0,0.0,147.63,119.0,28.63,Cash,Completed,4.3,
ORD-1041,2023-07-31,2023-07,Q3-2023,P014,Filing Cabinet,Furniture,C007,Tariq Hassan,Corporate,Khulna,Corporate,Arif Khan,Direct Sales,13,109.93,10,142.91,1286.18,994.5,291.68,Bank Transfer,Completed,3.2,
ORD-1407,2023-07-31,2023-07,Q3-2023,P011,Whiteboard,Stationery,C003,Rahim Uddin,Individual,Sylhet,Individual,Sabrina Noor,Reseller,19,27.81,20,105.68,422.71,403.75,18.96,Card,Returned,4.9,
ORD-1289,2023-08-01,2023-08,Q3-2023,P012,Webcam HD,Electronics,C015,Tanvir Ahmed,Rangpur,Rangpur,Individual,Arif Khan,Online,16,41.97,0,0.0,671.52,544.0,127.52,Bank Transfer,Completed,4.4,
ORD-1641,2023-08-01,2023-08,Q3-2023,P004,Mechanical Keyboard,Electronics,C015,Tanvir Ahmed,Individual,Rangpur,Individual,Rakib Islam,Direct Sales,7,59.71,0,0.0,417.97,327.25,90.72,Bank Transfer,Pending,,
ORD-1005,2023-08-03,2023-08,Q3-2023,P011,Whiteboard,Stationery,C005,Kamal Pasha,SMB,Rajshahi,SMB,Sabrina Noor,In-Store,3,28.32,0,0.0,84.96,63.75,21.21,Bank Transfer,Returned,4.8,
ORD-1909,2023-08-03,2023-08,Q3-2023,P013,Headset Pro,Electronics,C009,Nasim Chowdhury,Individual,Dhaka,Individual,Sabrina Noor,Reseller,16,77.96,0,0.0,1247.36,952.0,295.36,Bank Transfer,Returned,4.6,Defective
ORD-1458,2023-08-04,2023-08,Q3-2023,P010,Pen Pack,Stationery,C012,Shapna Das,Individual,Mymensingh,Individual,Arif Khan,Online,12,2.9,0,0.0,34.8,30.6,4.2,Card,Returned,3.3,
ORD-1616,2023-08-04,2023-08,Q3-2023,P008,Desk Lamp,Furniture,C010,Riya Sen,SMB,Barisal,SMB,Arif Khan,Direct Sales,11,17.19,15,28.36,160.73,168.3,-7.57,Cash,Completed,3.5,
ORD-1637,2023-08-04,2023-08,Q3-2023,P005,Monitor 27in,Electronics,C008,Mitu Begum,SMB,Chittagong,SMB,Mohin Uddin,Direct Sales,8,212.18,0,0.0,1697.44,1360.0,337.44,Cash,Completed,,Wrong Item
ORD-1900,2023-08-04,2023-08,Q3-2023,P006,Office Chair,Furniture,C009,Nasim Chowdhury,Individual,Dhaka,Individual,Sabrina Noor,Reseller,7,161.92,20,226.69,906.75,773.5,133.25,Card,Completed,3.0,
ORD-1323,2023-08-05,2023-08,Q3-2023,P007,Standing Desk,Furniture,C015,Tanvir Ahmed,Individual,Rangpur,Individual,Rakib Islam,In-Store,17,218.4,0,0.0,3712.8,3179.0,533.8,Cash,Completed,3.9,
ORD-1334,2023-08-05,2023-08,Q3-2023,P003,USB-C Hub,Electronics,C003,Rahim Uddin,Individual,Sylhet,Individual,Sabrina Noor,Direct Sales,6,21.17,15,19.05,107.97,102.0,5.97,Mobile Banking,Completed,3.7,
ORD-1448,2023-08-05,2023-08,Q3-2023,P011,Whiteboard,Stationery,C003,Rahim Uddin,Individual,Sylhet,Individual,Rakib Islam,Direct Sales,16,24.79,10,39.66,356.98,340.0,16.98,Card,Completed,4.2,
ORD-1575,2023-08-05,2023-08,Q3-2023,P003,USB-C Hub,Electronics,C002,Farzana Islam,SMB,Chittagong,SMB,Mohin Uddin,Online,20,20.56,15,61.68,349.52,340.0,9.52,Cash,Returned,,
ORD-1943,2023-08-05,2023-08,Q3-2023,P005,Monitor 27in,Electronics,C007,Tariq Hassan,Corporate,Khulna,Corporate,Sabrina Noor,Reseller,3,210.38,15,94.67,536.47,510.0,26.47,Mobile Banking,Returned,3.7,
ORD-1007,2023-08-06,2023-08,Q3-2023,P011,Whiteboard,Stationery,C008,Mitu Begum,SMB,Chittagong,SMB,Rakib Islam,In-Store,13,30.39,15,59.26,335.81,276.25,59.56,Card,Pending,4.4,
ORD-2278,2023-08-06,2023-08,Q3-2023,P004,Mechanical Keyboard,Electronics,C011,Imran Ali,Dhaka,Dhaka,Corporate,Rakib Islam,Direct Sales,12,62.39,0,0.0,748.68,561.0,187.68,Cash,Pending,3.8,Defective
ORD-1111,2023-08-08,2023-08,Q3-2023,P006,Office Chair,Furniture,C013,Zahid Hasan,SMB,Sylhet,SMB,Rakib Islam,Online,16,130.99,0,0.0,2095.84,1768.0,327.84,Cash,Completed,4.0,
ORD-2349,2023-08-08,2023-08,Q3-2023,P001,Laptop Pro 15,Electronics,C005,Kamal Pasha,SMB,Rajshahi,SMB,Mohin Uddin,Online,19,806.19,5,765.88,14551.73,12920.0,1631.73,Card,Returned,4.2,
ORD-1506,2023-08-09,2023-08,Q3-2023,P012,Webcam HD,Electronics,C015,Tanvir Ahmed,Individual,Rangpur,Individual,Rakib Islam,In-Store,15,46.9,5,35.17,668.33,510.0,158.33,Bank Transfer,Returned,,
ORD-2244,2023-08-09,2023-08,Q3-2023,P008,Desk Lamp,Furniture,C007,Tariq Hassan,Corporate,Khulna,Corporate,Rakib Islam,Reseller,6,20.4,20,24.48,97.92,91.8,6.12,Card,Completed,,
ORD-1918,2023-08-10,2023-08,Q3-2023,P002,Wireless Mouse,Electronics,C015,Tanvir Ahmed,Individual,Rangpur,Individual,Arif Khan,Reseller,20,11.93,0,0.0,238.6,204.0,34.6,Cash,Completed,,
ORD-2266,2023-08-10,2023-08,Q3-2023,P003,USB-C Hub,Electronics,C007,Tariq Hassan,Corporate,Khulna,Corporate,Arif Khan,Online,11,25.0,0,0.0,275.0,187.0,88.0,Cash,Pending,3.7,
ORD-2370,2023-08-10,2023-08,Q3-2023,P008,Desk Lamp,Furniture,C005,Kamal Pasha,SMB,Rajshahi,SMB,Sabrina Noor,In-Store,2,19.72,10,3.94,35.5,30.6,4.9,Mobile Banking,Returned,,
ORD-1657,2023-08-11,2023-08,Q3-2023,P015,Sticky Notes Bulk,Stationery,C008,Mitu Begum,SMB,Chittagong,SMB,Rakib Islam,Online,14,7.49,10,10.49,94.37,71.4,22.97,Cash,Pending,3.3,
ORD-1724,2023-08-11,2023-08,Q3-2023,P015,Sticky Notes Bulk,Stationery,C005,Kamal Pasha,SMB,Rajshahi,SMB,Mohin Uddin,Direct Sales,17,7.19,0,0.0,122.23,86.7,35.53,Cash,Completed,,
ORD-2336,2023-08-11,2023-08,Q3-2023,P015,Sticky Notes Bulk,Stationery,C010,Riya Sen,SMB,Barisal,SMB,Rakib Islam,In-Store,19,7.44,20,28.27,113.09,96.9,16.19,Card,Completed,3.9,
ORD-2226,2023-08-12,2023-08,Q3-2023,P005,Monitor 27in,Electronics,C002,Farzana Islam,SMB,Chittagong,SMB,Arif Khan,Direct Sales,19,190.17,0,0.0,3613.23,3230.0,383.23,Cash,Completed,2.9,
ORD-1006,2023-08-13,2023-08,Q3-2023,P011,Whiteboard,Stationery,C006,Sumaiya Akter,Individual,Dhaka,Individual,Dilnoza Haque,Reseller,2,25.47,0,0.0,50.94,42.5,8.44,Cash,Completed,3.9,
ORD-2248,2023-08-14,2023-08,Q3-2023,P012,Webcam HD,Electronics,C011,Imran Ali,Corporate,Dhaka,Corporate,Dilnoza Haque,Online,3,44.22,10,13.27,119.39,102.0,17.39,Mobile Banking,Returned,,
ORD-2284,2023-08-14,2023-08,Q3-2023,P006,Office Chair,Furniture,C011,Imran Ali,Corporate,Dhaka,Corporate,Mohin Uddin,In-Store,20,158.91,15,476.73,2701.47,2210.0,491.47,Cash,Completed,4.7,Defective
ORD-1272,2023-08-15,2023-08,Q3-2023,P011,Whiteboard,Stationery,C004,Nusrat Jahan,Corporate,Dhaka,Corporate,Arif Khan,Direct Sales,7,25.77,5,9.02,171.37,148.75,22.62,Card,Completed,2.5,
ORD-1326,2023-08-15,2023-08,Q3-2023,P012,Webcam HD,Electronics,C012,Shapna Das,Individual,Mymensingh,Individual,Rakib Islam,Direct Sales,14,41.32,0,0.0,578.48,476.0,102.48,Bank Transfer,Returned,3.3,
ORD-2457,2023-08-15,2023-08,Q3-2023,P011,Whiteboard,Stationery,C006,Sumaiya Akter,Individual,Dhaka,Individual,Rakib Islam,Reseller,20,28.37,0,0.0,567.4,425.0,142.4,Card,Completed,3.4,
ORD-1241,2023-08-16,2023-08,Q3-2023,P003,USB-C Hub,Electronics,C004,Nusrat Jahan,Corporate,Dhaka,Corporate,Arif Khan,Reseller,13,21.23,15,41.4,234.59,221.0,13.59,Cash,Completed,3.0,
ORD-1517,2023-08-16,2023-08,Q3-2023,P003,USB-C Hub,Electronics,C014,Parisa Begum,Corporate,Dhaka,Corporate,Sabrina Noor,Online,5,23.13,0,0.0,115.65,85.0,30.65,Bank Transfer,Completed,,
ORD-1715,2023-08-16,2023-08,Q3-2023,P007,Standing Desk,Furniture,C002,Farzana Islam,SMB,Chittagong,SMB,Mohin Uddin,Direct Sales,4,220.6,15,132.36,750.04,748.0,2.04,Cash,Pending,3.9,
ORD-2017,2023-08-16,2023-08,Q3-2023,P013,Headset Pro,Electronics,C001,Ahmed Hossain,Corporate,Dhaka,Corporate,Sabrina Noor,Online,7,81.9,0,0.0,573.3,416.5,156.8,Mobile Banking,Pending,4.9,
ORD-1251,2023-08-17,2023-08,Q3-2023,P011,Whiteboard,Stationery,C010,Riya Sen,SMB,Barisal,SMB,Sabrina Noor,In-Store,6,26.59,15,23.93,135.61,127.5,8.11,Cash,Pending,5.0,Defective
ORD-1997,2023-08-17,2023-08,Q3-2023,P010,Pen Pack,Stationery,C011,Imran Ali,Corporate,Dhaka,Corporate,Mohin Uddin,Reseller,11,3.33,15,5.49,31.14,28.05,3.09,Card,Completed,3.0,
ORD-2282,2023-08-17,2023-08,Q3-2023,P005,Monitor 27in,Electronics,C013,Zahid Hasan,SMB,Sylhet,SMB,Mohin Uddin,Online,5,236.58,5,59.15,1123.75,850.0,273.75,Bank Transfer,Pending,5.0,
ORD-1231,2023-08-18,2023-08,Q3-2023,P006,Office Chair,Furniture,C004,Nusrat Jahan,Corporate,Dhaka,Corporate,Arif Khan,Reseller,14,159.22,0,0.0,2229.08,1547.0,682.08,Cash,Pending,2.6,
ORD-1742,2023-08-18,2023-08,Q3-2023,P001,Laptop Pro 15,Electronics,C009,Nasim Chowdhury,Individual,Dhaka,Individual,Rakib Islam,In-Store,8,830.04,15,996.05,5644.27,5440.0,204.27,Mobile Banking,Completed,3.1,
ORD-2369,2023-08-18,2023-08,Q3-2023,P011,Whiteboard,Stationery,C002,Farzana Islam,SMB,Chittagong,SMB,Dilnoza Haque,Direct Sales,7,27.22,5,9.53,181.01,148.75,32.26,Mobile Banking,Completed,3.5,
ORD-1014,2023-08-19,2023-08,Q3-2023,P002,Wireless Mouse,Electronics,C006,Sumaiya Akter,Individual,Dhaka,Individual,Arif Khan,Online,1,13.52,0,0.0,13.52,10.2,3.32,Cash,Completed,,
ORD-1036,2023-08-19,2023-08,Q3-2023,P013,Headset Pro,Electronics,C004,Nusrat Jahan,Corporate,Dhaka,Corporate,Mohin Uddin,Online,5,67.01,0,0.0,335.05,297.5,37.55,Bank Transfer,Returned,3.9,
ORD-1699,2023-08-19,2023-08,Q3-2023,P012,Webcam HD,Electronics,C012,Shapna Das,Individual,Mymensingh,Individual,Dilnoza Haque,Direct Sales,2,49.08,20,19.63,78.53,68.0,10.53,Mobile Banking,Completed,3.9,
ORD-1722,2023-08-19,2023-08,Q3-2023,P003,USB-C Hub,Electronics,C002,Farzana Islam,SMB,Chittagong,SMB,Arif Khan,Direct Sales,12,24.04,10,28.85,259.63,204.0,55.63,Bank Transfer,Returned,,Changed Mind
ORD-1857,2023-08-19,2023-08,Q3-2023,P011,Whiteboard,Stationery,C006,Sumaiya Akter,Individual,Dhaka,Individual,Sabrina Noor,Online,14,27.33,20,76.52,306.1,297.5,8.6,Cash,Completed,4.5,
ORD-2036,2023-08-20,2023-08,Q3-2023,P008,Desk Lamp,Furniture,C011,Imran Ali,Corporate,Dhaka,Corporate,Arif Khan,Direct Sales,7,17.89,0,0.0,125.23,107.1,18.13,Bank Transfer,Returned,5.0,
ORD-1319,2023-08-22,2023-08,Q3-2023,P015,Sticky Notes Bulk,Stationery,C005,Kamal Pasha,SMB,Rajshahi,SMB,Rakib Islam,Online,14,6.4,15,13.44,76.16,71.4,4.76,Bank Transfer,Completed,4.1,
ORD-1972,2023-08-22,2023-08,Q3-2023,P001,Laptop Pro 15,Electronics,C014,Parisa Begum,Corporate,Dhaka,Corporate,Rakib Islam,Reseller,7,899.98,0,0.0,6299.86,4760.0,1539.86,Bank Transfer,Returned,2.9,
ORD-2152,2023-08-22,2023-08,Q3-2023,P006,Office Chair,Furniture,C015,Tanvir Ahmed,Individual,Rangpur,Individual,Rakib Islam,In-Store,11,158.88,10,174.77,1572.91,1215.5,357.41,Mobile Banking,Pending,3.2,
ORD-2243,2023-08-23,2023-08,Q3-2023,P012,Webcam HD,Electronics,C014,Parisa Begum,Corporate,Dhaka,Corporate,Mohin Uddin,Reseller,6,41.19,10,24.71,222.43,204.0,18.43,Bank Transfer,Completed,4.0,
ORD-1757,2023-08-24,2023-08,Q3-2023,P007,Standing Desk,Furniture,C002,Farzana Islam,SMB,Chittagong,SMB,Sabrina Noor,Online,19,256.18,10,486.74,4380.68,3553.0,827.68,Card,Completed,,Defective
ORD-2411,2023-08-24,2023-08,Q3-2023,P006,Office Chair,Furniture,C012,Shapna Das,Individual,Mymensingh,Individual,Sabrina Noor,Reseller,18,143.12,0,0.0,2576.16,1989.0,587.16,Card,Completed,,Defective
ORD-1791,2023-08-25,2023-08,Q3-2023,P002,Wireless Mouse,Electronics,C012,Shapna Das,Individual,Mymensingh,Individual,Dilnoza Haque,Reseller,5,13.22,15,9.92,56.18,51.0,5.18,Card,Completed,2.7,
ORD-1847,2023-08-26,2023-08,Q3-2023,P002,Wireless Mouse,Electronics,C011,Imran Ali,Corporate,Dhaka,Corporate,Sabrina Noor,In-Store,4,13.2,15,7.92,44.88,40.8,4.08,Cash,Completed,3.5,Defective
ORD-1628,2023-08-27,2023-08,Q3-2023,P014,Filing Cabinet,Furniture,C010,Riya Sen,SMB,Barisal,SMB,Dilnoza Haque,Online,20,85.79,5,85.79,1630.01,1530.0,100.01,Mobile Banking,Completed,3.3,
ORD-1908,2023-08-27,2023-08,Q3-2023,P001,Laptop Pro 15,Electronics,C013,Zahid Hasan,SMB,Sylhet,SMB,Sabrina Noor,Online,16,820.49,0,0.0,13127.84,10880.0,2247.84,Mobile Banking,Pending,4.7,
ORD-2042,2023-08-27,2023-08,Q3-2023,P010,Pen Pack,Stationery,C013,Zahid Hasan,SMB,Sylhet,SMB,Mohin Uddin,Reseller,17,3.7,0,0.0,62.9,43.35,19.55,Cash,Pending,,
ORD-1937,2023-08-28,2023-08,Q3-2023,P013,Headset Pro,Electronics,C015,Tanvir Ahmed,Individual,Rangpur,Individual,Mohin Uddin,Direct Sales,17,68.76,5,58.45,1110.47,1011.5,98.97,Cash,Completed,4.8,Wrong Item
ORD-2066,2023-08-28,2023-08,Q3-2023,P001,Laptop Pro 15,Electronics,C007,Tariq Hassan,Corporate,Khulna,Corporate,Mohin Uddin,Online,1,895.05,20,179.01,716.04,680.0,36.04,Card,Completed,2.7,
ORD-1546,2023-08-30,2023-08,Q3-2023,P015,Sticky Notes Bulk,Stationery,C007,Tariq Hassan,Corporate,Khulna,Corporate,Rakib Islam,Direct Sales,7,5.96,0,0.0,41.72,35.7,6.02,Bank Transfer,Completed,2.6,
ORD-1247,2023-08-31,2023-08,Q3-2023,P010,Pen Pack,Stationery,C006,Sumaiya Akter,Individual,Dhaka,Individual,Rakib Islam,In-Store,12,3.67,0,0.0,44.04,30.6,13.44,Card,Returned,2.9,
ORD-1451,2023-08-31,2023-08,Q3-2023,P012,Webcam HD,Electronics,C009,Nasim Chowdhury,Individual,Dhaka,Individual,Arif Khan,Online,9,42.93,10,38.64,347.73,306.0,41.73,Bank Transfer,Completed,,
ORD-1549,2023-08-31,2023-08,Q3-2023,P014,Filing Cabinet,Furniture,C008,Mitu Begum,SMB,Chittagong,SMB,Rakib Islam,Reseller,13,85.71,5,55.71,1058.52,994.5,64.02,Cash,Completed,4.6,
ORD-1052,2023-09-04,2023-09,Q3-2023,P012,Webcam HD,Electronics,C008,Mitu Begum,Chittagong,Chittagong,SMB,Sabrina Noor,Direct Sales,16,43.38,0,0.0,694.08,544.0,150.08,Card,Completed,3.4,
ORD-1297,2023-09-04,2023-09,Q3-2023,P006,Office Chair,Furniture,C005,Kamal Pasha,SMB,Rajshahi,SMB,Dilnoza Haque,In-Store,2,143.27,10,28.65,257.89,221.0,36.89,Cash,Returned,3.9,
ORD-1883,2023-09-05,2023-09,Q3-2023,P012,Webcam HD,Electronics,C005,Kamal Pasha,SMB,Rajshahi,SMB,Mohin Uddin,Online,4,42.04,20,33.63,134.53,136.0,-1.47,Cash,Completed,3.4,
ORD-1474,2023-09-06,2023-09,Q3-2023,P012,Webcam HD,Electronics,C011,Imran Ali,Dhaka,Dhaka,Corporate,Rakib Islam,Online,5,38.17,15,28.63,162.22,170.0,-7.78,Bank Transfer,Pending,,
ORD-1630,2023-09-06,2023-09,Q3-2023,P003,USB-C Hub,Electronics,C013,Zahid Hasan,SMB,Sylhet,SMB,Mohin Uddin,Reseller,2,19.36,0,0.0,38.72,34.0,4.72,Mobile Banking,Pending,4.4,
ORD-1759,2023-09-06,2023-09,Q3-2023,P004,Mechanical Keyboard,Electronics,C014,Parisa Begum,Corporate,Dhaka,Corporate,Sabrina Noor,Direct Sales,8,53.17,0,0.0,425.36,374.0,51.36,Cash,Returned,4.3,
ORD-1673,2023-09-08,2023-09,Q3-2023,P007,Standing Desk,Furniture,C003,Rahim Uddin,Individual,Sylhet,Individual,Sabrina Noor,Reseller,20,225.43,0,0.0,4508.6,3740.0,768.6,Bank Transfer,Completed,3.4,
ORD-1826,2023-09-08,2023-09,Q3-2023,P010,Pen Pack,Stationery,C012,Shapna Das,Mymensingh,Mymensingh,Individual,Dilnoza Haque,Online,14,3.17,15,6.66,37.72,35.7,2.02,Mobile Banking,Pending,3.6,Wrong Item
ORD-1050,2023-09-09,2023-09,Q3-2023,P014,Filing Cabinet,Furniture,C015,Tanvir Ahmed,Individual,Rangpur,Individual,Dilnoza Haque,Direct Sales,3,93.03,5,13.95,265.14,229.5,35.64,Mobile Banking,Completed,3.3,
ORD-2186,2023-09-09,2023-09,Q3-2023,P004,Mechanical Keyboard,Electronics,C014,Parisa Begum,Corporate,Dhaka,Corporate,Mohin Uddin,Reseller,1,59.41,0,0.0,59.41,46.75,12.66,Bank Transfer,Returned,,
ORD-2216,2023-09-09,2023-09,Q3-2023,P005,Monitor 27in,Electronics,C009,Nasim Chowdhury,Individual,Dhaka,Individual,Rakib Islam,In-Store,14,207.61,20,581.31,2325.23,2380.0,-54.77,Mobile Banking,Returned,3.2,
ORD-1930,2023-09-10,2023-09,Q3-2023,P005,Monitor 27in,Electronics,C014,Parisa Begum,Corporate,Dhaka,Corporate,Arif Khan,Direct Sales,7,234.84,15,246.58,1397.3,1190.0,207.3,Mobile Banking,Completed,3.9,
ORD-1731,2023-09-11,2023-09,Q3-2023,P010,Pen Pack,Stationery,C003,Rahim Uddin,Individual,Sylhet,Individual,Rakib Islam,In-Store,17,3.02,0,0.0,51.34,43.35,7.99,Bank Transfer,Completed,4.5,
ORD-1057,2023-09-12,2023-09,Q3-2023,P002,Wireless Mouse,Electronics,C009,Nasim Chowdhury,Individual,Dhaka,Individual,Mohin Uddin,Direct Sales,14,13.58,20,38.02,152.1,142.8,9.3,Bank Transfer,Returned,4.0,
ORD-2165,2023-09-12,2023-09,Q3-2023,P012,Webcam HD,Electronics,C005,Kamal Pasha,SMB,Rajshahi,SMB,Mohin Uddin,In-Store,8,42.55,5,17.02,323.38,272.0,51.38,Cash,Returned,2.6,
ORD-2173,2023-09-12,2023-09,Q3-2023,P003,USB-C Hub,Electronics,C011,Imran Ali,Corporate,Dhaka,Corporate,Sabrina Noor,Online,20,23.53,0,0.0,470.6,340.0,130.6,Mobile Banking,Returned,3.7,
ORD-1869,2023-09-13,2023-09,Q3-2023,P013,Headset Pro,Electronics,C009,Nasim Chowdhury,Dhaka,Dhaka,Individual,Rakib Islam,Reseller,10,73.59,5,36.8,699.1,595.0,104.1,Mobile Banking,Completed,4.5,
ORD-2101,2023-09-13,2023-09,Q3-2023,P008,Desk Lamp,Furniture,C010,Riya Sen,SMB,Barisal,SMB,Arif Khan,Direct Sales,16,21.91,0,0.0,350.56,244.8,105.76,Card,Pending,3.8,
ORD-1135,2023-09-14,2023-09,Q3-2023,P004,Mechanical Keyboard,Electronics,C011,Imran Ali,Corporate,Dhaka,Corporate,Mohin Uddin,Online,18,56.78,15,153.31,868.73,841.5,27.23,Card,Pending,2.9,
ORD-2238,2023-09-14,2023-09,Q3-2023,P013,Headset Pro,Electronics,C010,Riya Sen,SMB,Barisal,SMB,Dilnoza Haque,Reseller,18,82.17,20,295.81,1183.25,1071.0,112.25,Card,Completed,3.7,
ORD-1025,2023-09-15,2023-09,Q3-2023,P015,Sticky Notes Bulk,Stationery,C015,Tanvir Ahmed,Individual,Rangpur,Individual,Arif Khan,Online,2,5.87,5,0.59,11.15,10.2,0.95,Mobile Banking,Completed,3.2,
ORD-1109,2023-09-16,2023-09,Q3-2023,P012,Webcam HD,Electronics,C014,Parisa Begum,Dhaka,Dhaka,Corporate,Sabrina Noor,Reseller,20,48.48,0,0.0,969.6,680.0,289.6,Mobile Banking,Returned,,
ORD-1181,2023-09-16,2023-09,Q3-2023,P014,Filing Cabinet,Furniture,C006,Sumaiya Akter,Individual,Dhaka,Individual,Dilnoza Haque,Direct Sales,9,106.96,0,0.0,962.64,688.5,274.14,Card,Completed,4.6,
ORD-1658,2023-09-16,2023-09,Q3-2023,P004,Mechanical Keyboard,Electronics,C009,Nasim Chowdhury,Individual,Dhaka,Individual,Dilnoza Haque,Direct Sales,2,59.88,0,0.0,119.76,93.5,26.26,Mobile Banking,Returned,3.5,
ORD-2117,2023-09-16,2023-09,Q3-2023,P004,Mechanical Keyboard,Electronics,C009,Nasim Chowdhury,Individual,Dhaka,Individual,Rakib Islam,In-Store,1,57.36,0,0.0,57.36,46.75,10.61,Bank Transfer,Returned,3.6,
ORD-2136,2023-09-16,2023-09,Q3-2023,P009,Notebook Set,Stationery,C002,Farzana Islam,SMB,Chittagong,SMB,Arif Khan,Direct Sales,3,5.12,20,3.07,12.29,12.75,-0.46,Bank Transfer,Completed,5.0,
ORD-2473,2023-09-16,2023-09,Q3-2023,P002,Wireless Mouse,Electronics,C005,Kamal Pasha,SMB,Rajshahi,SMB,Sabrina Noor,Online,9,13.15,0,0.0,118.35,91.8,26.55,Cash,Returned,4.9,
ORD-1419,2023-09-17,2023-09,Q3-2023,P001,Laptop Pro 15,Electronics,C008,Mitu Begum,SMB,Chittagong,SMB,Mohin Uddin,Direct Sales,16,965.3,10,1544.48,13900.32,10880.0,3020.32,Card,Completed,3.7,
ORD-1642,2023-09-18,2023-09,Q3-2023,P009,Notebook Set,Stationery,C002,Farzana Islam,SMB,Chittagong,SMB,Rakib Islam,In-Store,5,5.88,0,0.0,29.4,21.25,8.15,Cash,Returned,3.3,
ORD-2156,2023-09-18,2023-09,Q3-2023,P015,Sticky Notes Bulk,Stationery,C008,Mitu Begum,SMB,Chittagong,SMB,Rakib Islam,Direct Sales,15,7.38,10,11.07,99.63,76.5,23.13,Card,Completed,,
ORD-1100,2023-09-19,2023-09,Q3-2023,P005,Monitor 27in,Electronics,C006,Sumaiya Akter,Individual,Dhaka,Individual,Sabrina Noor,Direct Sales,4,190.46,15,114.28,647.56,680.0,-32.44,Card,Pending,4.2,
ORD-2002,2023-09-19,2023-09,Q3-2023,P009,Notebook Set,Stationery,C002,Farzana Islam,SMB,Chittagong,SMB,Dilnoza Haque,Online,15,4.77,5,3.58,67.97,63.75,4.22,Mobile Banking,Completed,4.6,
ORD-1316,2023-09-20,2023-09,Q3-2023,P009,Notebook Set,Stationery,C012,Shapna Das,Individual,Mymensingh,Individual,Rakib Islam,Direct Sales,10,4.79,10,4.79,43.11,42.5,0.61,Bank Transfer,Completed,4.1,
ORD-2237,2023-09-20,2023-09,Q3-2023,P001,Laptop Pro 15,Electronics,C015,Tanvir Ahmed,Individual,Rangpur,Individual,Dilnoza Haque,In-Store,19,858.19,0,0.0,16305.61,12920.0,3385.61,Cash,Completed,4.0,
ORD-1456,2023-09-21,2023-09,Q3-2023,P001,Laptop Pro 15,Electronics,C012,Shapna Das,Individual,Mymensingh,Individual,Dilnoza Haque,Reseller,4,904.92,10,361.97,3257.71,2720.0,537.71,Card,Completed,3.1,
ORD-1465,2023-09-21,2023-09,Q3-2023,P003,USB-C Hub,Electronics,C013,Zahid Hasan,SMB,Sylhet,SMB,Rakib Islam,Online,3,20.66,0,0.0,61.98,51.0,10.98,Mobile Banking,Completed,,
ORD-2187,2023-09-21,2023-09,Q3-2023,P002,Wireless Mouse,Electronics,C014,Parisa Begum,Corporate,Dhaka,Corporate,Sabrina Noor,Direct Sales,5,13.4,20,13.4,53.6,51.0,2.6,Card,Completed,3.8,
ORD-2208,2023-09-22,2023-09,Q3-2023,P003,USB-C Hub,Electronics,C011,Imran Ali,Corporate,Dhaka,Corporate,Dilnoza Haque,In-Store,10,23.03,5,11.52,218.78,170.0,48.78,Card,Completed,,Changed Mind
ORD-2398,2023-09-22,2023-09,Q3-2023,P013,Headset Pro,Electronics,C007,Tariq Hassan,Corporate,Khulna,Corporate,Dilnoza Haque,Reseller,13,82.95,20,215.67,862.68,773.5,89.18,Mobile Banking,Completed,,
ORD-1357,2023-09-23,2023-09,Q3-2023,P003,USB-C Hub,Electronics,C009,Nasim Chowdhury,Individual,Dhaka,Individual,Rakib Islam,Reseller,9,20.42,5,9.19,174.59,153.0,21.59,Card,Returned,3.5,
ORD-1621,2023-09-23,2023-09,Q3-2023,P015,Sticky Notes Bulk,Stationery,C010,Riya Sen,SMB,Barisal,SMB,Sabrina Noor,Online,8,7.29,15,8.75,49.57,40.8,8.77,Mobile Banking,Pending,2.5,
ORD-1846,2023-09-23,2023-09,Q3-2023,P003,USB-C Hub,Electronics,C012,Shapna Das,Individual,Mymensingh,Individual,Mohin Uddin,Direct Sales,11,22.53,10,24.78,223.05,187.0,36.05,Cash,Completed,,
ORD-2194,2023-09-24,2023-09,Q3-2023,P003,USB-C Hub,Electronics,C011,Imran Ali,Corporate,Dhaka,Corporate,Rakib Islam,Online,17,19.58,10,33.29,299.57,289.0,10.57,Bank Transfer,Completed,4.2,
ORD-2084,2023-09-25,2023-09,Q3-2023,P009,Notebook Set,Stationery,C004,Nusrat Jahan,Corporate,Dhaka,Corporate,Arif Khan,Reseller,16,5.17,0,0.0,82.72,68.0,14.72,Cash,Completed,4.5,
ORD-2111,2023-09-25,2023-09,Q3-2023,P004,Mechanical Keyboard,Electronics,C004,Nusrat Jahan,Dhaka,Dhaka,Corporate,Sabrina Noor,Direct Sales,2,62.89,10,12.58,113.2,93.5,19.7,Cash,Completed,3.1,
ORD-1332,2023-09-27,2023-09,Q3-2023,P010,Pen Pack,Stationery,C009,Nasim Chowdhury,Individual,Dhaka,Individual,Mohin Uddin,Online,19,3.01,15,8.58,48.61,48.45,0.16,Mobile Banking,Returned,3.1,
ORD-2294,2023-09-27,2023-09,Q3-2023,P001,Laptop Pro 15,Electronics,C007,Tariq Hassan,Khulna,Khulna,Corporate,Sabrina Noor,In-Store,17,921.91,0,0.0,15672.47,11560.0,4112.47,Card,Returned,4.8,Changed Mind
ORD-1024,2023-09-28,2023-09,Q3-2023,P002,Wireless Mouse,Electronics,C015,Tanvir Ahmed,Individual,Rangpur,Individual,Mohin Uddin,In-Store,4,14.07,0,0.0,56.28,40.8,15.48,Mobile Banking,Completed,4.6,
ORD-1060,2023-09-28,2023-09,Q3-2023,P013,Headset Pro,Electronics,C013,Zahid Hasan,SMB,Sylhet,SMB,Mohin Uddin,In-Store,19,80.38,0,0.0,1527.22,1130.5,396.72,Card,Completed,2.7,
ORD-1599,2023-09-28,2023-09,Q3-2023,P010,Pen Pack,Stationery,C008,Mitu Begum,SMB,Chittagong,SMB,Dilnoza Haque,Direct Sales,14,3.75,15,7.88,44.62,35.7,8.92,Card,Completed,3.7,
ORD-1827,2023-09-29,2023-09,Q3-2023,P015,Sticky Notes Bulk,Stationery,C011,Imran Ali,Corporate,Dhaka,Corporate,Rakib Islam,Reseller,12,7.3,5,4.38,83.22,61.2,22.02,Card,Completed,4.3,
ORD-2305,2023-09-29,2023-09,Q3-2023,P007,Standing Desk,Furniture,C010,Riya Sen,SMB,Barisal,SMB,Sabrina Noor,Online,5,257.34,10,128.67,1158.03,935.0,223.03,Card,Completed,4.9,
ORD-1686,2023-09-30,2023-09,Q3-2023,P015,Sticky Notes Bulk,Stationery,C008,Mitu Begum,SMB,Chittagong,SMB,Rakib Islam,Reseller,16,7.06,10,11.3,101.66,81.6,20.06,Mobile Banking,Completed,4.2,
ORD-2102,2023-09-30,2023-09,Q3-2023,P002,Wireless Mouse,Electronics,C008,Mitu Begum,SMB,Chittagong,SMB,Sabrina Noor,Reseller,13,14.2,20,36.92,147.68,132.6,15.08,Cash,Returned,4.1,
ORD-2433,2023-09-30,2023-09,Q3-2023,P003,USB-C Hub,Electronics,C003,Rahim Uddin,Individual,Sylhet,Individual,Mohin Uddin,Online,5,22.62,5,5.66,107.44,85.0,22.44,Bank Transfer,Completed,4.7,Changed Mind
ORD-1125,2023-10-01,2023-10,Q4-2023,P013,Headset Pro,Electronics,C002,Farzana Islam,SMB,Chittagong,SMB,Sabrina Noor,Reseller,14,68.16,10,95.42,858.82,833.0,25.82,Mobile Banking,Completed,,
ORD-1897,2023-10-02,2023-10,Q4-2023,P009,Notebook Set,Stationery,C004,Nusrat Jahan,Corporate,Dhaka,Corporate,Rakib Islam,Direct Sales,14,4.84,20,13.55,54.21,59.5,-5.29,Bank Transfer,Returned,3.2,
ORD-2488,2023-10-02,2023-10,Q4-2023,P012,Webcam HD,Electronics,C013,Zahid Hasan,SMB,Sylhet,SMB,Dilnoza Haque,Reseller,11,49.36,0,0.0,542.96,374.0,168.96,Bank Transfer,Completed,4.8,
ORD-1267,2023-10-03,2023-10,Q4-2023,P015,Sticky Notes Bulk,Stationery,C006,Sumaiya Akter,Individual,Dhaka,Individual,Rakib Islam,Direct Sales,1,6.31,20,1.26,5.05,5.1,-0.05,Cash,Completed,,
ORD-1373,2023-10-03,2023-10,Q4-2023,P003,USB-C Hub,Electronics,C012,Shapna Das,Mymensingh,Mymensingh,Individual,Arif Khan,Direct Sales,15,23.36,0,0.0,350.4,255.0,95.4,Card,Completed,4.5,
ORD-1727,2023-10-03,2023-10,Q4-2023,P002,Wireless Mouse,Electronics,C008,Mitu Begum,SMB,Chittagong,SMB,Arif Khan,Reseller,15,11.98,0,0.0,179.7,153.0,26.7,Card,Completed,,
ORD-2180,2023-10-04,2023-10,Q4-2023,P001,Laptop Pro 15,Electronics,C001,Ahmed Hossain,Corporate,Dhaka,Corporate,Dilnoza Haque,Direct Sales,17,812.49,10,1381.23,12431.1,11560.0,871.1,Mobile Banking,Pending,4.1,
ORD-1716,2023-10-05,2023-10,Q4-2023,P010,Pen Pack,Stationery,C002,Farzana Islam,SMB,Chittagong,SMB,Rakib Islam,Direct Sales,2,3.0,20,1.2,4.8,5.1,-0.3,Bank Transfer,Pending,,
ORD-1999,2023-10-05,2023-10,Q4-2023,P004,Mechanical Keyboard,Electronics,C015,Tanvir Ahmed,Individual,Rangpur,Individual,Dilnoza Haque,Online,7,64.99,0,0.0,454.93,327.25,127.68,Bank Transfer,Completed,4.4,
ORD-2096,2023-10-05,2023-10,Q4-2023,P006,Office Chair,Furniture,C004,Nusrat Jahan,Corporate,Dhaka,Corporate,Mohin Uddin,Reseller,1,142.9,0,0.0,142.9,110.5,32.4,Card,Completed,4.3,
ORD-1040,2023-10-06,2023-10,Q4-2023,P006,Office Chair,Furniture,C006,Sumaiya Akter,Individual,Dhaka,Individual,Sabrina Noor,In-Store,18,126.64,0,0.0,2279.52,1989.0,290.52,Cash,Returned,3.9,
ORD-2323,2023-10-06,2023-10,Q4-2023,P006,Office Chair,Furniture,C003,Rahim Uddin,Individual,Sylhet,Individual,Rakib Islam,Direct Sales,8,156.44,10,125.15,1126.37,884.0,242.37,Card,Completed,3.9,
ORD-1124,2023-10-07,2023-10,Q4-2023,P002,Wireless Mouse,Electronics,C013,Zahid Hasan,SMB,Sylhet,SMB,Dilnoza Haque,Reseller,12,12.97,5,7.78,147.86,122.4,25.46,Card,Returned,3.4,
ORD-1508,2023-10-07,2023-10,Q4-2023,P007,Standing Desk,Furniture,C003,Rahim Uddin,Individual,Sylhet,Individual,Sabrina Noor,In-Store,18,239.5,10,431.1,3879.9,3366.0,513.9,Card,Returned,3.7,
ORD-1817,2023-10-07,2023-10,Q4-2023,P006,Office Chair,Furniture,C002,Farzana Islam,SMB,Chittagong,SMB,Sabrina Noor,Reseller,2,148.8,15,44.64,252.96,221.0,31.96,Card,Returned,,
ORD-2223,2023-10-07,2023-10,Q4-2023,P010,Pen Pack,Stationery,C013,Zahid Hasan,Sylhet,Sylhet,SMB,Sabrina Noor,Direct Sales,7,3.29,0,0.0,23.03,17.85,5.18,Card,Pending,2.8,
ORD-1698,2023-10-08,2023-10,Q4-2023,P014,Filing Cabinet,Furniture,C012,Shapna Das,Individual,Mymensingh,Individual,Rakib Islam,Direct Sales,19,98.41,20,373.96,1495.83,1453.5,42.33,Cash,Completed,,
ORD-2202,2023-10-08,2023-10,Q4-2023,P009,Notebook Set,Stationery,C007,Tariq Hassan,Corporate,Khulna,Corporate,Sabrina Noor,Direct Sales,17,6.24,10,10.61,95.47,72.25,23.22,Cash,Returned,4.0,
ORD-2416,2023-10-08,2023-10,Q4-2023,P014,Filing Cabinet,Furniture,C008,Mitu Begum,Chittagong,Chittagong,SMB,Arif Khan,Direct Sales,5,92.35,0,0.0,461.75,382.5,79.25,Mobile Banking,Completed,4.8,
ORD-2436,2023-10-09,2023-10,Q4-2023,P001,Laptop Pro 15,Electronics,C008,Mitu Begum,SMB,Chittagong,SMB,Dilnoza Haque,In-Store,6,810.71,0,0.0,4864.26,4080.0,784.26,Card,Pending,4.7,Changed Mind
ORD-1085,2023-10-10,2023-10,Q4-2023,P004,Mechanical Keyboard,Electronics,C002,Farzana Islam,SMB,Chittagong,SMB,Mohin Uddin,Online,15,53.76,0,0.0,806.4,701.25,105.15,Cash,Completed,2.8,
ORD-1348,2023-10-10,2023-10,Q4-2023,P013,Headset Pro,Electronics,C007,Tariq Hassan,Corporate,Khulna,Corporate,Mohin Uddin,Online,12,80.56,5,48.34,918.38,714.0,204.38,Cash,Completed,4.3,
ORD-1872,2023-10-10,2023-10,Q4-2023,P005,Monitor 27in,Electronics,C014,Parisa Begum,Corporate,Dhaka,Corporate,Mohin Uddin,Online,16,197.63,15,474.31,2687.77,2720.0,-32.23,Card,Completed,3.0,
ORD-2041,2023-10-10,2023-10,Q4-2023,P010,Pen Pack,Stationery,C005,Kamal Pasha,SMB,Rajshahi,SMB,Sabrina Noor,Direct Sales,1,3.49,5,0.17,3.32,2.55,0.77,Card,Returned,4.2,
ORD-2230,2023-10-10,2023-10,Q4-2023,P014,Filing Cabinet,Furniture,C008,Mitu Begum,SMB,Chittagong,SMB,Sabrina Noor,Online,13,92.78,5,60.31,1145.83,994.5,151.33,Card,Returned,5.0,
ORD-1494,2023-10-11,2023-10,Q4-2023,P001,Laptop Pro 15,Electronics,C002,Farzana Islam,SMB,Chittagong,SMB,Arif Khan,Direct Sales,12,842.85,5,505.71,9608.49,8160.0,1448.49,Mobile Banking,Returned,4.5,Defective
ORD-1520,2023-10-12,2023-10,Q4-2023,P010,Pen Pack,Stationery,C006,Sumaiya Akter,Individual,Dhaka,Individual,Mohin Uddin,In-Store,12,2.99,10,3.59,32.29,30.6,1.69,Cash,Completed,4.4,
ORD-1670,2023-10-12,2023-10,Q4-2023,P006,Office Chair,Furniture,C011,Imran Ali,Corporate,Dhaka,Corporate,Rakib Islam,Online,2,143.81,5,14.38,273.24,221.0,52.24,Card,Completed,3.0,
ORD-1095,2023-10-13,2023-10,Q4-2023,P010,Pen Pack,Stationery,C004,Nusrat Jahan,Corporate,Dhaka,Corporate,Mohin Uddin,Online,14,3.61,20,10.11,40.43,35.7,4.73,Mobile Banking,Completed,,
ORD-1777,2023-10-13,2023-10,Q4-2023,P008,Desk Lamp,Furniture,C001,Ahmed Hossain,Corporate,Dhaka,Corporate,Sabrina Noor,Reseller,18,17.94,5,16.15,306.77,275.4,31.37,Cash,Pending,2.7,
ORD-1890,2023-10-13,2023-10,Q4-2023,P012,Webcam HD,Electronics,C011,Imran Ali,Dhaka,Dhaka,Corporate,Sabrina Noor,Online,4,49.62,20,39.7,158.78,136.0,22.78,Mobile Banking,Completed,3.2,
ORD-2387,2023-10-13,2023-10,Q4-2023,P013,Headset Pro,Electronics,C005,Kamal Pasha,SMB,Rajshahi,SMB,Dilnoza Haque,Reseller,16,69.54,0,0.0,1112.64,952.0,160.64,Cash,Completed,3.2,
ORD-2424,2023-10-13,2023-10,Q4-2023,P006,Office Chair,Furniture,C012,Shapna Das,Mymensingh,Mymensingh,Individual,Arif Khan,Online,19,138.29,20,525.5,2102.01,2099.5,2.51,Bank Transfer,Returned,4.2,
ORD-1084,2023-10-14,2023-10,Q4-2023,P001,Laptop Pro 15,Electronics,C012,Shapna Das,Individual,Mymensingh,Individual,Rakib Islam,Online,12,812.14,5,487.28,9258.4,8160.0,1098.4,Mobile Banking,Pending,4.1,
ORD-1244,2023-10-14,2023-10,Q4-2023,P007,Standing Desk,Furniture,C003,Rahim Uddin,Individual,Sylhet,Individual,Mohin Uddin,Online,14,222.16,20,622.05,2488.19,2618.0,-129.81,Bank Transfer,Completed,4.5,
ORD-2014,2023-10-14,2023-10,Q4-2023,P011,Whiteboard,Stationery,C013,Zahid Hasan,SMB,Sylhet,SMB,Sabrina Noor,Reseller,17,30.68,0,0.0,521.56,361.25,160.31,Mobile Banking,Returned,3.6,
ORD-2313,2023-10-14,2023-10,Q4-2023,P015,Sticky Notes Bulk,Stationery,C009,Nasim Chowdhury,Individual,Dhaka,Individual,Rakib Islam,Reseller,6,7.1,0,0.0,42.6,30.6,12.0,Card,Pending,4.0,
ORD-2123,2023-10-15,2023-10,Q4-2023,P012,Webcam HD,Electronics,C005,Kamal Pasha,Rajshahi,Rajshahi,SMB,Rakib Islam,In-Store,16,40.43,0,0.0,646.88,544.0,102.88,Card,Returned,5.0,
ORD-2401,2023-10-15,2023-10,Q4-2023,P012,Webcam HD,Electronics,C002,Farzana Islam,SMB,Chittagong,SMB,Rakib Islam,Direct Sales,3,42.47,20,25.48,101.93,102.0,-0.07,Cash,Completed,4.9,
ORD-2091,2023-10-16,2023-10,Q4-2023,P013,Headset Pro,Electronics,C003,Rahim Uddin,Individual,Sylhet,Individual,Arif Khan,Direct Sales,3,67.79,5,10.17,193.2,178.5,14.7,Cash,Returned,,
ORD-1994,2023-10-17,2023-10,Q4-2023,P010,Pen Pack,Stationery,C006,Sumaiya Akter,Dhaka,Dhaka,Individual,Mohin Uddin,Online,3,3.51,10,1.05,9.48,7.65,1.83,Card,Pending,2.7,Wrong Item
ORD-1099,2023-10-18,2023-10,Q4-2023,P011,Whiteboard,Stationery,C011,Imran Ali,Corporate,Dhaka,Corporate,Sabrina Noor,Direct Sales,19,27.4,15,78.09,442.51,403.75,38.76,Cash,Completed,4.9,
ORD-1341,2023-10-18,2023-10,Q4-2023,P010,Pen Pack,Stationery,C015,Tanvir Ahmed,Rangpur,Rangpur,Individual,Arif Khan,Online,18,3.22,0,0.0,57.96,45.9,12.06,Cash,Returned,4.2,
ORD-2269,2023-10-18,2023-10,Q4-2023,P014,Filing Cabinet,Furniture,C010,Riya Sen,SMB,Barisal,SMB,Mohin Uddin,In-Store,4,111.43,5,22.29,423.43,306.0,117.43,Bank Transfer,Completed,3.4,Defective
ORD-1325,2023-10-19,2023-10,Q4-2023,P010,Pen Pack,Stationery,C002,Farzana Islam,SMB,Chittagong,SMB,Rakib Islam,In-Store,7,3.14,5,1.1,20.88,17.85,3.03,Mobile Banking,Completed,2.9,
ORD-1154,2023-10-20,2023-10,Q4-2023,P011,Whiteboard,Stationery,C001,Ahmed Hossain,Corporate,Dhaka,Corporate,Arif Khan,In-Store,3,28.64,0,0.0,85.92,63.75,22.17,Bank Transfer,Completed,2.6,
ORD-1886,2023-10-20,2023-10,Q4-2023,P006,Office Chair,Furniture,C007,Tariq Hassan,Khulna,Khulna,Corporate,Sabrina Noor,Direct Sales,11,153.03,0,0.0,1683.33,1215.5,467.83,Mobile Banking,Pending,3.3,
ORD-2462,2023-10-20,2023-10,Q4-2023,P002,Wireless Mouse,Electronics,C008,Mitu Begum,Chittagong,Chittagong,SMB,Sabrina Noor,In-Store,18,12.32,10,22.18,199.58,183.6,15.98,Card,Completed,4.6,
ORD-1369,2023-10-21,2023-10,Q4-2023,P008,Desk Lamp,Furniture,C009,Nasim Chowdhury,Individual,Dhaka,Individual,Dilnoza Haque,Reseller,1,20.81,5,1.04,19.77,15.3,4.47,Cash,Returned,4.0,
ORD-1557,2023-10-22,2023-10,Q4-2023,P012,Webcam HD,Electronics,C008,Mitu Begum,SMB,Chittagong,SMB,Sabrina Noor,Reseller,13,39.56,20,102.86,411.42,442.0,-30.58,Card,Returned,,
ORD-2229,2023-10-22,2023-10,Q4-2023,P003,USB-C Hub,Electronics,C005,Kamal Pasha,Rajshahi,Rajshahi,SMB,Mohin Uddin,Online,9,20.06,20,36.11,144.43,153.0,-8.57,Bank Transfer,Completed,3.1,
ORD-2318,2023-10-22,2023-10,Q4-2023,P014,Filing Cabinet,Furniture,C005,Kamal Pasha,SMB,Rajshahi,SMB,Arif Khan,Online,8,85.71,0,0.0,685.68,612.0,73.68,Cash,Returned,2.9,
ORD-1150,2023-10-23,2023-10,Q4-2023,P012,Webcam HD,Electronics,C004,Nusrat Jahan,Corporate,Dhaka,Corporate,Rakib Islam,Reseller,16,41.8,0,0.0,668.8,544.0,124.8,Cash,Pending,3.4,Changed Mind
ORD-1513,2023-10-24,2023-10,Q4-2023,P005,Monitor 27in,Electronics,C009,Nasim Chowdhury,Individual,Dhaka,Individual,Arif Khan,In-Store,3,220.83,20,132.5,529.99,510.0,19.99,Mobile Banking,Completed,4.2,
ORD-2279,2023-10-24,2023-10,Q4-2023,P005,Monitor 27in,Electronics,C010,Riya Sen,SMB,Barisal,SMB,Rakib Islam,In-Store,6,246.1,15,221.49,1255.11,1020.0,235.11,Bank Transfer,Pending,4.1,
ORD-1284,2023-10-25,2023-10,Q4-2023,P008,Desk Lamp,Furniture,C012,Shapna Das,Individual,Mymensingh,Individual,Sabrina Noor,Reseller,17,20.32,0,0.0,345.44,260.1,85.34,Bank Transfer,Completed,2.9,
ORD-1329,2023-10-25,2023-10,Q4-2023,P003,USB-C Hub,Electronics,C008,Mitu Begum,SMB,Chittagong,SMB,Arif Khan,In-Store,17,22.06,5,18.75,356.27,289.0,67.27,Card,Pending,,
ORD-1769,2023-10-25,2023-10,Q4-2023,P003,USB-C Hub,Electronics,C003,Rahim Uddin,Sylhet,Sylhet,Individual,Sabrina Noor,In-Store,15,19.47,15,43.81,248.24,255.0,-6.76,Card,Completed,3.8,Changed Mind
ORD-1876,2023-10-25,2023-10,Q4-2023,P015,Sticky Notes Bulk,Stationery,C003,Rahim Uddin,Individual,Sylhet,Individual,Rakib Islam,Reseller,19,5.75,10,10.93,98.32,96.9,1.42,Card,Returned,2.6,
ORD-1259,2023-10-26,2023-10,Q4-2023,P002,Wireless Mouse,Electronics,C008,Mitu Begum,SMB,Chittagong,SMB,Rakib Islam,Online,4,12.51,5,2.5,47.54,40.8,6.74,Bank Transfer,Completed,3.5,
ORD-1991,2023-10-26,2023-10,Q4-2023,P012,Webcam HD,Electronics,C001,Ahmed Hossain,Corporate,Dhaka,Corporate,Rakib Islam,Reseller,5,47.27,0,0.0,236.35,170.0,66.35,Bank Transfer,Completed,,
ORD-1010,2023-10-28,2023-10,Q4-2023,P007,Standing Desk,Furniture,C003,Rahim Uddin,Individual,Sylhet,Individual,Rakib Islam,In-Store,15,209.21,15,470.72,2667.43,2805.0,-137.57,Cash,Completed,3.8,
ORD-1350,2023-10-29,2023-10,Q4-2023,P006,Office Chair,Furniture,C002,Farzana Islam,SMB,Chittagong,SMB,Mohin Uddin,Reseller,17,160.81,10,273.38,2460.39,1878.5,581.89,Bank Transfer,Returned,4.4,
ORD-2427,2023-10-29,2023-10,Q4-2023,P009,Notebook Set,Stationery,C003,Rahim Uddin,Individual,Sylhet,Individual,Dilnoza Haque,In-Store,13,5.55,10,7.21,64.94,55.25,9.69,Bank Transfer,Pending,2.5,
ORD-1157,2023-10-30,2023-10,Q4-2023,P010,Pen Pack,Stationery,C011,Imran Ali,Corporate,Dhaka,Corporate,Dilnoza Haque,Direct Sales,7,3.01,20,4.21,16.86,17.85,-0.99,Mobile Banking,Completed,2.7,
ORD-2019,2023-10-31,2023-10,Q4-2023,P007,Standing Desk,Furniture,C015,Tanvir Ahmed,Individual,Rangpur,Individual,Sabrina Noor,Reseller,17,273.15,5,232.18,4411.37,3179.0,1232.37,Cash,Completed,3.9,
ORD-1204,2023-11-01,2023-11,Q4-2023,P015,Sticky Notes Bulk,Stationery,C010,Riya Sen,SMB,Barisal,SMB,Sabrina Noor,Reseller,19,5.85,0,0.0,111.15,96.9,14.25,Cash,Completed,2.9,
ORD-1949,2023-11-01,2023-11,Q4-2023,P011,Whiteboard,Stationery,C001,Ahmed Hossain,Dhaka,Dhaka,Corporate,Dilnoza Haque,In-Store,20,24.59,15,73.77,418.03,425.0,-6.97,Card,Completed,2.8,
ORD-1280,2023-11-02,2023-11,Q4-2023,P007,Standing Desk,Furniture,C001,Ahmed Hossain,Corporate,Dhaka,Corporate,Mohin Uddin,Direct Sales,5,218.07,0,0.0,1090.35,935.0,155.35,Card,Completed,3.0,
ORD-1709,2023-11-02,2023-11,Q4-2023,P006,Office Chair,Furniture,C009,Nasim Chowdhury,Dhaka,Dhaka,Individual,Rakib Islam,Online,6,140.0,15,126.0,714.0,663.0,51.0,Mobile Banking,Pending,3.9,
ORD-1725,2023-11-02,2023-11,Q4-2023,P006,Office Chair,Furniture,C002,Farzana Islam,SMB,Chittagong,SMB,Rakib Islam,Online,1,137.14,15,20.57,116.57,110.5,6.07,Cash,Returned,2.7,
ORD-1145,2023-11-03,2023-11,Q4-2023,P010,Pen Pack,Stationery,C006,Sumaiya Akter,Individual,Dhaka,Individual,Mohin Uddin,Reseller,17,3.6,10,6.12,55.08,43.35,11.73,Bank Transfer,Completed,4.2,Changed Mind
ORD-1865,2023-11-04,2023-11,Q4-2023,P014,Filing Cabinet,Furniture,C002,Farzana Islam,SMB,Chittagong,SMB,Arif Khan,Direct Sales,2,93.04,10,18.61,167.47,153.0,14.47,Bank Transfer,Returned,,
ORD-2093,2023-11-04,2023-11,Q4-2023,P013,Headset Pro,Electronics,C008,Mitu Begum,SMB,Chittagong,SMB,Mohin Uddin,In-Store,11,77.96,15,128.63,728.93,654.5,74.43,Cash,Completed,4.7,
ORD-1501,2023-11-05,2023-11,Q4-2023,P002,Wireless Mouse,Electronics,C015,Tanvir Ahmed,Individual,Rangpur,Individual,Dilnoza Haque,Reseller,1,12.86,5,0.64,12.22,10.2,2.02,Card,Completed,3.9,
ORD-1666,2023-11-05,2023-11,Q4-2023,P013,Headset Pro,Electronics,C010,Riya Sen,SMB,Barisal,SMB,Mohin Uddin,In-Store,16,87.15,0,0.0,1394.4,952.0,442.4,Mobile Banking,Completed,5.0,
ORD-1509,2023-11-06,2023-11,Q4-2023,P014,Filing Cabinet,Furniture,C010,Riya Sen,SMB,Barisal,SMB,Arif Khan,Online,10,98.84,15,148.26,840.14,765.0,75.14,Card,Completed,4.1,
ORD-1645,2023-11-06,2023-11,Q4-2023,P012,Webcam HD,Electronics,C014,Parisa Begum,Corporate,Dhaka,Corporate,Mohin Uddin,Reseller,9,40.29,10,36.26,326.35,306.0,20.35,Cash,Completed,3.4,
ORD-2132,2023-11-07,2023-11,Q4-2023,P014,Filing Cabinet,Furniture,C004,Nusrat Jahan,Corporate,Dhaka,Corporate,Arif Khan,Online,18,102.73,20,369.83,1479.31,1377.0,102.31,Mobile Banking,Completed,4.6,
ORD-1233,2023-11-08,2023-11,Q4-2023,P012,Webcam HD,Electronics,C010,Riya Sen,SMB,Barisal,SMB,Sabrina Noor,In-Store,8,43.57,10,34.86,313.7,272.0,41.7,Card,Completed,2.6,
ORD-1592,2023-11-08,2023-11,Q4-2023,P012,Webcam HD,Electronics,C012,Shapna Das,Individual,Mymensingh,Individual,Mohin Uddin,In-Store,11,48.91,0,0.0,538.01,374.0,164.01,Bank Transfer,Returned,4.7,
ORD-1810,2023-11-08,2023-11,Q4-2023,P002,Wireless Mouse,Electronics,C005,Kamal Pasha,SMB,Rajshahi,SMB,Rakib Islam,In-Store,11,13.88,20,30.54,122.14,112.2,9.94,Card,Pending,2.8,
ORD-1273,2023-11-09,2023-11,Q4-2023,P012,Webcam HD,Electronics,C012,Shapna Das,Individual,Mymensingh,Individual,Dilnoza Haque,Reseller,9,43.09,5,19.39,368.42,306.0,62.42,Card,Returned,3.8,
ORD-1821,2023-11-09,2023-11,Q4-2023,P014,Filing Cabinet,Furniture,C015,Tanvir Ahmed,Rangpur,Rangpur,Individual,Sabrina Noor,Reseller,8,90.1,15,108.12,612.68,612.0,0.68,Bank Transfer,Completed,4.2,
ORD-1126,2023-11-10,2023-11,Q4-2023,P008,Desk Lamp,Furniture,C010,Riya Sen,SMB,Barisal,SMB,Arif Khan,Reseller,14,18.0,5,12.6,239.4,214.2,25.2,Bank Transfer,Completed,4.5,
ORD-2206,2023-11-10,2023-11,Q4-2023,P013,Headset Pro,Electronics,C010,Riya Sen,SMB,Barisal,SMB,Mohin Uddin,Reseller,2,76.93,10,15.39,138.47,119.0,19.47,Cash,Completed,3.5,
ORD-1012,2023-11-11,2023-11,Q4-2023,P004,Mechanical Keyboard,Electronics,C001,Ahmed Hossain,Dhaka,Dhaka,Corporate,Dilnoza Haque,Online,8,66.74,0,0.0,533.92,374.0,159.92,Card,Completed,4.9,
ORD-1061,2023-11-11,2023-11,Q4-2023,P010,Pen Pack,Stationery,C012,Shapna Das,Individual,Mymensingh,Individual,Rakib Islam,Direct Sales,19,3.68,5,3.5,66.42,48.45,17.97,Mobile Banking,Pending,3.6,
ORD-1750,2023-11-11,2023-11,Q4-2023,P006,Office Chair,Furniture,C008,Mitu Begum,SMB,Chittagong,SMB,Mohin Uddin,Online,5,133.01,10,66.5,598.55,552.5,46.05,Cash,Completed,,
ORD-1971,2023-11-11,2023-11,Q4-2023,P012,Webcam HD,Electronics,C003,Rahim Uddin,Individual,Sylhet,Individual,Rakib Islam,In-Store,19,45.61,5,43.33,823.26,646.0,177.26,Card,Completed,4.6,
ORD-1431,2023-11-12,2023-11,Q4-2023,P012,Webcam HD,Electronics,C014,Parisa Begum,Corporate,Dhaka,Corporate,Dilnoza Haque,In-Store,11,46.52,0,0.0,511.72,374.0,137.72,Mobile Banking,Returned,3.3,
ORD-1472,2023-11-12,2023-11,Q4-2023,P008,Desk Lamp,Furniture,C009,Nasim Chowdhury,Dhaka,Dhaka,Individual,Arif Khan,Reseller,15,22.32,0,0.0,334.8,229.5,105.3,Cash,Returned,,
ORD-1096,2023-11-13,2023-11,Q4-2023,P015,Sticky Notes Bulk,Stationery,C006,Sumaiya Akter,Individual,Dhaka,Individual,Dilnoza Haque,Online,12,5.71,20,13.7,54.82,61.2,-6.38,Card,Completed,,
ORD-1366,2023-11-13,2023-11,Q4-2023,P004,Mechanical Keyboard,Electronics,C004,Nusrat Jahan,Corporate,Dhaka,Corporate,Sabrina Noor,Online,10,59.56,0,0.0,595.6,467.5,128.1,Cash,Completed,3.3,
ORD-1631,2023-11-13,2023-11,Q4-2023,P010,Pen Pack,Stationery,C006,Sumaiya Akter,Individual,Dhaka,Individual,Sabrina Noor,Online,10,3.18,0,0.0,31.8,25.5,6.3,Card,Pending,3.9,
ORD-2137,2023-11-14,2023-11,Q4-2023,P009,Notebook Set,Stationery,C013,Zahid Hasan,Sylhet,Sylhet,SMB,Sabrina Noor,Online,15,5.07,5,3.8,72.25,63.75,8.5,Bank Transfer,Completed,3.7,
ORD-1434,2023-11-15,2023-11,Q4-2023,P015,Sticky Notes Bulk,Stationery,C001,Ahmed Hossain,Corporate,Dhaka,Corporate,Arif Khan,Online,20,7.27,0,0.0,145.4,102.0,43.4,Mobile Banking,Completed,3.3,Changed Mind
ORD-2270,2023-11-15,2023-11,Q4-2023,P010,Pen Pack,Stationery,C002,Farzana Islam,SMB,Chittagong,SMB,Rakib Islam,Online,4,3.63,15,2.18,12.34,10.2,2.14,Mobile Banking,Completed,3.8,
ORD-2288,2023-11-15,2023-11,Q4-2023,P014,Filing Cabinet,Furniture,C009,Nasim Chowdhury,Individual,Dhaka,Individual,Sabrina Noor,Direct Sales,9,102.4,0,0.0,921.6,688.5,233.1,Card,Completed,,
ORD-2366,2023-11-15,2023-11,Q4-2023,P006,Office Chair,Furniture,C011,Imran Ali,Corporate,Dhaka,Corporate,Arif Khan,Direct Sales,19,124.47,0,0.0,2364.93,2099.5,265.43,Bank Transfer,Returned,,
ORD-1047,2023-11-16,2023-11,Q4-2023,P010,Pen Pack,Stationery,C011,Imran Ali,Corporate,Dhaka,Corporate,Mohin Uddin,In-Store,13,3.21,15,6.26,35.47,33.15,2.32,Cash,Completed,4.0,
ORD-1904,2023-11-16,2023-11,Q4-2023,P013,Headset Pro,Electronics,C006,Sumaiya Akter,Individual,Dhaka,Individual,Dilnoza Haque,In-Store,14,77.26,0,0.0,1081.64,833.0,248.64,Cash,Completed,3.9,
ORD-2049,2023-11-16,2023-11,Q4-2023,P015,Sticky Notes Bulk,Stationery,C005,Kamal Pasha,SMB,Rajshahi,SMB,Sabrina Noor,Online,4,6.33,0,0.0,25.32,20.4,4.92,Bank Transfer,Completed,5.0,
ORD-2100,2023-11-17,2023-11,Q4-2023,P011,Whiteboard,Stationery,C015,Tanvir Ahmed,Individual,Rangpur,Individual,Rakib Islam,In-Store,16,29.65,10,47.44,426.96,340.0,86.96,Card,Completed,3.9,Wrong Item
ORD-1149,2023-11-18,2023-11,Q4-2023,P003,USB-C Hub,Electronics,C008,Mitu Begum,SMB,Chittagong,SMB,Rakib Islam,Direct Sales,18,21.05,0,0.0,378.9,306.0,72.9,Card,Completed,3.2,Changed Mind
ORD-1193,2023-11-18,2023-11,Q4-2023,P003,USB-C Hub,Electronics,C007,Tariq Hassan,Corporate,Khulna,Corporate,Mohin Uddin,In-Store,11,20.75,15,34.24,194.01,187.0,7.01,Mobile Banking,Returned,4.5,
ORD-2106,2023-11-18,2023-11,Q4-2023,P002,Wireless Mouse,Electronics,C015,Tanvir Ahmed,Individual,Rangpur,Individual,Dilnoza Haque,Reseller,9,13.04,0,0.0,117.36,91.8,25.56,Card,Pending,,Defective
ORD-1389,2023-11-19,2023-11,Q4-2023,P009,Notebook Set,Stationery,C006,Sumaiya Akter,Individual,Dhaka,Individual,Rakib Islam,In-Store,12,5.37,15,9.67,54.77,51.0,3.77,Card,Returned,4.8,
ORD-2204,2023-11-19,2023-11,Q4-2023,P014,Filing Cabinet,Furniture,C010,Riya Sen,SMB,Barisal,SMB,Arif Khan,In-Store,8,97.63,0,0.0,781.04,612.0,169.04,Mobile Banking,Returned,3.8,
ORD-1500,2023-11-21,2023-11,Q4-2023,P010,Pen Pack,Stationery,C003,Rahim Uddin,Individual,Sylhet,Individual,Arif Khan,Reseller,15,3.08,0,0.0,46.2,38.25,7.95,Mobile Banking,Completed,3.8,
ORD-1920,2023-11-21,2023-11,Q4-2023,P009,Notebook Set,Stationery,C002,Farzana Islam,SMB,Chittagong,SMB,Rakib Islam,In-Store,20,6.01,0,0.0,120.2,85.0,35.2,Bank Transfer,Pending,4.2,
ORD-2160,2023-11-21,2023-11,Q4-2023,P013,Headset Pro,Electronics,C004,Nusrat Jahan,Corporate,Dhaka,Corporate,Mohin Uddin,Online,6,83.42,20,100.1,400.42,357.0,43.42,Card,Completed,4.0,
ORD-2493,2023-11-21,2023-11,Q4-2023,P015,Sticky Notes Bulk,Stationery,C005,Kamal Pasha,SMB,Rajshahi,SMB,Dilnoza Haque,In-Store,7,6.99,0,0.0,48.93,35.7,13.23,Bank Transfer,Completed,,Defective
ORD-2063,2023-11-22,2023-11,Q4-2023,P001,Laptop Pro 15,Electronics,C010,Riya Sen,SMB,Barisal,SMB,Rakib Islam,In-Store,1,987.66,0,0.0,987.66,680.0,307.66,Mobile Banking,Returned,4.1,
ORD-2302,2023-11-23,2023-11,Q4-2023,P007,Standing Desk,Furniture,C001,Ahmed Hossain,Corporate,Dhaka,Corporate,Arif Khan,Direct Sales,11,224.11,20,493.04,1972.17,2057.0,-84.83,Bank Transfer,Returned,5.0,
ORD-2038,2023-11-24,2023-11,Q4-2023,P009,Notebook Set,Stationery,C006,Sumaiya Akter,Individual,Dhaka,Individual,Sabrina Noor,In-Store,3,6.19,0,0.0,18.57,12.75,5.82,Cash,Pending,3.8,
ORD-1268,2023-11-25,2023-11,Q4-2023,P005,Monitor 27in,Electronics,C012,Shapna Das,Individual,Mymensingh,Individual,Sabrina Noor,Direct Sales,14,226.3,0,0.0,3168.2,2380.0,788.2,Bank Transfer,Pending,4.6,
ORD-1158,2023-11-28,2023-11,Q4-2023,P015,Sticky Notes Bulk,Stationery,C004,Nusrat Jahan,Corporate,Dhaka,Corporate,Rakib Islam,Reseller,1,6.17,0,0.0,6.17,5.1,1.07,Mobile Banking,Pending,2.5,
ORD-1211,2023-11-28,2023-11,Q4-2023,P012,Webcam HD,Electronics,C005,Kamal Pasha,SMB,Rajshahi,SMB,Arif Khan,In-Store,10,44.87,20,89.74,358.96,340.0,18.96,Bank Transfer,Completed,4.7,
ORD-1249,2023-11-28,2023-11,Q4-2023,P001,Laptop Pro 15,Electronics,C001,Ahmed Hossain,Corporate,Dhaka,Corporate,Mohin Uddin,Reseller,5,900.79,0,0.0,4503.95,3400.0,1103.95,Cash,Completed,4.2,
ORD-1275,2023-11-29,2023-11,Q4-2023,P014,Filing Cabinet,Furniture,C005,Kamal Pasha,SMB,Rajshahi,SMB,Sabrina Noor,In-Store,9,103.22,15,139.35,789.63,688.5,101.13,Cash,Pending,3.3,
ORD-1483,2023-11-30,2023-11,Q4-2023,P007,Standing Desk,Furniture,C004,Nusrat Jahan,Corporate,Dhaka,Corporate,Arif Khan,In-Store,11,224.18,0,0.0,2465.98,2057.0,408.98,Bank Transfer,Completed,3.1,
ORD-1237,2023-12-01,2023-12,Q4-2023,P006,Office Chair,Furniture,C008,Mitu Begum,SMB,Chittagong,SMB,Mohin Uddin,Online,9,132.61,0,0.0,1193.49,994.5,198.99,Card,Completed,,
ORD-1664,2023-12-01,2023-12,Q4-2023,P006,Office Chair,Furniture,C009,Nasim Chowdhury,Individual,Dhaka,Individual,Dilnoza Haque,Online,7,147.86,10,103.5,931.52,773.5,158.02,Card,Completed,,
ORD-1875,2023-12-01,2023-12,Q4-2023,P010,Pen Pack,Stationery,C013,Zahid Hasan,SMB,Sylhet,SMB,Rakib Islam,Direct Sales,12,3.15,5,1.89,35.91,30.6,5.31,Mobile Banking,Pending,,
ORD-1433,2023-12-02,2023-12,Q4-2023,P003,USB-C Hub,Electronics,C013,Zahid Hasan,SMB,Sylhet,SMB,Sabrina Noor,In-Store,4,23.93,10,9.57,86.15,68.0,18.15,Cash,Returned,4.7,
ORD-1554,2023-12-02,2023-12,Q4-2023,P013,Headset Pro,Electronics,C005,Kamal Pasha,SMB,Rajshahi,SMB,Dilnoza Haque,In-Store,7,68.27,0,0.0,477.89,416.5,61.39,Cash,Completed,4.1,
ORD-1798,2023-12-02,2023-12,Q4-2023,P003,USB-C Hub,Electronics,C004,Nusrat Jahan,Corporate,Dhaka,Corporate,Dilnoza Haque,In-Store,3,23.37,0,0.0,70.11,51.0,19.11,Cash,Completed,4.1,
ORD-2022,2023-12-02,2023-12,Q4-2023,P001,Laptop Pro 15,Electronics,C011,Imran Ali,Corporate,Dhaka,Corporate,Mohin Uddin,Direct Sales,4,884.95,10,353.98,3185.82,2720.0,465.82,Card,Returned,2.8,
ORD-1030,2023-12-03,2023-12,Q4-2023,P005,Monitor 27in,Electronics,C014,Parisa Begum,Corporate,Dhaka,Corporate,Mohin Uddin,Direct Sales,3,248.01,0,0.0,744.03,510.0,234.03,Mobile Banking,Completed,,Wrong Item
ORD-1633,2023-12-03,2023-12,Q4-2023,P003,USB-C Hub,Electronics,C002,Farzana Islam,SMB,Chittagong,SMB,Arif Khan,In-Store,15,24.26,0,0.0,363.9,255.0,108.9,Card,Returned,3.1,
ORD-2011,2023-12-03,2023-12,Q4-2023,P012,Webcam HD,Electronics,C008,Mitu Begum,SMB,Chittagong,SMB,Rakib Islam,In-Store,19,44.24,10,84.06,756.5,646.0,110.5,Mobile Banking,Returned,2.9,
ORD-2029,2023-12-03,2023-12,Q4-2023,P002,Wireless Mouse,Electronics,C005,Kamal Pasha,SMB,Rajshahi,SMB,Rakib Islam,Reseller,14,14.29,15,30.01,170.05,142.8,27.25,Mobile Banking,Completed,3.1,
ORD-1015,2023-12-05,2023-12,Q4-2023,P002,Wireless Mouse,Electronics,C009,Nasim Chowdhury,Individual,Dhaka,Individual,Sabrina Noor,Direct Sales,8,12.4,5,4.96,94.24,81.6,12.64,Card,Returned,3.0,
ORD-1913,2023-12-05,2023-12,Q4-2023,P015,Sticky Notes Bulk,Stationery,C012,Shapna Das,Individual,Mymensingh,Individual,Arif Khan,Reseller,5,6.0,15,4.5,25.5,25.5,0.0,Bank Transfer,Completed,,
ORD-2057,2023-12-05,2023-12,Q4-2023,P003,USB-C Hub,Electronics,C007,Tariq Hassan,Corporate,Khulna,Corporate,Sabrina Noor,In-Store,8,21.23,20,33.97,135.87,136.0,-0.13,Card,Pending,4.7,
ORD-2239,2023-12-05,2023-12,Q4-2023,P002,Wireless Mouse,Electronics,C002,Farzana Islam,SMB,Chittagong,SMB,Dilnoza Haque,Reseller,17,13.5,10,22.95,206.55,173.4,33.15,Mobile Banking,Returned,2.9,
ORD-1634,2023-12-06,2023-12,Q4-2023,P013,Headset Pro,Electronics,C012,Shapna Das,Individual,Mymensingh,Individual,Arif Khan,Reseller,13,70.81,0,0.0,920.53,773.5,147.03,Cash,Completed,3.9,
ORD-2075,2023-12-06,2023-12,Q4-2023,P014,Filing Cabinet,Furniture,C002,Farzana Islam,SMB,Chittagong,SMB,Sabrina Noor,In-Store,11,110.65,0,0.0,1217.15,841.5,375.65,Mobile Banking,Completed,4.8,
ORD-2139,2023-12-06,2023-12,Q4-2023,P007,Standing Desk,Furniture,C002,Farzana Islam,SMB,Chittagong,SMB,Dilnoza Haque,In-Store,5,272.93,0,0.0,1364.65,935.0,429.65,Cash,Returned,4.5,
ORD-1281,2023-12-07,2023-12,Q4-2023,P011,Whiteboard,Stationery,C003,Rahim Uddin,Individual,Sylhet,Individual,Sabrina Noor,In-Store,11,28.51,0,0.0,313.61,233.75,79.86,Card,Returned,4.4,
ORD-1625,2023-12-09,2023-12,Q4-2023,P014,Filing Cabinet,Furniture,C005,Kamal Pasha,SMB,Rajshahi,SMB,Arif Khan,Reseller,8,88.41,0,0.0,707.28,612.0,95.28,Card,Completed,4.0,
ORD-2461,2023-12-09,2023-12,Q4-2023,P006,Office Chair,Furniture,C001,Ahmed Hossain,Corporate,Dhaka,Corporate,Arif Khan,Direct Sales,7,129.77,0,0.0,908.39,773.5,134.89,Card,Returned,2.8,
ORD-1485,2023-12-10,2023-12,Q4-2023,P003,USB-C Hub,Electronics,C001,Ahmed Hossain,Corporate,Dhaka,Corporate,Dilnoza Haque,Direct Sales,19,19.36,0,0.0,367.84,323.0,44.84,Bank Transfer,Completed,3.0,
ORD-1824,2023-12-10,2023-12,Q4-2023,P008,Desk Lamp,Furniture,C008,Mitu Begum,SMB,Chittagong,SMB,Rakib Islam,Reseller,12,22.44,0,0.0,269.28,183.6,85.68,Bank Transfer,Completed,3.3,
ORD-1250,2023-12-11,2023-12,Q4-2023,P005,Monitor 27in,Electronics,C006,Sumaiya Akter,Individual,Dhaka,Individual,Dilnoza Haque,Reseller,5,248.55,15,186.41,1056.34,850.0,206.34,Card,Pending,4.8,
ORD-1396,2023-12-11,2023-12,Q4-2023,P002,Wireless Mouse,Electronics,C008,Mitu Begum,SMB,Chittagong,SMB,Arif Khan,Direct Sales,19,14.08,10,26.75,240.77,193.8,46.97,Bank Transfer,Completed,3.7,
ORD-2249,2023-12-12,2023-12,Q4-2023,P001,Laptop Pro 15,Electronics,C001,Ahmed Hossain,Corporate,Dhaka,Corporate,Arif Khan,Online,1,947.21,20,189.44,757.77,680.0,77.77,Cash,Completed,,
ORD-1379,2023-12-13,2023-12,Q4-2023,P015,Sticky Notes Bulk,Stationery,C013,Zahid Hasan,SMB,Sylhet,SMB,Mohin Uddin,Online,2,5.81,15,1.74,9.88,10.2,-0.32,Card,Returned,5.0,
ORD-1636,2023-12-14,2023-12,Q4-2023,P014,Filing Cabinet,Furniture,C009,Nasim Chowdhury,Individual,Dhaka,Individual,Rakib Islam,Online,8,90.32,0,0.0,722.56,612.0,110.56,Cash,Completed,4.5,
ORD-2046,2023-12-14,2023-12,Q4-2023,P008,Desk Lamp,Furniture,C013,Zahid Hasan,SMB,Sylhet,SMB,Arif Khan,Online,4,19.93,0,0.0,79.72,61.2,18.52,Mobile Banking,Completed,,Defective
ORD-2079,2023-12-14,2023-12,Q4-2023,P002,Wireless Mouse,Electronics,C015,Tanvir Ahmed,Individual,Rangpur,Individual,Dilnoza Haque,In-Store,12,11.65,0,0.0,139.8,122.4,17.4,Cash,Completed,3.3,
ORD-2315,2023-12-15,2023-12,Q4-2023,P007,Standing Desk,Furniture,C003,Rahim Uddin,Individual,Sylhet,Individual,Sabrina Noor,Reseller,9,214.25,15,289.24,1639.01,1683.0,-43.99,Bank Transfer,Completed,3.4,
ORD-2328,2023-12-15,2023-12,Q4-2023,P008,Desk Lamp,Furniture,C001,Ahmed Hossain,Corporate,Dhaka,Corporate,Sabrina Noor,Online,17,18.2,15,46.41,262.99,260.1,2.89,Mobile Banking,Completed,3.8,
ORD-1867,2023-12-16,2023-12,Q4-2023,P012,Webcam HD,Electronics,C014,Parisa Begum,Corporate,Dhaka,Corporate,Arif Khan,Online,20,43.21,5,43.21,820.99,680.0,140.99,Bank Transfer,Completed,4.8,
ORD-2128,2023-12-16,2023-12,Q4-2023,P009,Notebook Set,Stationery,C011,Imran Ali,Corporate,Dhaka,Corporate,Sabrina Noor,Direct Sales,6,6.03,10,3.62,32.56,25.5,7.06,Cash,Returned,5.0,
ORD-2150,2023-12-16,2023-12,Q4-2023,P005,Monitor 27in,Electronics,C014,Parisa Begum,Corporate,Dhaka,Corporate,Dilnoza Haque,Direct Sales,18,226.32,0,0.0,4073.76,3060.0,1013.76,Bank Transfer,Pending,4.8,
ORD-1933,2023-12-17,2023-12,Q4-2023,P012,Webcam HD,Electronics,C009,Nasim Chowdhury,Individual,Dhaka,Individual,Mohin Uddin,In-Store,18,47.96,20,172.66,690.62,612.0,78.62,Mobile Banking,Completed,2.6,
ORD-2015,2023-12-17,2023-12,Q4-2023,P013,Headset Pro,Electronics,C009,Nasim Chowdhury,Individual,Dhaka,Individual,Arif Khan,In-Store,9,67.83,0,0.0,610.47,535.5,74.97,Cash,Completed,4.6,
ORD-2356,2023-12-17,2023-12,Q4-2023,P006,Office Chair,Furniture,C005,Kamal Pasha,SMB,Rajshahi,SMB,Arif Khan,In-Store,6,155.78,15,140.2,794.48,663.0,131.48,Mobile Banking,Completed,2.8,
ORD-2361,2023-12-17,2023-12,Q4-2023,P012,Webcam HD,Electronics,C001,Ahmed Hossain,Dhaka,Dhaka,Corporate,Dilnoza Haque,Online,15,39.01,10,58.52,526.63,510.0,16.63,Card,Completed,3.1,
ORD-1053,2023-12-19,2023-12,Q4-2023,P007,Standing Desk,Furniture,C012,Shapna Das,Individual,Mymensingh,Individual,Rakib Islam,Reseller,18,230.83,15,623.24,3531.7,3366.0,165.7,Card,Completed,3.3,
ORD-1361,2023-12-19,2023-12,Q4-2023,P001,Laptop Pro 15,Electronics,C007,Tariq Hassan,Corporate,Khulna,Corporate,Sabrina Noor,In-Store,4,844.26,15,506.56,2870.48,2720.0,150.48,Mobile Banking,Completed,3.8,
ORD-1632,2023-12-19,2023-12,Q4-2023,P004,Mechanical Keyboard,Electronics,C004,Nusrat Jahan,Corporate,Dhaka,Corporate,Dilnoza Haque,Direct Sales,7,65.21,0,0.0,456.47,327.25,129.22,Mobile Banking,Pending,3.3,
ORD-1076,2023-12-20,2023-12,Q4-2023,P010,Pen Pack,Stationery,C005,Kamal Pasha,SMB,Rajshahi,SMB,Sabrina Noor,Direct Sales,14,3.47,5,2.43,46.15,35.7,10.45,Bank Transfer,Completed,3.9,
ORD-1333,2023-12-20,2023-12,Q4-2023,P008,Desk Lamp,Furniture,C013,Zahid Hasan,SMB,Sylhet,SMB,Sabrina Noor,Direct Sales,16,21.89,0,0.0,350.24,244.8,105.44,Card,Completed,,
ORD-1856,2023-12-21,2023-12,Q4-2023,P002,Wireless Mouse,Electronics,C007,Tariq Hassan,Corporate,Khulna,Corporate,Dilnoza Haque,In-Store,20,14.06,0,0.0,281.2,204.0,77.2,Mobile Banking,Completed,,
ORD-1956,2023-12-21,2023-12,Q4-2023,P014,Filing Cabinet,Furniture,C008,Mitu Begum,SMB,Chittagong,SMB,Mohin Uddin,In-Store,5,97.97,15,73.48,416.37,382.5,33.87,Bank Transfer,Completed,4.2,
ORD-1380,2023-12-22,2023-12,Q4-2023,P013,Headset Pro,Electronics,C015,Tanvir Ahmed,Individual,Rangpur,Individual,Rakib Islam,In-Store,15,81.9,0,0.0,1228.5,892.5,336.0,Mobile Banking,Completed,3.6,
ORD-2126,2023-12-22,2023-12,Q4-2023,P013,Headset Pro,Electronics,C005,Kamal Pasha,SMB,Rajshahi,SMB,Mohin Uddin,Direct Sales,5,83.6,20,83.6,334.4,297.5,36.9,Mobile Banking,Returned,,
ORD-2453,2023-12-22,2023-12,Q4-2023,P013,Headset Pro,Electronics,C011,Imran Ali,Corporate,Dhaka,Corporate,Rakib Islam,Online,19,71.95,15,205.06,1161.99,1130.5,31.49,Bank Transfer,Completed,,
ORD-1441,2023-12-23,2023-12,Q4-2023,P010,Pen Pack,Stationery,C010,Riya Sen,SMB,Barisal,SMB,Arif Khan,Reseller,5,3.31,5,0.83,15.72,12.75,2.97,Cash,Completed,3.5,
ORD-1678,2023-12-23,2023-12,Q4-2023,P009,Notebook Set,Stationery,C012,Shapna Das,Individual,Mymensingh,Individual,Dilnoza Haque,Direct Sales,16,5.7,0,0.0,91.2,68.0,23.2,Card,Completed,4.8,
ORD-1023,2023-12-24,2023-12,Q4-2023,P015,Sticky Notes Bulk,Stationery,C002,Farzana Islam,SMB,Chittagong,SMB,Mohin Uddin,Reseller,8,6.37,0,0.0,50.96,40.8,10.16,Cash,Pending,4.2,Wrong Item
ORD-1844,2023-12-24,2023-12,Q4-2023,P015,Sticky Notes Bulk,Stationery,C012,Shapna Das,Individual,Mymensingh,Individual,Sabrina Noor,Reseller,17,6.4,0,0.0,108.8,86.7,22.1,Mobile Banking,Returned,4.5,
ORD-1861,2023-12-25,2023-12,Q4-2023,P010,Pen Pack,Stationery,C011,Imran Ali,Corporate,Dhaka,Corporate,Dilnoza Haque,Online,8,3.75,0,0.0,30.0,20.4,9.6,Cash,Completed,3.9,
ORD-2021,2023-12-25,2023-12,Q4-2023,P002,Wireless Mouse,Electronics,C004,Nusrat Jahan,Corporate,Dhaka,Corporate,Mohin Uddin,In-Store,9,11.91,5,5.36,101.83,91.8,10.03,Card,Returned,,
ORD-1220,2023-12-26,2023-12,Q4-2023,P012,Webcam HD,Electronics,C004,Nusrat Jahan,Corporate,Dhaka,Corporate,Sabrina Noor,Online,5,49.04,10,24.52,220.68,170.0,50.68,Cash,Completed,4.0,
ORD-1534,2023-12-26,2023-12,Q4-2023,P001,Laptop Pro 15,Electronics,C011,Imran Ali,Corporate,Dhaka,Corporate,Arif Khan,Online,8,819.43,15,983.32,5572.12,5440.0,132.12,Mobile Banking,Completed,2.5,
ORD-1614,2023-12-26,2023-12,Q4-2023,P014,Filing Cabinet,Furniture,C011,Imran Ali,Corporate,Dhaka,Corporate,Sabrina Noor,Online,7,101.3,10,70.91,638.19,535.5,102.69,Mobile Banking,Completed,2.8,
ORD-1499,2023-12-28,2023-12,Q4-2023,P005,Monitor 27in,Electronics,C008,Mitu Begum,SMB,Chittagong,SMB,Rakib Islam,In-Store,6,227.12,0,0.0,1362.72,1020.0,342.72,Card,Completed,,
ORD-1533,2023-12-28,2023-12,Q4-2023,P013,Headset Pro,Electronics,C005,Kamal Pasha,Rajshahi,Rajshahi,SMB,Rakib Islam,Reseller,11,67.79,10,74.57,671.12,654.5,16.62,Cash,Completed,3.6,
ORD-2314,2023-12-28,2023-12,Q4-2023,P014,Filing Cabinet,Furniture,C014,Parisa Begum,Corporate,Dhaka,Corporate,Sabrina Noor,Reseller,20,93.44,15,280.32,1588.48,1530.0,58.48,Bank Transfer,Completed,3.0,Defective
ORD-1560,2023-12-29,2023-12,Q4-2023,P010,Pen Pack,Stationery,C011,Imran Ali,Dhaka,Dhaka,Corporate,Rakib Islam,Direct Sales,20,3.49,20,13.96,55.84,51.0,4.84,Mobile Banking,Returned,2.8,Defective
ORD-1718,2023-12-29,2023-12,Q4-2023,P013,Headset Pro,Electronics,C008,Mitu Begum,SMB,Chittagong,SMB,Sabrina Noor,Reseller,17,72.52,5,61.64,1171.2,1011.5,159.7,Cash,Completed,3.3,
ORD-1051,2023-12-30,2023-12,Q4-2023,P013,Headset Pro,Electronics,C005,Kamal Pasha,SMB,Rajshahi,SMB,Rakib Islam,Online,11,72.37,10,79.61,716.46,654.5,61.96,Card,Completed,3.5,
ORD-1744,2023-12-31,2023-12,Q4-2023,P004,Mechanical Keyboard,Electronics,C012,Shapna Das,Individual,Mymensingh,Individual,Mohin Uddin,Online,9,55.17,0,0.0,496.53,420.75,75.78,Bank Transfer,Completed,4.1,
ORD-1768,2023-12-31,2023-12,Q4-2023,P003,USB-C Hub,Electronics,C012,Shapna Das,Individual,Mymensingh,Individual,Mohin Uddin,In-Store,4,20.99,15,12.59,71.37,68.0,3.37,Cash,Pending,3.7,Defective
ORD-1862,2024-01-01,2024-01,Q1-2024,P015,Sticky Notes Bulk,Stationery,C015,Tanvir Ahmed,Individual,Rangpur,Individual,Mohin Uddin,Reseller,8,6.5,0,0.0,52.0,40.8,11.2,Card,Pending,3.3,
ORD-2295,2024-01-02,2024-01,Q1-2024,P012,Webcam HD,Electronics,C015,Tanvir Ahmed,Individual,Rangpur,Individual,Mohin Uddin,Online,6,40.43,5,12.13,230.45,204.0,26.45,Bank Transfer,Completed,5.0,Defective
ORD-1570,2024-01-03,2024-01,Q1-2024,P011,Whiteboard,Stationery,C002,Farzana Islam,SMB,Chittagong,SMB,Dilnoza Haque,Direct Sales,12,27.59,5,16.55,314.53,255.0,59.53,Mobile Banking,Pending,2.7,
ORD-2195,2024-01-03,2024-01,Q1-2024,P009,Notebook Set,Stationery,C005,Kamal Pasha,SMB,Rajshahi,SMB,Sabrina Noor,Reseller,10,5.73,20,11.46,45.84,42.5,3.34,Mobile Banking,Completed,2.9,
ORD-1175,2024-01-04,2024-01,Q1-2024,P009,Notebook Set,Stationery,C015,Tanvir Ahmed,Individual,Rangpur,Individual,Dilnoza Haque,Reseller,16,5.45,20,17.44,69.76,68.0,1.76,Card,Completed,2.6,Wrong Item
ORD-2166,2024-01-04,2024-01,Q1-2024,P007,Standing Desk,Furniture,C001,Ahmed Hossain,Corporate,Dhaka,Corporate,Arif Khan,Direct Sales,16,237.8,5,190.24,3614.56,2992.0,622.56,Mobile Banking,Completed,3.4,
ORD-2413,2024-01-04,2024-01,Q1-2024,P005,Monitor 27in,Electronics,C005,Kamal Pasha,SMB,Rajshahi,SMB,Mohin Uddin,Reseller,14,193.21,10,270.49,2434.45,2380.0,54.45,Cash,Returned,3.0,
ORD-2445,2024-01-04,2024-01,Q1-2024,P008,Desk Lamp,Furniture,C005,Kamal Pasha,SMB,Rajshahi,SMB,Sabrina Noor,Direct Sales,17,21.23,20,72.18,288.73,260.1,28.63,Cash,Returned,4.9,
ORD-1120,2024-01-05,2024-01,Q1-2024,P002,Wireless Mouse,Electronics,C009,Nasim Chowdhury,Individual,Dhaka,Individual,Dilnoza Haque,Direct Sales,18,13.23,10,23.81,214.33,183.6,30.73,Cash,Returned,3.1,
ORD-1342,2024-01-06,2024-01,Q1-2024,P002,Wireless Mouse,Electronics,C003,Rahim Uddin,Individual,Sylhet,Individual,Mohin Uddin,Direct Sales,14,13.75,0,0.0,192.5,142.8,49.7,Mobile Banking,Pending,4.2,
ORD-1511,2024-01-06,2024-01,Q1-2024,P010,Pen Pack,Stationery,C008,Mitu Begum,SMB,Chittagong,SMB,Dilnoza Haque,Online,19,3.24,0,0.0,61.56,48.45,13.11,Mobile Banking,Pending,2.5,
ORD-1795,2024-01-06,2024-01,Q1-2024,P015,Sticky Notes Bulk,Stationery,C014,Parisa Begum,Corporate,Dhaka,Corporate,Dilnoza Haque,Online,7,6.4,5,2.24,42.56,35.7,6.86,Bank Transfer,Completed,3.5,
ORD-1758,2024-01-07,2024-01,Q1-2024,P009,Notebook Set,Stationery,C008,Mitu Begum,SMB,Chittagong,SMB,Rakib Islam,In-Store,5,6.13,0,0.0,30.65,21.25,9.4,Mobile Banking,Returned,,
ORD-1440,2024-01-08,2024-01,Q1-2024,P007,Standing Desk,Furniture,C003,Rahim Uddin,Individual,Sylhet,Individual,Arif Khan,Online,11,261.06,0,0.0,2871.66,2057.0,814.66,Bank Transfer,Completed,3.7,
ORD-2448,2024-01-08,2024-01,Q1-2024,P007,Standing Desk,Furniture,C003,Rahim Uddin,Individual,Sylhet,Individual,Mohin Uddin,Online,7,246.26,15,258.57,1465.25,1309.0,156.25,Mobile Banking,Completed,,
ORD-1027,2024-01-09,2024-01,Q1-2024,P015,Sticky Notes Bulk,Stationery,C015,Tanvir Ahmed,Individual,Rangpur,Individual,Arif Khan,Reseller,2,7.32,0,0.0,14.64,10.2,4.44,Bank Transfer,Pending,4.8,
ORD-1358,2024-01-09,2024-01,Q1-2024,P014,Filing Cabinet,Furniture,C007,Tariq Hassan,Corporate,Khulna,Corporate,Mohin Uddin,In-Store,9,97.67,10,87.9,791.13,688.5,102.63,Cash,Completed,3.9,Wrong Item
ORD-2255,2024-01-10,2024-01,Q1-2024,P005,Monitor 27in,Electronics,C014,Parisa Begum,Corporate,Dhaka,Corporate,Mohin Uddin,Online,6,237.11,5,71.13,1351.53,1020.0,331.53,Bank Transfer,Completed,3.1,
ORD-1948,2024-01-11,2024-01,Q1-2024,P001,Laptop Pro 15,Electronics,C015,Tanvir Ahmed,Individual,Rangpur,Individual,Rakib Islam,Online,20,924.73,0,0.0,18494.6,13600.0,4894.6,Mobile Banking,Completed,3.5,
ORD-2434,2024-01-11,2024-01,Q1-2024,P005,Monitor 27in,Electronics,C015,Tanvir Ahmed,Individual,Rangpur,Individual,Rakib Islam,Reseller,5,196.31,10,98.16,883.39,850.0,33.39,Bank Transfer,Completed,4.4,
ORD-1842,2024-01-12,2024-01,Q1-2024,P011,Whiteboard,Stationery,C005,Kamal Pasha,SMB,Rajshahi,SMB,Dilnoza Haque,Direct Sales,13,26.64,20,69.26,277.06,276.25,0.81,Card,Completed,2.8,
ORD-1571,2024-01-13,2024-01,Q1-2024,P010,Pen Pack,Stationery,C003,Rahim Uddin,Sylhet,Sylhet,Individual,Rakib Islam,Direct Sales,14,3.42,0,0.0,47.88,35.7,12.18,Card,Completed,3.8,
ORD-1652,2024-01-13,2024-01,Q1-2024,P009,Notebook Set,Stationery,C001,Ahmed Hossain,Corporate,Dhaka,Corporate,Arif Khan,In-Store,6,5.24,5,1.57,29.87,25.5,4.37,Bank Transfer,Returned,3.5,Wrong Item
ORD-2260,2024-01-13,2024-01,Q1-2024,P012,Webcam HD,Electronics,C012,Shapna Das,Individual,Mymensingh,Individual,Rakib Islam,Online,17,43.17,0,0.0,733.89,578.0,155.89,Bank Transfer,Completed,3.2,
ORD-1985,2024-01-15,2024-01,Q1-2024,P003,USB-C Hub,Electronics,C005,Kamal Pasha,SMB,Rajshahi,SMB,Dilnoza Haque,Reseller,11,23.36,20,51.39,205.57,187.0,18.57,Bank Transfer,Pending,3.5,
ORD-1228,2024-01-16,2024-01,Q1-2024,P003,USB-C Hub,Electronics,C012,Shapna Das,Individual,Mymensingh,Individual,Arif Khan,Reseller,9,23.4,0,0.0,210.6,153.0,57.6,Bank Transfer,Completed,3.2,Defective
ORD-1374,2024-01-16,2024-01,Q1-2024,P008,Desk Lamp,Furniture,C012,Shapna Das,Individual,Mymensingh,Individual,Sabrina Noor,Online,2,18.88,20,7.55,30.21,30.6,-0.39,Mobile Banking,Returned,,
ORD-2491,2024-01-16,2024-01,Q1-2024,P010,Pen Pack,Stationery,C007,Tariq Hassan,Corporate,Khulna,Corporate,Sabrina Noor,Online,13,3.12,5,2.03,38.53,33.15,5.38,Bank Transfer,Completed,,
ORD-1589,2024-01-17,2024-01,Q1-2024,P012,Webcam HD,Electronics,C013,Zahid Hasan,SMB,Sylhet,SMB,Mohin Uddin,Direct Sales,14,42.33,15,88.89,503.73,476.0,27.73,Card,Completed,3.5,
ORD-1864,2024-01-17,2024-01,Q1-2024,P012,Webcam HD,Electronics,C014,Parisa Begum,Corporate,Dhaka,Corporate,Dilnoza Haque,Online,5,38.43,0,0.0,192.15,170.0,22.15,Cash,Returned,3.2,
ORD-2185,2024-01-17,2024-01,Q1-2024,P014,Filing Cabinet,Furniture,C008,Mitu Begum,SMB,Chittagong,SMB,Rakib Islam,Reseller,9,101.08,10,90.97,818.75,688.5,130.25,Card,Pending,3.2,
ORD-2201,2024-01-17,2024-01,Q1-2024,P006,Office Chair,Furniture,C001,Ahmed Hossain,Corporate,Dhaka,Corporate,Sabrina Noor,In-Store,4,142.33,20,113.86,455.46,442.0,13.46,Card,Completed,4.6,
ORD-2327,2024-01-17,2024-01,Q1-2024,P011,Whiteboard,Stationery,C004,Nusrat Jahan,Dhaka,Dhaka,Corporate,Sabrina Noor,In-Store,19,28.61,0,0.0,543.59,403.75,139.84,Cash,Completed,2.7,
ORD-2421,2024-01-17,2024-01,Q1-2024,P007,Standing Desk,Furniture,C013,Zahid Hasan,SMB,Sylhet,SMB,Mohin Uddin,Reseller,3,228.06,15,102.63,581.55,561.0,20.55,Mobile Banking,Completed,2.7,
ORD-1011,2024-01-18,2024-01,Q1-2024,P013,Headset Pro,Electronics,C003,Rahim Uddin,Individual,Sylhet,Individual,Mohin Uddin,Reseller,18,86.52,10,155.74,1401.62,1071.0,330.62,Bank Transfer,Completed,,
ORD-2099,2024-01-18,2024-01,Q1-2024,P013,Headset Pro,Electronics,C012,Shapna Das,Mymensingh,Mymensingh,Individual,Dilnoza Haque,Reseller,5,74.26,5,18.57,352.73,297.5,55.23,Bank Transfer,Completed,3.3,
ORD-2130,2024-01-18,2024-01,Q1-2024,P009,Notebook Set,Stationery,C015,Tanvir Ahmed,Individual,Rangpur,Individual,Mohin Uddin,Reseller,13,5.53,20,14.38,57.51,55.25,2.26,Bank Transfer,Completed,4.1,
ORD-2148,2024-01-18,2024-01,Q1-2024,P007,Standing Desk,Furniture,C008,Mitu Begum,SMB,Chittagong,SMB,Sabrina Noor,Direct Sales,20,264.2,0,0.0,5284.0,3740.0,1544.0,Bank Transfer,Completed,3.8,
ORD-1940,2024-01-19,2024-01,Q1-2024,P001,Laptop Pro 15,Electronics,C008,Mitu Begum,SMB,Chittagong,SMB,Dilnoza Haque,In-Store,6,842.73,5,252.82,4803.56,4080.0,723.56,Bank Transfer,Returned,4.3,
ORD-2018,2024-01-19,2024-01,Q1-2024,P003,USB-C Hub,Electronics,C002,Farzana Islam,SMB,Chittagong,SMB,Sabrina Noor,Direct Sales,6,22.81,20,27.37,109.49,102.0,7.49,Card,Completed,,
ORD-1834,2024-01-20,2024-01,Q1-2024,P013,Headset Pro,Electronics,C015,Tanvir Ahmed,Individual,Rangpur,Individual,Rakib Islam,Reseller,14,68.52,10,95.93,863.35,833.0,30.35,Bank Transfer,Completed,3.6,
ORD-1097,2024-01-21,2024-01,Q1-2024,P007,Standing Desk,Furniture,C008,Mitu Begum,SMB,Chittagong,SMB,Mohin Uddin,Online,11,219.39,0,0.0,2413.29,2057.0,356.29,Cash,Completed,,
ORD-1338,2024-01-23,2024-01,Q1-2024,P007,Standing Desk,Furniture,C003,Rahim Uddin,Individual,Sylhet,Individual,Mohin Uddin,Direct Sales,4,210.09,10,84.04,756.32,748.0,8.32,Card,Pending,,
ORD-1858,2024-01-24,2024-01,Q1-2024,P011,Whiteboard,Stationery,C011,Imran Ali,Corporate,Dhaka,Corporate,Dilnoza Haque,In-Store,1,27.89,0,0.0,27.89,21.25,6.64,Bank Transfer,Returned,2.8,
ORD-1885,2024-01-24,2024-01,Q1-2024,P006,Office Chair,Furniture,C008,Mitu Begum,SMB,Chittagong,SMB,Arif Khan,In-Store,6,143.34,10,86.0,774.04,663.0,111.04,Mobile Banking,Returned,3.9,
ORD-1147,2024-01-25,2024-01,Q1-2024,P003,USB-C Hub,Electronics,C014,Parisa Begum,Corporate,Dhaka,Corporate,Arif Khan,Direct Sales,8,19.19,15,23.03,130.49,136.0,-5.51,Mobile Banking,Returned,,
ORD-1403,2024-01-25,2024-01,Q1-2024,P009,Notebook Set,Stationery,C012,Shapna Das,Individual,Mymensingh,Individual,Mohin Uddin,Online,4,6.11,5,1.22,23.22,17.0,6.22,Card,Completed,3.6,Defective
ORD-2000,2024-01-25,2024-01,Q1-2024,P001,Laptop Pro 15,Electronics,C008,Mitu Begum,SMB,Chittagong,SMB,Mohin Uddin,Online,15,855.8,0,0.0,12837.0,10200.0,2637.0,Cash,Completed,3.9,
ORD-1650,2024-01-26,2024-01,Q1-2024,P004,Mechanical Keyboard,Electronics,C007,Tariq Hassan,Corporate,Khulna,Corporate,Rakib Islam,Direct Sales,3,61.07,0,0.0,183.21,140.25,42.96,Mobile Banking,Completed,,
ORD-1877,2024-01-26,2024-01,Q1-2024,P013,Headset Pro,Electronics,C011,Imran Ali,Corporate,Dhaka,Corporate,Mohin Uddin,Direct Sales,3,86.56,0,0.0,259.68,178.5,81.18,Cash,Pending,4.0,
ORD-2078,2024-01-26,2024-01,Q1-2024,P008,Desk Lamp,Furniture,C007,Tariq Hassan,Corporate,Khulna,Corporate,Rakib Islam,Direct Sales,16,18.02,0,0.0,288.32,244.8,43.52,Card,Returned,4.9,Changed Mind
ORD-2470,2024-01-26,2024-01,Q1-2024,P009,Notebook Set,Stationery,C009,Nasim Chowdhury,Individual,Dhaka,Individual,Rakib Islam,In-Store,2,5.81,20,2.32,9.3,8.5,0.8,Bank Transfer,Pending,4.2,Defective
ORD-1029,2024-01-27,2024-01,Q1-2024,P014,Filing Cabinet,Furniture,C001,Ahmed Hossain,Corporate,Dhaka,Corporate,Rakib Islam,Reseller,16,91.51,20,292.83,1171.33,1224.0,-52.67,Card,Completed,,
ORD-1406,2024-01-27,2024-01,Q1-2024,P009,Notebook Set,Stationery,C011,Imran Ali,Corporate,Dhaka,Corporate,Sabrina Noor,In-Store,20,6.06,15,18.18,103.02,85.0,18.02,Bank Transfer,Completed,3.3,
ORD-1668,2024-01-27,2024-01,Q1-2024,P009,Notebook Set,Stationery,C011,Imran Ali,Corporate,Dhaka,Corporate,Sabrina Noor,Online,8,5.51,15,6.61,37.47,34.0,3.47,Cash,Completed,3.6,
ORD-1922,2024-01-27,2024-01,Q1-2024,P006,Office Chair,Furniture,C003,Rahim Uddin,Individual,Sylhet,Individual,Arif Khan,Reseller,1,131.14,0,0.0,131.14,110.5,20.64,Mobile Banking,Completed,4.8,
ORD-1070,2024-01-28,2024-01,Q1-2024,P004,Mechanical Keyboard,Electronics,C014,Parisa Begum,Corporate,Dhaka,Corporate,Dilnoza Haque,Direct Sales,14,52.97,15,111.24,630.34,654.5,-24.16,Card,Returned,2.8,Changed Mind
ORD-1037,2024-01-29,2024-01,Q1-2024,P008,Desk Lamp,Furniture,C007,Tariq Hassan,Khulna,Khulna,Corporate,Arif Khan,Direct Sales,8,17.9,15,21.48,121.72,122.4,-0.68,Card,Completed,4.2,
ORD-1346,2024-01-29,2024-01,Q1-2024,P015,Sticky Notes Bulk,Stationery,C007,Tariq Hassan,Corporate,Khulna,Corporate,Mohin Uddin,Online,20,6.88,0,0.0,137.6,102.0,35.6,Card,Returned,3.0,
ORD-2281,2024-01-29,2024-01,Q1-2024,P011,Whiteboard,Stationery,C010,Riya Sen,SMB,Barisal,SMB,Arif Khan,Reseller,8,24.85,10,19.88,178.92,170.0,8.92,Card,Completed,2.8,
ORD-1491,2024-01-30,2024-01,Q1-2024,P015,Sticky Notes Bulk,Stationery,C012,Shapna Das,Individual,Mymensingh,Individual,Rakib Islam,In-Store,11,6.66,0,0.0,73.26,56.1,17.16,Cash,Pending,4.3,
ORD-1813,2024-01-30,2024-01,Q1-2024,P004,Mechanical Keyboard,Electronics,C008,Mitu Begum,SMB,Chittagong,SMB,Mohin Uddin,Reseller,4,57.87,20,46.3,185.18,187.0,-1.82,Mobile Banking,Returned,4.6,
ORD-2483,2024-01-30,2024-01,Q1-2024,P003,USB-C Hub,Electronics,C007,Tariq Hassan,Corporate,Khulna,Corporate,Dilnoza Haque,In-Store,4,19.53,0,0.0,78.12,68.0,10.12,Mobile Banking,Pending,3.2,
ORD-2329,2024-01-31,2024-01,Q1-2024,P010,Pen Pack,Stationery,C010,Riya Sen,SMB,Barisal,SMB,Sabrina Noor,Direct Sales,16,2.98,20,9.54,38.14,40.8,-2.66,Bank Transfer,Returned,3.2,
ORD-2062,2024-02-02,2024-02,Q1-2024,P003,USB-C Hub,Electronics,C002,Farzana Islam,SMB,Chittagong,SMB,Sabrina Noor,Direct Sales,3,20.45,10,6.13,55.22,51.0,4.22,Cash,Pending,3.0,
ORD-2138,2024-02-02,2024-02,Q1-2024,P013,Headset Pro,Electronics,C015,Tanvir Ahmed,Individual,Rangpur,Individual,Arif Khan,Direct Sales,18,80.23,0,0.0,1444.14,1071.0,373.14,Card,Returned,2.9,
ORD-2164,2024-02-02,2024-02,Q1-2024,P014,Filing Cabinet,Furniture,C008,Mitu Begum,SMB,Chittagong,SMB,Mohin Uddin,Direct Sales,20,91.05,0,0.0,1821.0,1530.0,291.0,Card,Returned,3.3,
ORD-2458,2024-02-02,2024-02,Q1-2024,P002,Wireless Mouse,Electronics,C001,Ahmed Hossain,Corporate,Dhaka,Corporate,Mohin Uddin,Online,2,12.87,5,1.29,24.45,20.4,4.05,Cash,Returned,4.9,Defective
ORD-1185,2024-02-03,2024-02,Q1-2024,P011,Whiteboard,Stationery,C015,Tanvir Ahmed,Individual,Rangpur,Individual,Arif Khan,Reseller,18,26.24,20,94.46,377.86,382.5,-4.64,Cash,Completed,4.6,
ORD-1188,2024-02-03,2024-02,Q1-2024,P006,Office Chair,Furniture,C006,Sumaiya Akter,Individual,Dhaka,Individual,Rakib Islam,Online,4,127.07,0,0.0,508.28,442.0,66.28,Card,Completed,,
ORD-2438,2024-02-03,2024-02,Q1-2024,P015,Sticky Notes Bulk,Stationery,C009,Nasim Chowdhury,Dhaka,Dhaka,Individual,Rakib Islam,Online,12,5.71,0,0.0,68.52,61.2,7.32,Cash,Completed,4.9,
ORD-1468,2024-02-05,2024-02,Q1-2024,P010,Pen Pack,Stationery,C001,Ahmed Hossain,Corporate,Dhaka,Corporate,Dilnoza Haque,Direct Sales,17,3.49,20,11.87,47.46,43.35,4.11,Cash,Pending,3.5,
ORD-1790,2024-02-05,2024-02,Q1-2024,P004,Mechanical Keyboard,Electronics,C010,Riya Sen,SMB,Barisal,SMB,Dilnoza Haque,In-Store,13,65.92,20,171.39,685.57,607.75,77.82,Bank Transfer,Completed,3.3,
ORD-2193,2024-02-05,2024-02,Q1-2024,P014,Filing Cabinet,Furniture,C008,Mitu Begum,SMB,Chittagong,SMB,Mohin Uddin,Online,4,92.72,0,0.0,370.88,306.0,64.88,Mobile Banking,Completed,,
ORD-1222,2024-02-06,2024-02,Q1-2024,P005,Monitor 27in,Electronics,C011,Imran Ali,Corporate,Dhaka,Corporate,Dilnoza Haque,Direct Sales,2,237.03,20,94.81,379.25,340.0,39.25,Cash,Completed,4.0,
ORD-2335,2024-02-06,2024-02,Q1-2024,P001,Laptop Pro 15,Electronics,C009,Nasim Chowdhury,Individual,Dhaka,Individual,Sabrina Noor,Online,6,932.39,0,0.0,5594.34,4080.0,1514.34,Bank Transfer,Completed,,
ORD-1302,2024-02-07,2024-02,Q1-2024,P004,Mechanical Keyboard,Electronics,C008,Mitu Begum,SMB,Chittagong,SMB,Arif Khan,Online,7,64.08,0,0.0,448.56,327.25,121.31,Bank Transfer,Returned,4.9,
ORD-1617,2024-02-07,2024-02,Q1-2024,P009,Notebook Set,Stationery,C002,Farzana Islam,SMB,Chittagong,SMB,Dilnoza Haque,Online,3,5.56,20,3.34,13.34,12.75,0.59,Mobile Banking,Returned,3.4,
ORD-1397,2024-02-09,2024-02,Q1-2024,P011,Whiteboard,Stationery,C010,Riya Sen,SMB,Barisal,SMB,Sabrina Noor,Online,7,27.96,15,29.36,166.36,148.75,17.61,Mobile Banking,Returned,4.8,
ORD-1728,2024-02-09,2024-02,Q1-2024,P007,Standing Desk,Furniture,C012,Shapna Das,Individual,Mymensingh,Individual,Dilnoza Haque,Reseller,11,268.47,0,0.0,2953.17,2057.0,896.17,Cash,Returned,3.7,
ORD-1116,2024-02-10,2024-02,Q1-2024,P009,Notebook Set,Stationery,C006,Sumaiya Akter,Individual,Dhaka,Individual,Arif Khan,Reseller,8,5.33,0,0.0,42.64,34.0,8.64,Cash,Completed,2.8,
ORD-1192,2024-02-10,2024-02,Q1-2024,P006,Office Chair,Furniture,C014,Parisa Begum,Corporate,Dhaka,Corporate,Rakib Islam,Direct Sales,20,138.32,20,553.28,2213.12,2210.0,3.12,Card,Completed,4.9,
ORD-1620,2024-02-10,2024-02,Q1-2024,P002,Wireless Mouse,Electronics,C014,Parisa Begum,Corporate,Dhaka,Corporate,Sabrina Noor,In-Store,9,13.45,5,6.05,115.0,91.8,23.2,Cash,Pending,,
ORD-1788,2024-02-10,2024-02,Q1-2024,P001,Laptop Pro 15,Electronics,C006,Sumaiya Akter,Individual,Dhaka,Individual,Rakib Islam,Reseller,8,881.81,0,0.0,7054.48,5440.0,1614.48,Bank Transfer,Completed,,Defective
ORD-2298,2024-02-10,2024-02,Q1-2024,P005,Monitor 27in,Electronics,C009,Nasim Chowdhury,Individual,Dhaka,Individual,Rakib Islam,Online,2,248.38,0,0.0,496.76,340.0,156.76,Card,Returned,3.1,
ORD-1101,2024-02-11,2024-02,Q1-2024,P014,Filing Cabinet,Furniture,C012,Shapna Das,Individual,Mymensingh,Individual,Rakib Islam,Direct Sales,2,97.28,5,9.73,184.83,153.0,31.83,Bank Transfer,Returned,3.5,Wrong Item
ORD-1129,2024-02-12,2024-02,Q1-2024,P006,Office Chair,Furniture,C011,Imran Ali,Dhaka,Dhaka,Corporate,Sabrina Noor,Direct Sales,9,133.23,0,0.0,1199.07,994.5,204.57,Bank Transfer,Pending,,
ORD-1360,2024-02-12,2024-02,Q1-2024,P002,Wireless Mouse,Electronics,C012,Shapna Das,Individual,Mymensingh,Individual,Arif Khan,Direct Sales,6,11.62,20,13.94,55.78,61.2,-5.42,Mobile Banking,Completed,3.9,Changed Mind
ORD-1740,2024-02-12,2024-02,Q1-2024,P008,Desk Lamp,Furniture,C011,Imran Ali,Corporate,Dhaka,Corporate,Mohin Uddin,Direct Sales,18,21.8,0,0.0,392.4,275.4,117.0,Bank Transfer,Returned,3.0,
ORD-1802,2024-02-12,2024-02,Q1-2024,P001,Laptop Pro 15,Electronics,C002,Farzana Islam,SMB,Chittagong,SMB,Rakib Islam,In-Store,6,954.17,5,286.25,5438.77,4080.0,1358.77,Cash,Completed,3.4,
ORD-2283,2024-02-12,2024-02,Q1-2024,P011,Whiteboard,Stationery,C002,Farzana Islam,SMB,Chittagong,SMB,Sabrina Noor,In-Store,15,29.48,0,0.0,442.2,318.75,123.45,Mobile Banking,Pending,4.3,
ORD-1092,2024-02-13,2024-02,Q1-2024,P007,Standing Desk,Furniture,C012,Shapna Das,Individual,Mymensingh,Individual,Rakib Islam,In-Store,4,229.63,0,0.0,918.52,748.0,170.52,Bank Transfer,Completed,,
ORD-1775,2024-02-13,2024-02,Q1-2024,P014,Filing Cabinet,Furniture,C002,Farzana Islam,SMB,Chittagong,SMB,Rakib Islam,Direct Sales,8,95.98,5,38.39,729.45,612.0,117.45,Bank Transfer,Pending,3.7,
ORD-2095,2024-02-14,2024-02,Q1-2024,P006,Office Chair,Furniture,C001,Ahmed Hossain,Corporate,Dhaka,Corporate,Sabrina Noor,In-Store,14,154.36,15,324.16,1836.88,1547.0,289.88,Card,Completed,,
ORD-2188,2024-02-14,2024-02,Q1-2024,P007,Standing Desk,Furniture,C010,Riya Sen,SMB,Barisal,SMB,Dilnoza Haque,Online,11,228.74,0,0.0,2516.14,2057.0,459.14,Mobile Banking,Completed,4.5,
ORD-2259,2024-02-14,2024-02,Q1-2024,P010,Pen Pack,Stationery,C011,Imran Ali,Corporate,Dhaka,Corporate,Rakib Islam,Direct Sales,10,3.5,10,3.5,31.5,25.5,6.0,Mobile Banking,Completed,,Wrong Item
ORD-1142,2024-02-17,2024-02,Q1-2024,P006,Office Chair,Furniture,C001,Ahmed Hossain,Corporate,Dhaka,Corporate,Mohin Uddin,Reseller,13,125.5,10,163.15,1468.35,1436.5,31.85,Cash,Returned,4.4,
ORD-2094,2024-02-17,2024-02,Q1-2024,P008,Desk Lamp,Furniture,C014,Parisa Begum,Corporate,Dhaka,Corporate,Dilnoza Haque,Direct Sales,15,19.54,0,0.0,293.1,229.5,63.6,Cash,Completed,3.5,Wrong Item
ORD-1649,2024-02-18,2024-02,Q1-2024,P013,Headset Pro,Electronics,C013,Zahid Hasan,Sylhet,Sylhet,SMB,Arif Khan,In-Store,18,72.79,10,131.02,1179.2,1071.0,108.2,Card,Completed,4.5,
ORD-1986,2024-02-18,2024-02,Q1-2024,P001,Laptop Pro 15,Electronics,C007,Tariq Hassan,Corporate,Khulna,Corporate,Rakib Islam,Online,12,914.99,0,0.0,10979.88,8160.0,2819.88,Card,Completed,3.1,
ORD-2006,2024-02-18,2024-02,Q1-2024,P011,Whiteboard,Stationery,C006,Sumaiya Akter,Individual,Dhaka,Individual,Rakib Islam,Online,9,28.41,0,0.0,255.69,191.25,64.44,Bank Transfer,Completed,2.9,
ORD-1779,2024-02-19,2024-02,Q1-2024,P002,Wireless Mouse,Electronics,C005,Kamal Pasha,SMB,Rajshahi,SMB,Rakib Islam,In-Store,15,14.54,10,21.81,196.29,153.0,43.29,Cash,Completed,3.6,Changed Mind
ORD-2357,2024-02-20,2024-02,Q1-2024,P008,Desk Lamp,Furniture,C010,Riya Sen,SMB,Barisal,SMB,Arif Khan,Reseller,15,19.09,20,57.27,229.08,229.5,-0.42,Bank Transfer,Pending,5.0,
ORD-2447,2024-02-20,2024-02,Q1-2024,P015,Sticky Notes Bulk,Stationery,C003,Rahim Uddin,Sylhet,Sylhet,Individual,Dilnoza Haque,Reseller,18,5.79,0,0.0,104.22,91.8,12.42,Cash,Returned,4.0,
ORD-2480,2024-02-20,2024-02,Q1-2024,P009,Notebook Set,Stationery,C015,Tanvir Ahmed,Individual,Rangpur,Individual,Dilnoza Haque,Direct Sales,12,6.2,5,3.72,70.68,51.0,19.68,Cash,Returned,3.5,
ORD-1238,2024-02-21,2024-02,Q1-2024,P002,Wireless Mouse,Electronics,C009,Nasim Chowdhury,Individual,Dhaka,Individual,Dilnoza Haque,Reseller,12,14.87,0,0.0,178.44,122.4,56.04,Cash,Completed,,
ORD-1611,2024-02-21,2024-02,Q1-2024,P002,Wireless Mouse,Electronics,C008,Mitu Begum,SMB,Chittagong,SMB,Arif Khan,Reseller,1,12.87,0,0.0,12.87,10.2,2.67,Cash,Completed,4.1,
ORD-1195,2024-02-23,2024-02,Q1-2024,P011,Whiteboard,Stationery,C008,Mitu Begum,SMB,Chittagong,SMB,Sabrina Noor,Direct Sales,5,28.5,0,0.0,142.5,106.25,36.25,Bank Transfer,Completed,4.0,
ORD-1684,2024-02-23,2024-02,Q1-2024,P008,Desk Lamp,Furniture,C011,Imran Ali,Corporate,Dhaka,Corporate,Rakib Islam,Online,20,17.69,15,53.07,300.73,306.0,-5.27,Bank Transfer,Completed,3.4,
ORD-1884,2024-02-23,2024-02,Q1-2024,P011,Whiteboard,Stationery,C008,Mitu Begum,SMB,Chittagong,SMB,Sabrina Noor,Online,14,25.92,5,18.14,344.74,297.5,47.24,Card,Completed,3.4,
ORD-1148,2024-02-25,2024-02,Q1-2024,P009,Notebook Set,Stationery,C013,Zahid Hasan,SMB,Sylhet,SMB,Arif Khan,In-Store,20,6.13,20,24.52,98.08,85.0,13.08,Card,Pending,4.2,
ORD-1409,2024-02-26,2024-02,Q1-2024,P005,Monitor 27in,Electronics,C008,Mitu Begum,SMB,Chittagong,SMB,Sabrina Noor,Online,9,199.12,0,0.0,1792.08,1530.0,262.08,Mobile Banking,Pending,3.1,
ORD-1598,2024-02-26,2024-02,Q1-2024,P002,Wireless Mouse,Electronics,C002,Farzana Islam,SMB,Chittagong,SMB,Dilnoza Haque,Online,2,12.93,0,0.0,25.86,20.4,5.46,Mobile Banking,Pending,3.9,
ORD-2337,2024-02-26,2024-02,Q1-2024,P015,Sticky Notes Bulk,Stationery,C003,Rahim Uddin,Individual,Sylhet,Individual,Mohin Uddin,Online,4,7.02,20,5.62,22.46,20.4,2.06,Mobile Banking,Completed,2.9,Changed Mind
ORD-1305,2024-02-27,2024-02,Q1-2024,P010,Pen Pack,Stationery,C012,Shapna Das,Individual,Mymensingh,Individual,Rakib Islam,In-Store,17,3.12,15,7.96,45.08,43.35,1.73,Card,Completed,3.2,
ORD-1343,2024-02-28,2024-02,Q1-2024,P009,Notebook Set,Stationery,C013,Zahid Hasan,SMB,Sylhet,SMB,Dilnoza Haque,Reseller,18,5.47,0,0.0,98.46,76.5,21.96,Mobile Banking,Pending,4.3,
ORD-1079,2024-03-01,2024-03,Q1-2024,P003,USB-C Hub,Electronics,C004,Nusrat Jahan,Corporate,Dhaka,Corporate,Rakib Islam,In-Store,5,23.72,0,0.0,118.6,85.0,33.6,Mobile Banking,Returned,3.2,Defective
ORD-1314,2024-03-01,2024-03,Q1-2024,P009,Notebook Set,Stationery,C009,Nasim Chowdhury,Individual,Dhaka,Individual,Rakib Islam,Reseller,13,4.89,0,0.0,63.57,55.25,8.32,Mobile Banking,Completed,4.4,
ORD-1807,2024-03-01,2024-03,Q1-2024,P012,Webcam HD,Electronics,C005,Kamal Pasha,SMB,Rajshahi,SMB,Mohin Uddin,Reseller,9,41.81,0,0.0,376.29,306.0,70.29,Bank Transfer,Pending,,
ORD-2008,2024-03-01,2024-03,Q1-2024,P014,Filing Cabinet,Furniture,C015,Tanvir Ahmed,Individual,Rangpur,Individual,Arif Khan,Reseller,18,97.39,20,350.6,1402.42,1377.0,25.42,Bank Transfer,Returned,3.1,
ORD-2478,2024-03-01,2024-03,Q1-2024,P011,Whiteboard,Stationery,C015,Tanvir Ahmed,Individual,Rangpur,Individual,Arif Khan,In-Store,3,27.27,5,4.09,77.72,63.75,13.97,Card,Completed,2.6,
ORD-1394,2024-03-02,2024-03,Q1-2024,P015,Sticky Notes Bulk,Stationery,C014,Parisa Begum,Corporate,Dhaka,Corporate,Mohin Uddin,Online,4,7.27,0,0.0,29.08,20.4,8.68,Bank Transfer,Completed,2.6,
ORD-1761,2024-03-02,2024-03,Q1-2024,P003,USB-C Hub,Electronics,C013,Zahid Hasan,SMB,Sylhet,SMB,Rakib Islam,Direct Sales,6,21.82,0,0.0,130.92,102.0,28.92,Bank Transfer,Completed,4.1,
ORD-1927,2024-03-02,2024-03,Q1-2024,P014,Filing Cabinet,Furniture,C011,Imran Ali,Corporate,Dhaka,Corporate,Sabrina Noor,Reseller,2,87.25,20,34.9,139.6,153.0,-13.4,Cash,Completed,3.2,
ORD-2098,2024-03-02,2024-03,Q1-2024,P008,Desk Lamp,Furniture,C001,Ahmed Hossain,Corporate,Dhaka,Corporate,Mohin Uddin,Direct Sales,10,20.51,0,0.0,205.1,153.0,52.1,Cash,Pending,,
ORD-2324,2024-03-02,2024-03,Q1-2024,P001,Laptop Pro 15,Electronics,C006,Sumaiya Akter,Individual,Dhaka,Individual,Mohin Uddin,Direct Sales,19,881.55,20,3349.89,13399.56,12920.0,479.56,Mobile Banking,Completed,2.8,
ORD-2388,2024-03-02,2024-03,Q1-2024,P007,Standing Desk,Furniture,C014,Parisa Begum,Corporate,Dhaka,Corporate,Arif Khan,In-Store,3,240.02,15,108.01,612.05,561.0,51.05,Mobile Banking,Pending,4.4,
ORD-1114,2024-03-04,2024-03,Q1-2024,P003,USB-C Hub,Electronics,C014,Parisa Begum,Corporate,Dhaka,Corporate,Arif Khan,Direct Sales,7,23.81,0,0.0,166.67,119.0,47.67,Mobile Banking,Pending,4.3,
ORD-1042,2024-03-05,2024-03,Q1-2024,P009,Notebook Set,Stationery,C012,Shapna Das,Individual,Mymensingh,Individual,Rakib Islam,Direct Sales,18,5.95,0,0.0,107.1,76.5,30.6,Bank Transfer,Completed,4.2,
ORD-1254,2024-03-05,2024-03,Q1-2024,P003,USB-C Hub,Electronics,C015,Tanvir Ahmed,Individual,Rangpur,Individual,Dilnoza Haque,Online,14,21.96,5,15.37,292.07,238.0,54.07,Bank Transfer,Pending,4.2,
ORD-2466,2024-03-05,2024-03,Q1-2024,P011,Whiteboard,Stationery,C013,Zahid Hasan,SMB,Sylhet,SMB,Rakib Islam,Reseller,6,29.73,15,26.76,151.62,127.5,24.12,Card,Completed,5.0,Wrong Item
ORD-1787,2024-03-06,2024-03,Q1-2024,P004,Mechanical Keyboard,Electronics,C004,Nusrat Jahan,Corporate,Dhaka,Corporate,Dilnoza Haque,Online,15,61.35,0,0.0,920.25,701.25,219.0,Mobile Banking,Returned,4.6,
ORD-1088,2024-03-07,2024-03,Q1-2024,P009,Notebook Set,Stationery,C002,Farzana Islam,SMB,Chittagong,SMB,Mohin Uddin,Online,3,5.46,20,3.28,13.1,12.75,0.35,Bank Transfer,Pending,4.0,
ORD-1191,2024-03-07,2024-03,Q1-2024,P005,Monitor 27in,Electronics,C008,Mitu Begum,SMB,Chittagong,SMB,Dilnoza Haque,In-Store,3,211.67,0,0.0,635.01,510.0,125.01,Bank Transfer,Completed,,
ORD-1454,2024-03-07,2024-03,Q1-2024,P006,Office Chair,Furniture,C013,Zahid Hasan,SMB,Sylhet,SMB,Mohin Uddin,Reseller,10,134.78,0,0.0,1347.8,1105.0,242.8,Mobile Banking,Completed,3.9,
ORD-1944,2024-03-07,2024-03,Q1-2024,P003,USB-C Hub,Electronics,C003,Rahim Uddin,Individual,Sylhet,Individual,Arif Khan,Reseller,13,23.09,20,60.03,240.14,221.0,19.14,Cash,Returned,2.5,
ORD-2142,2024-03-08,2024-03,Q1-2024,P002,Wireless Mouse,Electronics,C002,Farzana Islam,SMB,Chittagong,SMB,Dilnoza Haque,In-Store,3,12.35,15,5.56,31.49,30.6,0.89,Card,Completed,,
ORD-1696,2024-03-09,2024-03,Q1-2024,P006,Office Chair,Furniture,C013,Zahid Hasan,SMB,Sylhet,SMB,Mohin Uddin,In-Store,12,154.6,20,371.04,1484.16,1326.0,158.16,Cash,Returned,,Changed Mind
ORD-1911,2024-03-10,2024-03,Q1-2024,P008,Desk Lamp,Furniture,C003,Rahim Uddin,Individual,Sylhet,Individual,Dilnoza Haque,Direct Sales,17,19.73,15,50.31,285.1,260.1,25.0,Cash,Completed,,Changed Mind
ORD-1450,2024-03-11,2024-03,Q1-2024,P010,Pen Pack,Stationery,C003,Rahim Uddin,Individual,Sylhet,Individual,Dilnoza Haque,Reseller,15,3.31,10,4.96,44.69,38.25,6.44,Card,Completed,2.5,
ORD-1896,2024-03-11,2024-03,Q1-2024,P002,Wireless Mouse,Electronics,C003,Rahim Uddin,Individual,Sylhet,Individual,Dilnoza Haque,In-Store,15,14.84,15,33.39,189.21,153.0,36.21,Bank Transfer,Returned,4.2,
ORD-1919,2024-03-11,2024-03,Q1-2024,P011,Whiteboard,Stationery,C008,Mitu Begum,SMB,Chittagong,SMB,Mohin Uddin,Direct Sales,11,26.02,20,57.24,228.98,233.75,-4.77,Bank Transfer,Returned,3.4,
ORD-2358,2024-03-11,2024-03,Q1-2024,P014,Filing Cabinet,Furniture,C003,Rahim Uddin,Individual,Sylhet,Individual,Rakib Islam,Direct Sales,8,92.28,20,147.65,590.59,612.0,-21.41,Bank Transfer,Completed,,
ORD-2415,2024-03-11,2024-03,Q1-2024,P010,Pen Pack,Stationery,C009,Nasim Chowdhury,Individual,Dhaka,Individual,Arif Khan,Reseller,17,3.55,20,12.07,48.28,43.35,4.93,Mobile Banking,Returned,2.8,
ORD-1201,2024-03-12,2024-03,Q1-2024,P008,Desk Lamp,Furniture,C004,Nusrat Jahan,Corporate,Dhaka,Corporate,Dilnoza Haque,Direct Sales,13,20.5,0,0.0,266.5,198.9,67.6,Cash,Pending,3.6,
ORD-1291,2024-03-12,2024-03,Q1-2024,P012,Webcam HD,Electronics,C002,Farzana Islam,Chittagong,Chittagong,SMB,Sabrina Noor,In-Store,4,48.21,0,0.0,192.84,136.0,56.84,Mobile Banking,Completed,4.9,
ORD-2321,2024-03-12,2024-03,Q1-2024,P008,Desk Lamp,Furniture,C014,Parisa Begum,Corporate,Dhaka,Corporate,Sabrina Noor,Online,11,17.35,10,19.09,171.76,168.3,3.46,Mobile Banking,Completed,,
ORD-1423,2024-03-13,2024-03,Q1-2024,P014,Filing Cabinet,Furniture,C009,Nasim Chowdhury,Individual,Dhaka,Individual,Rakib Islam,Reseller,3,93.41,0,0.0,280.23,229.5,50.73,Bank Transfer,Pending,3.0,
ORD-1221,2024-03-15,2024-03,Q1-2024,P006,Office Chair,Furniture,C013,Zahid Hasan,Sylhet,Sylhet,SMB,Mohin Uddin,Reseller,5,133.16,15,99.87,565.93,552.5,13.43,Cash,Completed,4.0,
ORD-1340,2024-03-15,2024-03,Q1-2024,P004,Mechanical Keyboard,Electronics,C013,Zahid Hasan,SMB,Sylhet,SMB,Mohin Uddin,Online,16,65.28,5,52.22,992.26,748.0,244.26,Bank Transfer,Completed,4.4,Defective
ORD-1905,2024-03-15,2024-03,Q1-2024,P002,Wireless Mouse,Electronics,C004,Nusrat Jahan,Corporate,Dhaka,Corporate,Mohin Uddin,In-Store,14,13.42,5,9.39,178.49,142.8,35.69,Bank Transfer,Completed,4.3,Defective
ORD-2429,2024-03-15,2024-03,Q1-2024,P003,USB-C Hub,Electronics,C006,Sumaiya Akter,Individual,Dhaka,Individual,Dilnoza Haque,Online,15,24.06,10,36.09,324.81,255.0,69.81,Card,Completed,,
ORD-2446,2024-03-15,2024-03,Q1-2024,P008,Desk Lamp,Furniture,C004,Nusrat Jahan,Corporate,Dhaka,Corporate,Rakib Islam,In-Store,19,20.06,15,57.17,323.97,290.7,33.27,Mobile Banking,Completed,3.1,Changed Mind
ORD-1778,2024-03-16,2024-03,Q1-2024,P008,Desk Lamp,Furniture,C004,Nusrat Jahan,Corporate,Dhaka,Corporate,Dilnoza Haque,Reseller,2,18.24,0,0.0,36.48,30.6,5.88,Mobile Banking,Completed,,
ORD-1016,2024-03-17,2024-03,Q1-2024,P006,Office Chair,Furniture,C007,Tariq Hassan,Khulna,Khulna,Corporate,Arif Khan,Online,14,141.71,15,297.59,1686.35,1547.0,139.35,Bank Transfer,Completed,2.8,
ORD-1518,2024-03-17,2024-03,Q1-2024,P001,Laptop Pro 15,Electronics,C004,Nusrat Jahan,Corporate,Dhaka,Corporate,Arif Khan,Direct Sales,4,767.87,15,460.72,2610.76,2720.0,-109.24,Cash,Completed,,
ORD-2372,2024-03-17,2024-03,Q1-2024,P014,Filing Cabinet,Furniture,C011,Imran Ali,Dhaka,Dhaka,Corporate,Dilnoza Haque,In-Store,5,86.21,5,21.55,409.5,382.5,27.0,Cash,Completed,4.6,
ORD-2396,2024-03-17,2024-03,Q1-2024,P008,Desk Lamp,Furniture,C007,Tariq Hassan,Corporate,Khulna,Corporate,Arif Khan,Reseller,2,18.87,5,1.89,35.85,30.6,5.25,Mobile Banking,Returned,3.7,
ORD-2430,2024-03-17,2024-03,Q1-2024,P015,Sticky Notes Bulk,Stationery,C012,Shapna Das,Individual,Mymensingh,Individual,Mohin Uddin,In-Store,12,6.52,15,11.74,66.5,61.2,5.3,Bank Transfer,Completed,2.7,Changed Mind
ORD-1062,2024-03-18,2024-03,Q1-2024,P012,Webcam HD,Electronics,C006,Sumaiya Akter,Individual,Dhaka,Individual,Mohin Uddin,Online,20,41.0,0,0.0,820.0,680.0,140.0,Mobile Banking,Pending,,
ORD-1093,2024-03-18,2024-03,Q1-2024,P002,Wireless Mouse,Electronics,C012,Shapna Das,Mymensingh,Mymensingh,Individual,Mohin Uddin,Reseller,12,14.32,10,17.18,154.66,122.4,32.26,Cash,Returned,4.2,
ORD-1643,2024-03-18,2024-03,Q1-2024,P007,Standing Desk,Furniture,C006,Sumaiya Akter,Dhaka,Dhaka,Individual,Dilnoza Haque,In-Store,16,229.92,5,183.94,3494.78,2992.0,502.78,Mobile Banking,Completed,2.7,
ORD-1539,2024-03-19,2024-03,Q1-2024,P011,Whiteboard,Stationery,C009,Nasim Chowdhury,Individual,Dhaka,Individual,Mohin Uddin,Direct Sales,11,25.25,5,13.89,263.86,233.75,30.11,Card,Completed,3.8,
ORD-2428,2024-03-19,2024-03,Q1-2024,P009,Notebook Set,Stationery,C009,Nasim Chowdhury,Individual,Dhaka,Individual,Mohin Uddin,Direct Sales,17,6.1,10,10.37,93.33,72.25,21.08,Cash,Completed,,
ORD-1282,2024-03-20,2024-03,Q1-2024,P011,Whiteboard,Stationery,C007,Tariq Hassan,Corporate,Khulna,Corporate,Arif Khan,In-Store,13,26.97,5,17.53,333.08,276.25,56.83,Mobile Banking,Completed,4.4,
ORD-2055,2024-03-20,2024-03,Q1-2024,P012,Webcam HD,Electronics,C009,Nasim Chowdhury,Individual,Dhaka,Individual,Arif Khan,In-Store,17,48.19,10,81.92,737.31,578.0,159.31,Cash,Returned,4.7,
ORD-2162,2024-03-21,2024-03,Q1-2024,P010,Pen Pack,Stationery,C014,Parisa Begum,Corporate,Dhaka,Corporate,Arif Khan,Online,20,3.61,5,3.61,68.59,51.0,17.59,Bank Transfer,Returned,4.3,
ORD-1032,2024-03-22,2024-03,Q1-2024,P001,Laptop Pro 15,Electronics,C009,Nasim Chowdhury,Individual,Dhaka,Individual,Sabrina Noor,Reseller,18,924.85,15,2497.09,14150.21,12240.0,1910.21,Bank Transfer,Completed,4.8,
ORD-1550,2024-03-25,2024-03,Q1-2024,P011,Whiteboard,Stationery,C006,Sumaiya Akter,Individual,Dhaka,Individual,Dilnoza Haque,Direct Sales,14,29.67,0,0.0,415.38,297.5,117.88,Bank Transfer,Completed,4.7,
ORD-1852,2024-03-25,2024-03,Q1-2024,P007,Standing Desk,Furniture,C011,Imran Ali,Dhaka,Dhaka,Corporate,Mohin Uddin,Reseller,13,266.68,10,346.68,3120.16,2431.0,689.16,Cash,Completed,2.6,
ORD-2177,2024-03-25,2024-03,Q1-2024,P005,Monitor 27in,Electronics,C008,Mitu Begum,SMB,Chittagong,SMB,Sabrina Noor,Direct Sales,13,217.98,5,141.69,2692.05,2210.0,482.05,Card,Returned,3.1,
ORD-1635,2024-03-26,2024-03,Q1-2024,P004,Mechanical Keyboard,Electronics,C011,Imran Ali,Dhaka,Dhaka,Corporate,Arif Khan,In-Store,19,67.31,0,0.0,1278.89,888.25,390.64,Card,Completed,,Wrong Item
ORD-1873,2024-03-26,2024-03,Q1-2024,P010,Pen Pack,Stationery,C006,Sumaiya Akter,Dhaka,Dhaka,Individual,Rakib Islam,Reseller,2,3.35,0,0.0,6.7,5.1,1.6,Cash,Completed,2.6,
ORD-2028,2024-03-26,2024-03,Q1-2024,P014,Filing Cabinet,Furniture,C008,Mitu Begum,SMB,Chittagong,SMB,Dilnoza Haque,Online,19,108.81,0,0.0,2067.39,1453.5,613.89,Card,Pending,,
ORD-2182,2024-03-26,2024-03,Q1-2024,P012,Webcam HD,Electronics,C012,Shapna Das,Individual,Mymensingh,Individual,Arif Khan,Direct Sales,9,39.73,20,71.51,286.06,306.0,-19.94,Mobile Banking,Returned,2.6,
ORD-2477,2024-03-26,2024-03,Q1-2024,P008,Desk Lamp,Furniture,C008,Mitu Begum,Chittagong,Chittagong,SMB,Mohin Uddin,In-Store,12,19.25,10,23.1,207.9,183.6,24.3,Card,Completed,4.1,Defective
ORD-2440,2024-03-27,2024-03,Q1-2024,P001,Laptop Pro 15,Electronics,C014,Parisa Begum,Dhaka,Dhaka,Corporate,Arif Khan,Direct Sales,19,792.68,0,0.0,15060.92,12920.0,2140.92,Mobile Banking,Completed,,
ORD-1105,2024-03-28,2024-03,Q1-2024,P011,Whiteboard,Stationery,C005,Kamal Pasha,SMB,Rajshahi,SMB,Rakib Islam,Direct Sales,9,28.19,0,0.0,253.71,191.25,62.46,Bank Transfer,Completed,,
ORD-1745,2024-03-28,2024-03,Q1-2024,P004,Mechanical Keyboard,Electronics,C006,Sumaiya Akter,Individual,Dhaka,Individual,Dilnoza Haque,In-Store,9,55.61,15,75.07,425.42,420.75,4.67,Bank Transfer,Completed,3.6,
ORD-1605,2024-03-29,2024-03,Q1-2024,P012,Webcam HD,Electronics,C005,Kamal Pasha,Rajshahi,Rajshahi,SMB,Rakib Islam,Online,3,48.39,15,21.78,123.39,102.0,21.39,Cash,Completed,3.9,
ORD-1552,2024-03-30,2024-03,Q1-2024,P013,Headset Pro,Electronics,C011,Imran Ali,Corporate,Dhaka,Corporate,Rakib Islam,Online,5,66.56,0,0.0,332.8,297.5,35.3,Cash,Completed,4.3,
ORD-1498,2024-03-31,2024-03,Q1-2024,P008,Desk Lamp,Furniture,C005,Kamal Pasha,SMB,Rajshahi,SMB,Rakib Islam,In-Store,19,17.81,20,67.68,270.71,290.7,-19.99,Bank Transfer,Completed,4.4,
ORD-1879,2024-03-31,2024-03,Q1-2024,P012,Webcam HD,Electronics,C015,Tanvir Ahmed,Individual,Rangpur,Individual,Arif Khan,Reseller,14,42.34,0,0.0,592.76,476.0,116.76,Bank Transfer,Pending,4.5,
ORD-2497,2024-03-31,2024-03,Q1-2024,P008,Desk Lamp,Furniture,C008,Mitu Begum,SMB,Chittagong,SMB,Dilnoza Haque,In-Store,5,20.22,5,5.05,96.05,76.5,19.55,Card,Returned,,
ORD-1362,2024-04-02,2024-04,Q2-2024,P015,Sticky Notes Bulk,Stationery,C002,Farzana Islam,SMB,Chittagong,SMB,Sabrina Noor,In-Store,13,6.8,5,4.42,83.98,66.3,17.68,Mobile Banking,Returned,3.9,
ORD-1708,2024-04-02,2024-04,Q2-2024,P013,Headset Pro,Electronics,C006,Sumaiya Akter,Individual,Dhaka,Individual,Sabrina Noor,Online,4,67.32,10,26.93,242.35,238.0,4.35,Mobile Banking,Completed,,
ORD-2076,2024-04-02,2024-04,Q2-2024,P008,Desk Lamp,Furniture,C006,Sumaiya Akter,Individual,Dhaka,Individual,Sabrina Noor,In-Store,6,18.66,0,0.0,111.96,91.8,20.16,Card,Returned,,
ORD-1770,2024-04-03,2024-04,Q2-2024,P013,Headset Pro,Electronics,C003,Rahim Uddin,Individual,Sylhet,Individual,Dilnoza Haque,Online,11,72.61,10,79.87,718.84,654.5,64.34,Bank Transfer,Completed,4.0,
ORD-1113,2024-04-04,2024-04,Q2-2024,P004,Mechanical Keyboard,Electronics,C009,Nasim Chowdhury,Individual,Dhaka,Individual,Sabrina Noor,Reseller,8,57.36,20,91.78,367.1,374.0,-6.9,Bank Transfer,Returned,4.4,
ORD-1648,2024-04-05,2024-04,Q2-2024,P014,Filing Cabinet,Furniture,C009,Nasim Chowdhury,Individual,Dhaka,Individual,Rakib Islam,Online,1,95.62,10,9.56,86.06,76.5,9.56,Bank Transfer,Completed,3.5,
ORD-1961,2024-04-05,2024-04,Q2-2024,P003,USB-C Hub,Electronics,C015,Tanvir Ahmed,Individual,Rangpur,Individual,Rakib Islam,Direct Sales,6,21.4,0,0.0,128.4,102.0,26.4,Card,Completed,4.1,
ORD-2205,2024-04-05,2024-04,Q2-2024,P004,Mechanical Keyboard,Electronics,C007,Tariq Hassan,Corporate,Khulna,Corporate,Rakib Islam,Direct Sales,1,59.35,0,0.0,59.35,46.75,12.6,Cash,Pending,4.3,
ORD-1206,2024-04-06,2024-04,Q2-2024,P010,Pen Pack,Stationery,C001,Ahmed Hossain,Corporate,Dhaka,Corporate,Dilnoza Haque,Direct Sales,12,3.71,5,2.23,42.29,30.6,11.69,Bank Transfer,Returned,4.6,
ORD-1946,2024-04-06,2024-04,Q2-2024,P009,Notebook Set,Stationery,C006,Sumaiya Akter,Individual,Dhaka,Individual,Rakib Islam,Online,16,5.82,20,18.62,74.5,68.0,6.5,Card,Returned,3.5,
ORD-2400,2024-04-07,2024-04,Q2-2024,P007,Standing Desk,Furniture,C015,Tanvir Ahmed,Individual,Rangpur,Individual,Sabrina Noor,Reseller,16,254.8,5,203.84,3872.96,2992.0,880.96,Cash,Returned,,
ORD-1200,2024-04-08,2024-04,Q2-2024,P006,Office Chair,Furniture,C002,Farzana Islam,SMB,Chittagong,SMB,Rakib Islam,Online,10,125.24,15,187.86,1064.54,1105.0,-40.46,Card,Completed,3.9,
ORD-1390,2024-04-08,2024-04,Q2-2024,P008,Desk Lamp,Furniture,C007,Tariq Hassan,Corporate,Khulna,Corporate,Mohin Uddin,In-Store,1,21.02,0,0.0,21.02,15.3,5.72,Mobile Banking,Completed,3.1,Defective
ORD-1906,2024-04-08,2024-04,Q2-2024,P004,Mechanical Keyboard,Electronics,C010,Riya Sen,SMB,Barisal,SMB,Dilnoza Haque,Online,1,58.81,0,0.0,58.81,46.75,12.06,Mobile Banking,Completed,,
ORD-2070,2024-04-08,2024-04,Q2-2024,P008,Desk Lamp,Furniture,C007,Tariq Hassan,Corporate,Khulna,Corporate,Sabrina Noor,In-Store,15,19.06,0,0.0,285.9,229.5,56.4,Card,Completed,3.9,Changed Mind
ORD-2214,2024-04-08,2024-04,Q2-2024,P004,Mechanical Keyboard,Electronics,C001,Ahmed Hossain,Corporate,Dhaka,Corporate,Rakib Islam,Direct Sales,19,58.11,15,165.61,938.48,888.25,50.23,Cash,Completed,2.7,
ORD-1482,2024-04-09,2024-04,Q2-2024,P001,Laptop Pro 15,Electronics,C002,Farzana Islam,SMB,Chittagong,SMB,Arif Khan,Direct Sales,2,981.97,0,0.0,1963.94,1360.0,603.94,Cash,Completed,4.3,
ORD-1019,2024-04-10,2024-04,Q2-2024,P005,Monitor 27in,Electronics,C007,Tariq Hassan,Corporate,Khulna,Corporate,Rakib Islam,In-Store,18,229.71,5,206.74,3928.04,3060.0,868.04,Cash,Pending,2.7,
ORD-1081,2024-04-10,2024-04,Q2-2024,P006,Office Chair,Furniture,C011,Imran Ali,Corporate,Dhaka,Corporate,Rakib Islam,Online,9,146.3,20,263.34,1053.36,994.5,58.86,Card,Returned,,Changed Mind
ORD-1808,2024-04-10,2024-04,Q2-2024,P008,Desk Lamp,Furniture,C014,Parisa Begum,Corporate,Dhaka,Corporate,Sabrina Noor,Online,4,21.65,10,8.66,77.94,61.2,16.74,Cash,Completed,,
ORD-2023,2024-04-10,2024-04,Q2-2024,P003,USB-C Hub,Electronics,C002,Farzana Islam,SMB,Chittagong,SMB,Rakib Islam,Online,11,24.25,0,0.0,266.75,187.0,79.75,Bank Transfer,Returned,4.7,
ORD-1216,2024-04-12,2024-04,Q2-2024,P001,Laptop Pro 15,Electronics,C007,Tariq Hassan,Corporate,Khulna,Corporate,Rakib Islam,In-Store,7,998.97,0,0.0,6992.79,4760.0,2232.79,Mobile Banking,Completed,3.1,
ORD-1655,2024-04-12,2024-04,Q2-2024,P006,Office Chair,Furniture,C012,Shapna Das,Individual,Mymensingh,Individual,Sabrina Noor,Direct Sales,10,138.75,20,277.5,1110.0,1105.0,5.0,Card,Completed,4.3,
ORD-1712,2024-04-12,2024-04,Q2-2024,P002,Wireless Mouse,Electronics,C005,Kamal Pasha,SMB,Rajshahi,SMB,Arif Khan,Reseller,14,14.78,0,0.0,206.92,142.8,64.12,Card,Completed,4.1,
ORD-2203,2024-04-12,2024-04,Q2-2024,P001,Laptop Pro 15,Electronics,C005,Kamal Pasha,SMB,Rajshahi,SMB,Arif Khan,Direct Sales,11,764.3,10,840.73,7566.57,7480.0,86.57,Bank Transfer,Returned,4.0,
ORD-2322,2024-04-12,2024-04,Q2-2024,P007,Standing Desk,Furniture,C010,Riya Sen,SMB,Barisal,SMB,Mohin Uddin,Direct Sales,17,271.57,0,0.0,4616.69,3179.0,1437.69,Cash,Pending,2.8,
ORD-1351,2024-04-14,2024-04,Q2-2024,P011,Whiteboard,Stationery,C008,Mitu Begum,SMB,Chittagong,SMB,Arif Khan,Direct Sales,19,30.22,5,28.71,545.47,403.75,141.72,Card,Completed,3.5,
ORD-1590,2024-04-14,2024-04,Q2-2024,P014,Filing Cabinet,Furniture,C009,Nasim Chowdhury,Individual,Dhaka,Individual,Arif Khan,Online,12,110.98,5,66.59,1265.17,918.0,347.17,Cash,Completed,5.0,
ORD-1470,2024-04-15,2024-04,Q2-2024,P013,Headset Pro,Electronics,C013,Zahid Hasan,SMB,Sylhet,SMB,Dilnoza Haque,In-Store,10,80.1,0,0.0,801.0,595.0,206.0,Mobile Banking,Returned,4.1,
ORD-1535,2024-04-16,2024-04,Q2-2024,P011,Whiteboard,Stationery,C014,Parisa Begum,Corporate,Dhaka,Corporate,Dilnoza Haque,Online,14,28.01,5,19.61,372.53,297.5,75.03,Mobile Banking,Returned,3.3,
ORD-1992,2024-04-16,2024-04,Q2-2024,P006,Office Chair,Furniture,C006,Sumaiya Akter,Individual,Dhaka,Individual,Mohin Uddin,Online,7,149.93,15,157.43,892.08,773.5,118.58,Card,Completed,3.6,
ORD-1461,2024-04-17,2024-04,Q2-2024,P013,Headset Pro,Electronics,C011,Imran Ali,Corporate,Dhaka,Corporate,Mohin Uddin,Reseller,8,81.92,10,65.54,589.82,476.0,113.82,Card,Completed,4.2,
ORD-1429,2024-04-18,2024-04,Q2-2024,P013,Headset Pro,Electronics,C014,Parisa Begum,Corporate,Dhaka,Corporate,Rakib Islam,Reseller,14,85.98,0,0.0,1203.72,833.0,370.72,Cash,Completed,3.3,Changed Mind
ORD-1487,2024-04-18,2024-04,Q2-2024,P005,Monitor 27in,Electronics,C001,Ahmed Hossain,Corporate,Dhaka,Corporate,Dilnoza Haque,In-Store,14,234.17,0,0.0,3278.38,2380.0,898.38,Card,Pending,3.5,
ORD-2071,2024-04-19,2024-04,Q2-2024,P009,Notebook Set,Stationery,C014,Parisa Begum,Corporate,Dhaka,Corporate,Sabrina Noor,Direct Sales,14,5.31,0,0.0,74.34,59.5,14.84,Cash,Pending,3.3,
ORD-2378,2024-04-19,2024-04,Q2-2024,P012,Webcam HD,Electronics,C013,Zahid Hasan,SMB,Sylhet,SMB,Dilnoza Haque,Online,13,44.94,15,87.63,496.59,442.0,54.59,Mobile Banking,Completed,3.1,
ORD-2439,2024-04-19,2024-04,Q2-2024,P015,Sticky Notes Bulk,Stationery,C013,Zahid Hasan,Sylhet,Sylhet,SMB,Sabrina Noor,Direct Sales,4,7.47,15,4.48,25.4,20.4,5.0,Cash,Completed,3.1,
ORD-1138,2024-04-20,2024-04,Q2-2024,P004,Mechanical Keyboard,Electronics,C006,Sumaiya Akter,Individual,Dhaka,Individual,Rakib Islam,Direct Sales,20,54.62,20,218.48,873.92,935.0,-61.08,Card,Completed,2.8,
ORD-1978,2024-04-20,2024-04,Q2-2024,P002,Wireless Mouse,Electronics,C009,Nasim Chowdhury,Dhaka,Dhaka,Individual,Dilnoza Haque,Online,2,12.55,15,3.77,21.33,20.4,0.93,Bank Transfer,Completed,2.7,
ORD-1402,2024-04-21,2024-04,Q2-2024,P011,Whiteboard,Stationery,C001,Ahmed Hossain,Corporate,Dhaka,Corporate,Rakib Islam,Online,3,26.66,0,0.0,79.98,63.75,16.23,Cash,Completed,4.1,
ORD-2407,2024-04-23,2024-04,Q2-2024,P006,Office Chair,Furniture,C012,Shapna Das,Individual,Mymensingh,Individual,Arif Khan,In-Store,5,157.42,20,157.42,629.68,552.5,77.18,Card,Completed,5.0,
ORD-1080,2024-04-24,2024-04,Q2-2024,P002,Wireless Mouse,Electronics,C003,Rahim Uddin,Individual,Sylhet,Individual,Dilnoza Haque,Reseller,8,14.5,15,17.4,98.6,81.6,17.0,Cash,Returned,,
ORD-2442,2024-04-24,2024-04,Q2-2024,P007,Standing Desk,Furniture,C010,Riya Sen,SMB,Barisal,SMB,Rakib Islam,In-Store,18,246.82,20,888.55,3554.21,3366.0,188.21,Mobile Banking,Completed,4.4,
ORD-1582,2024-04-25,2024-04,Q2-2024,P006,Office Chair,Furniture,C008,Mitu Begum,SMB,Chittagong,SMB,Rakib Islam,Direct Sales,8,143.3,10,114.64,1031.76,884.0,147.76,Card,Completed,3.5,
ORD-2253,2024-04-25,2024-04,Q2-2024,P001,Laptop Pro 15,Electronics,C009,Nasim Chowdhury,Individual,Dhaka,Individual,Arif Khan,Reseller,14,872.16,0,0.0,12210.24,9520.0,2690.24,Card,Returned,3.4,
ORD-1063,2024-04-26,2024-04,Q2-2024,P009,Notebook Set,Stationery,C011,Imran Ali,Corporate,Dhaka,Corporate,Dilnoza Haque,Direct Sales,15,6.12,0,0.0,91.8,63.75,28.05,Cash,Returned,3.3,
ORD-1488,2024-04-26,2024-04,Q2-2024,P012,Webcam HD,Electronics,C013,Zahid Hasan,SMB,Sylhet,SMB,Arif Khan,Direct Sales,17,38.4,10,65.28,587.52,578.0,9.52,Bank Transfer,Completed,,
ORD-2299,2024-04-26,2024-04,Q2-2024,P009,Notebook Set,Stationery,C002,Farzana Islam,SMB,Chittagong,SMB,Mohin Uddin,In-Store,5,6.11,15,4.58,25.97,21.25,4.72,Card,Completed,,
ORD-2346,2024-04-26,2024-04,Q2-2024,P002,Wireless Mouse,Electronics,C004,Nusrat Jahan,Corporate,Dhaka,Corporate,Sabrina Noor,Direct Sales,19,13.2,10,25.08,225.72,193.8,31.92,Cash,Completed,2.8,
ORD-1660,2024-04-27,2024-04,Q2-2024,P014,Filing Cabinet,Furniture,C005,Kamal Pasha,SMB,Rajshahi,SMB,Sabrina Noor,Reseller,6,90.11,0,0.0,540.66,459.0,81.66,Cash,Pending,2.9,
ORD-1674,2024-04-27,2024-04,Q2-2024,P008,Desk Lamp,Furniture,C007,Tariq Hassan,Corporate,Khulna,Corporate,Dilnoza Haque,Online,17,20.39,5,17.33,329.3,260.1,69.2,Bank Transfer,Returned,4.4,Wrong Item
ORD-2235,2024-04-27,2024-04,Q2-2024,P013,Headset Pro,Electronics,C004,Nusrat Jahan,Corporate,Dhaka,Corporate,Mohin Uddin,Online,18,73.5,0,0.0,1323.0,1071.0,252.0,Cash,Completed,2.8,
ORD-1117,2024-04-28,2024-04,Q2-2024,P012,Webcam HD,Electronics,C014,Parisa Begum,Corporate,Dhaka,Corporate,Arif Khan,Online,5,47.11,5,11.78,223.77,170.0,53.77,Cash,Completed,2.9,
ORD-1153,2024-04-28,2024-04,Q2-2024,P002,Wireless Mouse,Electronics,C011,Imran Ali,Corporate,Dhaka,Corporate,Sabrina Noor,Direct Sales,5,11.42,10,5.71,51.39,51.0,0.39,Bank Transfer,Returned,4.4,
ORD-1164,2024-04-28,2024-04,Q2-2024,P001,Laptop Pro 15,Electronics,C005,Kamal Pasha,SMB,Rajshahi,SMB,Dilnoza Haque,Reseller,14,803.2,0,0.0,11244.8,9520.0,1724.8,Bank Transfer,Returned,4.8,
ORD-2125,2024-04-28,2024-04,Q2-2024,P009,Notebook Set,Stationery,C003,Rahim Uddin,Individual,Sylhet,Individual,Mohin Uddin,In-Store,12,5.74,0,0.0,68.88,51.0,17.88,Mobile Banking,Completed,4.0,
ORD-2189,2024-04-29,2024-04,Q2-2024,P001,Laptop Pro 15,Electronics,C006,Sumaiya Akter,Individual,Dhaka,Individual,Dilnoza Haque,Direct Sales,12,788.37,0,0.0,9460.44,8160.0,1300.44,Card,Returned,3.1,
ORD-1271,2024-04-30,2024-04,Q2-2024,P010,Pen Pack,Stationery,C009,Nasim Chowdhury,Individual,Dhaka,Individual,Arif Khan,Reseller,12,3.16,20,7.58,30.34,30.6,-0.26,Cash,Returned,,Wrong Item
ORD-1738,2024-04-30,2024-04,Q2-2024,P013,Headset Pro,Electronics,C004,Nusrat Jahan,Corporate,Dhaka,Corporate,Dilnoza Haque,Reseller,18,81.64,0,0.0,1469.52,1071.0,398.52,Mobile Banking,Completed,4.3,Defective
ORD-2258,2024-04-30,2024-04,Q2-2024,P008,Desk Lamp,Furniture,C015,Tanvir Ahmed,Individual,Rangpur,Individual,Sabrina Noor,Online,8,19.88,5,7.95,151.09,122.4,28.69,Bank Transfer,Completed,4.2,
ORD-2402,2024-04-30,2024-04,Q2-2024,P010,Pen Pack,Stationery,C009,Nasim Chowdhury,Individual,Dhaka,Individual,Sabrina Noor,In-Store,13,3.28,5,2.13,40.51,33.15,7.36,Cash,Completed,4.7,
ORD-1690,2024-05-02,2024-05,Q2-2024,P011,Whiteboard,Stationery,C014,Parisa Begum,Corporate,Dhaka,Corporate,Sabrina Noor,Online,4,29.26,0,0.0,117.04,85.0,32.04,Card,Returned,3.3,
ORD-2067,2024-05-02,2024-05,Q2-2024,P015,Sticky Notes Bulk,Stationery,C010,Riya Sen,SMB,Barisal,SMB,Sabrina Noor,Direct Sales,13,6.21,10,8.07,72.66,66.3,6.36,Mobile Banking,Completed,4.1,
ORD-1576,2024-05-03,2024-05,Q2-2024,P008,Desk Lamp,Furniture,C012,Shapna Das,Individual,Mymensingh,Individual,Dilnoza Haque,Reseller,13,21.79,15,42.49,240.78,198.9,41.88,Mobile Banking,Returned,2.7,
ORD-2221,2024-05-03,2024-05,Q2-2024,P001,Laptop Pro 15,Electronics,C008,Mitu Begum,SMB,Chittagong,SMB,Mohin Uddin,In-Store,12,857.44,0,0.0,10289.28,8160.0,2129.28,Cash,Completed,,
ORD-1685,2024-05-04,2024-05,Q2-2024,P008,Desk Lamp,Furniture,C011,Imran Ali,Corporate,Dhaka,Corporate,Arif Khan,Online,4,17.15,0,0.0,68.6,61.2,7.4,Cash,Completed,2.5,
ORD-1755,2024-05-04,2024-05,Q2-2024,P014,Filing Cabinet,Furniture,C002,Farzana Islam,SMB,Chittagong,SMB,Arif Khan,Reseller,4,101.1,15,60.66,343.74,306.0,37.74,Card,Completed,3.4,
ORD-2134,2024-05-04,2024-05,Q2-2024,P011,Whiteboard,Stationery,C010,Riya Sen,SMB,Barisal,SMB,Dilnoza Haque,Reseller,19,24.06,5,22.86,434.28,403.75,30.53,Mobile Banking,Completed,3.7,
ORD-1174,2024-05-05,2024-05,Q2-2024,P015,Sticky Notes Bulk,Stationery,C004,Nusrat Jahan,Corporate,Dhaka,Corporate,Mohin Uddin,Reseller,20,6.97,5,6.97,132.43,102.0,30.43,Mobile Banking,Returned,4.1,
ORD-1746,2024-05-05,2024-05,Q2-2024,P002,Wireless Mouse,Electronics,C008,Mitu Begum,SMB,Chittagong,SMB,Sabrina Noor,Direct Sales,6,13.05,20,15.66,62.64,61.2,1.44,Card,Completed,,
ORD-1988,2024-05-06,2024-05,Q2-2024,P012,Webcam HD,Electronics,C010,Riya Sen,SMB,Barisal,SMB,Dilnoza Haque,Direct Sales,16,49.42,0,0.0,790.72,544.0,246.72,Card,Completed,4.0,
ORD-2384,2024-05-06,2024-05,Q2-2024,P003,USB-C Hub,Electronics,C013,Zahid Hasan,Sylhet,Sylhet,SMB,Arif Khan,Online,17,21.67,10,36.84,331.55,289.0,42.55,Cash,Completed,,Defective
ORD-1756,2024-05-07,2024-05,Q2-2024,P012,Webcam HD,Electronics,C007,Tariq Hassan,Corporate,Khulna,Corporate,Sabrina Noor,Direct Sales,20,47.52,0,0.0,950.4,680.0,270.4,Bank Transfer,Pending,3.8,
ORD-1967,2024-05-07,2024-05,Q2-2024,P014,Filing Cabinet,Furniture,C012,Shapna Das,Individual,Mymensingh,Individual,Arif Khan,Reseller,2,93.41,5,9.34,177.48,153.0,24.48,Bank Transfer,Pending,3.6,
ORD-1337,2024-05-08,2024-05,Q2-2024,P003,USB-C Hub,Electronics,C004,Nusrat Jahan,Corporate,Dhaka,Corporate,Sabrina Noor,Reseller,14,22.61,20,63.31,253.23,238.0,15.23,Card,Completed,4.0,
ORD-1469,2024-05-08,2024-05,Q2-2024,P002,Wireless Mouse,Electronics,C010,Riya Sen,SMB,Barisal,SMB,Rakib Islam,Direct Sales,18,14.77,0,0.0,265.86,183.6,82.26,Cash,Completed,4.6,
ORD-1739,2024-05-09,2024-05,Q2-2024,P007,Standing Desk,Furniture,C009,Nasim Chowdhury,Individual,Dhaka,Individual,Sabrina Noor,Reseller,17,261.2,0,0.0,4440.4,3179.0,1261.4,Cash,Pending,,Wrong Item
ORD-1969,2024-05-09,2024-05,Q2-2024,P004,Mechanical Keyboard,Electronics,C005,Kamal Pasha,Rajshahi,Rajshahi,SMB,Dilnoza Haque,In-Store,4,57.7,15,34.62,196.18,187.0,9.18,Mobile Banking,Completed,3.6,
ORD-1767,2024-05-10,2024-05,Q2-2024,P001,Laptop Pro 15,Electronics,C001,Ahmed Hossain,Dhaka,Dhaka,Corporate,Rakib Islam,Reseller,11,782.37,0,0.0,8606.07,7480.0,1126.07,Bank Transfer,Pending,,
ORD-2213,2024-05-10,2024-05,Q2-2024,P013,Headset Pro,Electronics,C010,Riya Sen,SMB,Barisal,SMB,Dilnoza Haque,Direct Sales,3,87.0,15,39.15,221.85,178.5,43.35,Bank Transfer,Completed,3.0,
ORD-2334,2024-05-10,2024-05,Q2-2024,P003,USB-C Hub,Electronics,C007,Tariq Hassan,Corporate,Khulna,Corporate,Mohin Uddin,Online,5,24.18,0,0.0,120.9,85.0,35.9,Bank Transfer,Returned,3.9,
ORD-1484,2024-05-11,2024-05,Q2-2024,P001,Laptop Pro 15,Electronics,C015,Tanvir Ahmed,Individual,Rangpur,Individual,Dilnoza Haque,Reseller,14,794.79,10,1112.71,10014.35,9520.0,494.35,Card,Returned,4.1,Wrong Item
ORD-2276,2024-05-11,2024-05,Q2-2024,P007,Standing Desk,Furniture,C013,Zahid Hasan,SMB,Sylhet,SMB,Mohin Uddin,Reseller,18,251.51,0,0.0,4527.18,3366.0,1161.18,Mobile Banking,Completed,,
ORD-1898,2024-05-12,2024-05,Q2-2024,P012,Webcam HD,Electronics,C004,Nusrat Jahan,Corporate,Dhaka,Corporate,Dilnoza Haque,In-Store,11,45.64,0,0.0,502.04,374.0,128.04,Card,Pending,4.1,Changed Mind
ORD-2026,2024-05-12,2024-05,Q2-2024,P004,Mechanical Keyboard,Electronics,C010,Riya Sen,SMB,Barisal,SMB,Arif Khan,Direct Sales,16,55.9,5,44.72,849.68,748.0,101.68,Bank Transfer,Pending,4.8,
ORD-2024,2024-05-13,2024-05,Q2-2024,P013,Headset Pro,Electronics,C005,Kamal Pasha,SMB,Rajshahi,SMB,Mohin Uddin,Reseller,8,77.48,0,0.0,619.84,476.0,143.84,Card,Returned,4.9,
ORD-2074,2024-05-13,2024-05,Q2-2024,P006,Office Chair,Furniture,C010,Riya Sen,SMB,Barisal,SMB,Arif Khan,Online,20,144.19,15,432.57,2451.23,2210.0,241.23,Cash,Completed,,Defective
ORD-1580,2024-05-14,2024-05,Q2-2024,P007,Standing Desk,Furniture,C008,Mitu Begum,SMB,Chittagong,SMB,Dilnoza Haque,In-Store,17,248.01,10,421.62,3794.55,3179.0,615.55,Cash,Pending,,
ORD-2432,2024-05-14,2024-05,Q2-2024,P005,Monitor 27in,Electronics,C007,Tariq Hassan,Khulna,Khulna,Corporate,Mohin Uddin,In-Store,20,201.09,0,0.0,4021.8,3400.0,621.8,Mobile Banking,Completed,4.0,
ORD-1536,2024-05-15,2024-05,Q2-2024,P002,Wireless Mouse,Electronics,C012,Shapna Das,Individual,Mymensingh,Individual,Rakib Islam,In-Store,7,12.61,10,8.83,79.44,71.4,8.04,Mobile Banking,Completed,3.0,
ORD-1203,2024-05-16,2024-05,Q2-2024,P009,Notebook Set,Stationery,C011,Imran Ali,Corporate,Dhaka,Corporate,Arif Khan,Reseller,11,5.65,10,6.21,55.94,46.75,9.19,Mobile Banking,Returned,4.5,
ORD-1677,2024-05-16,2024-05,Q2-2024,P005,Monitor 27in,Electronics,C011,Imran Ali,Corporate,Dhaka,Corporate,Arif Khan,Direct Sales,19,194.27,0,0.0,3691.13,3230.0,461.13,Card,Completed,4.9,
ORD-1895,2024-05-16,2024-05,Q2-2024,P013,Headset Pro,Electronics,C011,Imran Ali,Corporate,Dhaka,Corporate,Arif Khan,In-Store,13,79.05,10,102.76,924.89,773.5,151.39,Cash,Completed,3.6,
ORD-2081,2024-05-16,2024-05,Q2-2024,P006,Office Chair,Furniture,C015,Tanvir Ahmed,Individual,Rangpur,Individual,Rakib Islam,Direct Sales,6,125.53,0,0.0,753.18,663.0,90.18,Bank Transfer,Completed,,
ORD-2157,2024-05-16,2024-05,Q2-2024,P010,Pen Pack,Stationery,C002,Farzana Islam,SMB,Chittagong,SMB,Sabrina Noor,Online,16,3.24,0,0.0,51.84,40.8,11.04,Mobile Banking,Completed,,
ORD-2228,2024-05-16,2024-05,Q2-2024,P008,Desk Lamp,Furniture,C005,Kamal Pasha,SMB,Rajshahi,SMB,Sabrina Noor,Online,14,17.36,0,0.0,243.04,214.2,28.84,Cash,Returned,3.0,
ORD-1258,2024-05-17,2024-05,Q2-2024,P003,USB-C Hub,Electronics,C001,Ahmed Hossain,Corporate,Dhaka,Corporate,Mohin Uddin,Direct Sales,12,19.02,0,0.0,228.24,204.0,24.24,Card,Completed,,
ORD-1313,2024-05-17,2024-05,Q2-2024,P013,Headset Pro,Electronics,C010,Riya Sen,SMB,Barisal,SMB,Mohin Uddin,In-Store,18,74.02,20,266.47,1065.89,1071.0,-5.11,Card,Pending,,
ORD-1355,2024-05-17,2024-05,Q2-2024,P003,USB-C Hub,Electronics,C013,Zahid Hasan,SMB,Sylhet,SMB,Sabrina Noor,Online,17,20.68,0,0.0,351.56,289.0,62.56,Bank Transfer,Returned,2.6,
ORD-2053,2024-05-18,2024-05,Q2-2024,P002,Wireless Mouse,Electronics,C006,Sumaiya Akter,Individual,Dhaka,Individual,Rakib Islam,Online,18,13.14,5,11.83,224.69,183.6,41.09,Cash,Completed,3.3,
ORD-1083,2024-05-19,2024-05,Q2-2024,P002,Wireless Mouse,Electronics,C002,Farzana Islam,SMB,Chittagong,SMB,Rakib Islam,Direct Sales,8,14.59,0,0.0,116.72,81.6,35.12,Card,Returned,4.6,
ORD-2273,2024-05-19,2024-05,Q2-2024,P015,Sticky Notes Bulk,Stationery,C007,Tariq Hassan,Corporate,Khulna,Corporate,Mohin Uddin,Online,14,6.48,20,18.14,72.58,71.4,1.18,Cash,Completed,4.6,Wrong Item
ORD-2339,2024-05-19,2024-05,Q2-2024,P004,Mechanical Keyboard,Electronics,C003,Rahim Uddin,Individual,Sylhet,Individual,Rakib Islam,Reseller,13,57.03,0,0.0,741.39,607.75,133.64,Bank Transfer,Pending,2.8,
ORD-1805,2024-05-20,2024-05,Q2-2024,P008,Desk Lamp,Furniture,C001,Ahmed Hossain,Corporate,Dhaka,Corporate,Mohin Uddin,Reseller,9,19.37,0,0.0,174.33,137.7,36.63,Bank Transfer,Completed,3.2,
ORD-1950,2024-05-20,2024-05,Q2-2024,P007,Standing Desk,Furniture,C015,Tanvir Ahmed,Individual,Rangpur,Individual,Sabrina Noor,Direct Sales,9,231.8,5,104.31,1981.89,1683.0,298.89,Cash,Completed,2.6,
ORD-1155,2024-05-22,2024-05,Q2-2024,P003,USB-C Hub,Electronics,C015,Tanvir Ahmed,Individual,Rangpur,Individual,Mohin Uddin,Online,10,24.26,0,0.0,242.6,170.0,72.6,Mobile Banking,Completed,4.1,
ORD-1799,2024-05-22,2024-05,Q2-2024,P007,Standing Desk,Furniture,C009,Nasim Chowdhury,Individual,Dhaka,Individual,Rakib Islam,Direct Sales,13,269.87,0,0.0,3508.31,2431.0,1077.31,Cash,Pending,4.0,
ORD-2292,2024-05-22,2024-05,Q2-2024,P008,Desk Lamp,Furniture,C008,Mitu Begum,Chittagong,Chittagong,SMB,Dilnoza Haque,In-Store,20,18.62,0,0.0,372.4,306.0,66.4,Bank Transfer,Returned,4.0,
ORD-1229,2024-05-23,2024-05,Q2-2024,P008,Desk Lamp,Furniture,C009,Nasim Chowdhury,Individual,Dhaka,Individual,Rakib Islam,In-Store,12,17.4,20,41.76,167.04,183.6,-16.56,Mobile Banking,Completed,4.2,
ORD-1893,2024-05-23,2024-05,Q2-2024,P005,Monitor 27in,Electronics,C003,Rahim Uddin,Individual,Sylhet,Individual,Sabrina Noor,Online,7,228.09,0,0.0,1596.63,1190.0,406.63,Bank Transfer,Completed,4.0,
ORD-1075,2024-05-24,2024-05,Q2-2024,P015,Sticky Notes Bulk,Stationery,C010,Riya Sen,SMB,Barisal,SMB,Rakib Islam,Online,5,6.12,15,4.59,26.01,25.5,0.51,Bank Transfer,Completed,2.9,
ORD-1528,2024-05-24,2024-05,Q2-2024,P004,Mechanical Keyboard,Electronics,C011,Imran Ali,Dhaka,Dhaka,Corporate,Arif Khan,Direct Sales,5,52.74,15,39.55,224.15,233.75,-9.6,Cash,Completed,4.2,
ORD-1298,2024-05-25,2024-05,Q2-2024,P008,Desk Lamp,Furniture,C006,Sumaiya Akter,Individual,Dhaka,Individual,Arif Khan,Direct Sales,4,22.4,15,13.44,76.16,61.2,14.96,Bank Transfer,Completed,2.5,
ORD-1303,2024-05-25,2024-05,Q2-2024,P001,Laptop Pro 15,Electronics,C009,Nasim Chowdhury,Individual,Dhaka,Individual,Dilnoza Haque,In-Store,2,892.77,5,89.28,1696.26,1360.0,336.26,Card,Completed,,
ORD-1540,2024-05-26,2024-05,Q2-2024,P004,Mechanical Keyboard,Electronics,C011,Imran Ali,Corporate,Dhaka,Corporate,Mohin Uddin,Direct Sales,15,56.67,15,127.51,722.54,701.25,21.29,Cash,Pending,3.7,
ORD-1754,2024-05-26,2024-05,Q2-2024,P011,Whiteboard,Stationery,C006,Sumaiya Akter,Individual,Dhaka,Individual,Arif Khan,In-Store,9,29.83,15,40.27,228.2,191.25,36.95,Card,Completed,,
ORD-2175,2024-05-26,2024-05,Q2-2024,P003,USB-C Hub,Electronics,C013,Zahid Hasan,SMB,Sylhet,SMB,Rakib Islam,Online,2,20.24,10,4.05,36.43,34.0,2.43,Bank Transfer,Returned,3.4,
ORD-2487,2024-05-26,2024-05,Q2-2024,P007,Standing Desk,Furniture,C001,Ahmed Hossain,Corporate,Dhaka,Corporate,Dilnoza Haque,Direct Sales,12,273.69,0,0.0,3284.28,2244.0,1040.28,Mobile Banking,Returned,3.6,
ORD-1983,2024-05-28,2024-05,Q2-2024,P005,Monitor 27in,Electronics,C006,Sumaiya Akter,Individual,Dhaka,Individual,Mohin Uddin,In-Store,17,218.31,15,556.69,3154.58,2890.0,264.58,Card,Completed,,
ORD-1262,2024-05-29,2024-05,Q2-2024,P010,Pen Pack,Stationery,C015,Tanvir Ahmed,Individual,Rangpur,Individual,Sabrina Noor,Online,17,3.57,15,9.1,51.59,43.35,8.24,Bank Transfer,Completed,2.9,
ORD-1732,2024-05-29,2024-05,Q2-2024,P010,Pen Pack,Stationery,C003,Rahim Uddin,Individual,Sylhet,Individual,Sabrina Noor,In-Store,7,3.74,10,2.62,23.56,17.85,5.71,Cash,Completed,3.2,
ORD-2489,2024-05-29,2024-05,Q2-2024,P007,Standing Desk,Furniture,C013,Zahid Hasan,SMB,Sylhet,SMB,Sabrina Noor,Reseller,3,237.44,0,0.0,712.32,561.0,151.32,Mobile Banking,Completed,,
ORD-1585,2024-05-30,2024-05,Q2-2024,P001,Laptop Pro 15,Electronics,C013,Zahid Hasan,SMB,Sylhet,SMB,Arif Khan,In-Store,3,841.06,0,0.0,2523.18,2040.0,483.18,Bank Transfer,Completed,4.5,
ORD-2469,2024-05-30,2024-05,Q2-2024,P007,Standing Desk,Furniture,C004,Nusrat Jahan,Corporate,Dhaka,Corporate,Mohin Uddin,Reseller,18,233.51,10,420.32,3782.86,3366.0,416.86,Bank Transfer,Returned,,
ORD-1001,2024-06-01,2024-06,Q2-2024,P010,Pen Pack,Stationery,C001,Ahmed Hossain,Corporate,Dhaka,Corporate,Dilnoza Haque,In-Store,18,3.03,15,8.18,46.36,45.9,0.46,Bank Transfer,Pending,4.7,
ORD-1928,2024-06-01,2024-06,Q2-2024,P007,Standing Desk,Furniture,C003,Rahim Uddin,Individual,Sylhet,Individual,Rakib Islam,Direct Sales,1,229.54,10,22.95,206.59,187.0,19.59,Cash,Pending,2.7,Wrong Item
ORD-2391,2024-06-02,2024-06,Q2-2024,P007,Standing Desk,Furniture,C010,Riya Sen,Barisal,Barisal,SMB,Rakib Islam,Reseller,10,254.45,20,508.9,2035.6,1870.0,165.6,Mobile Banking,Completed,,
ORD-1888,2024-06-04,2024-06,Q2-2024,P013,Headset Pro,Electronics,C003,Rahim Uddin,Individual,Sylhet,Individual,Mohin Uddin,In-Store,1,79.07,0,0.0,79.07,59.5,19.57,Cash,Returned,2.6,
ORD-1230,2024-06-05,2024-06,Q2-2024,P001,Laptop Pro 15,Electronics,C001,Ahmed Hossain,Corporate,Dhaka,Corporate,Sabrina Noor,In-Store,1,818.69,5,40.93,777.76,680.0,97.76,Cash,Pending,4.3,
ORD-2325,2024-06-06,2024-06,Q2-2024,P006,Office Chair,Furniture,C012,Shapna Das,Individual,Mymensingh,Individual,Dilnoza Haque,Reseller,9,144.61,0,0.0,1301.49,994.5,306.99,Mobile Banking,Pending,3.8,
ORD-1751,2024-06-07,2024-06,Q2-2024,P015,Sticky Notes Bulk,Stationery,C014,Parisa Begum,Dhaka,Dhaka,Corporate,Dilnoza Haque,Direct Sales,14,5.96,0,0.0,83.44,71.4,12.04,Card,Completed,3.1,
ORD-1644,2024-06-09,2024-06,Q2-2024,P009,Notebook Set,Stationery,C011,Imran Ali,Dhaka,Dhaka,Corporate,Arif Khan,Reseller,3,5.93,0,0.0,17.79,12.75,5.04,Cash,Pending,3.0,
ORD-1717,2024-06-09,2024-06,Q2-2024,P012,Webcam HD,Electronics,C003,Rahim Uddin,Individual,Sylhet,Individual,Arif Khan,Reseller,5,39.71,10,19.86,178.69,170.0,8.69,Card,Pending,3.6,
ORD-1891,2024-06-09,2024-06,Q2-2024,P011,Whiteboard,Stationery,C013,Zahid Hasan,SMB,Sylhet,SMB,Arif Khan,Direct Sales,3,29.05,0,0.0,87.15,63.75,23.4,Cash,Pending,4.6,
ORD-1065,2024-06-10,2024-06,Q2-2024,P014,Filing Cabinet,Furniture,C001,Ahmed Hossain,Corporate,Dhaka,Corporate,Rakib Islam,Direct Sales,18,97.97,0,0.0,1763.46,1377.0,386.46,Bank Transfer,Completed,3.9,
ORD-1436,2024-06-10,2024-06,Q2-2024,P002,Wireless Mouse,Electronics,C004,Nusrat Jahan,Corporate,Dhaka,Corporate,Rakib Islam,In-Store,18,12.66,0,0.0,227.88,183.6,44.28,Card,Completed,4.7,
ORD-2371,2024-06-11,2024-06,Q2-2024,P011,Whiteboard,Stationery,C010,Riya Sen,SMB,Barisal,SMB,Mohin Uddin,Direct Sales,20,25.92,10,51.84,466.56,425.0,41.56,Cash,Completed,4.8,
ORD-2412,2024-06-11,2024-06,Q2-2024,P002,Wireless Mouse,Electronics,C012,Shapna Das,Individual,Mymensingh,Individual,Arif Khan,Direct Sales,13,12.99,10,16.89,151.98,132.6,19.38,Mobile Banking,Completed,3.1,
ORD-1232,2024-06-12,2024-06,Q2-2024,P001,Laptop Pro 15,Electronics,C007,Tariq Hassan,Corporate,Khulna,Corporate,Rakib Islam,Reseller,3,970.48,20,582.29,2329.15,2040.0,289.15,Cash,Pending,3.4,
ORD-2254,2024-06-12,2024-06,Q2-2024,P005,Monitor 27in,Electronics,C009,Nasim Chowdhury,Individual,Dhaka,Individual,Dilnoza Haque,In-Store,5,214.31,10,107.16,964.39,850.0,114.39,Mobile Banking,Pending,3.3,
ORD-1347,2024-06-14,2024-06,Q2-2024,P005,Monitor 27in,Electronics,C004,Nusrat Jahan,Corporate,Dhaka,Corporate,Sabrina Noor,In-Store,2,237.04,10,47.41,426.67,340.0,86.67,Cash,Completed,2.5,
ORD-1825,2024-06-14,2024-06,Q2-2024,P013,Headset Pro,Electronics,C011,Imran Ali,Corporate,Dhaka,Corporate,Arif Khan,In-Store,20,76.67,0,0.0,1533.4,1190.0,343.4,Bank Transfer,Completed,2.9,
ORD-1854,2024-06-14,2024-06,Q2-2024,P015,Sticky Notes Bulk,Stationery,C010,Riya Sen,Barisal,Barisal,SMB,Arif Khan,Direct Sales,17,6.26,10,10.64,95.78,86.7,9.08,Mobile Banking,Completed,,
ORD-1387,2024-06-15,2024-06,Q2-2024,P002,Wireless Mouse,Electronics,C002,Farzana Islam,SMB,Chittagong,SMB,Sabrina Noor,In-Store,8,13.31,0,0.0,106.48,81.6,24.88,Bank Transfer,Completed,3.9,
ORD-1878,2024-06-16,2024-06,Q2-2024,P008,Desk Lamp,Furniture,C006,Sumaiya Akter,Individual,Dhaka,Individual,Sabrina Noor,Reseller,9,18.15,10,16.34,147.01,137.7,9.31,Card,Completed,3.3,Wrong Item
ORD-2129,2024-06-16,2024-06,Q2-2024,P002,Wireless Mouse,Electronics,C010,Riya Sen,SMB,Barisal,SMB,Sabrina Noor,In-Store,1,12.32,10,1.23,11.09,10.2,0.89,Mobile Banking,Returned,,
ORD-2154,2024-06-16,2024-06,Q2-2024,P003,USB-C Hub,Electronics,C002,Farzana Islam,SMB,Chittagong,SMB,Rakib Islam,In-Store,10,22.83,0,0.0,228.3,170.0,58.3,Bank Transfer,Completed,3.7,
ORD-1364,2024-06-17,2024-06,Q2-2024,P008,Desk Lamp,Furniture,C007,Tariq Hassan,Corporate,Khulna,Corporate,Sabrina Noor,Reseller,6,18.09,0,0.0,108.54,91.8,16.74,Cash,Completed,,
ORD-2350,2024-06-17,2024-06,Q2-2024,P002,Wireless Mouse,Electronics,C003,Rahim Uddin,Individual,Sylhet,Individual,Mohin Uddin,Direct Sales,10,12.03,0,0.0,120.3,102.0,18.3,Card,Completed,3.9,
ORD-1301,2024-06-18,2024-06,Q2-2024,P006,Office Chair,Furniture,C012,Shapna Das,Individual,Mymensingh,Individual,Dilnoza Haque,Online,4,125.29,0,0.0,501.16,442.0,59.16,Mobile Banking,Pending,,
ORD-2052,2024-06-18,2024-06,Q2-2024,P007,Standing Desk,Furniture,C013,Zahid Hasan,SMB,Sylhet,SMB,Dilnoza Haque,In-Store,18,251.45,0,0.0,4526.1,3366.0,1160.1,Mobile Banking,Returned,3.4,
ORD-1710,2024-06-19,2024-06,Q2-2024,P015,Sticky Notes Bulk,Stationery,C006,Sumaiya Akter,Individual,Dhaka,Individual,Arif Khan,In-Store,20,6.67,0,0.0,133.4,102.0,31.4,Cash,Completed,,Wrong Item
ORD-1829,2024-06-19,2024-06,Q2-2024,P005,Monitor 27in,Electronics,C010,Riya Sen,SMB,Barisal,SMB,Arif Khan,Reseller,18,229.86,0,0.0,4137.48,3060.0,1077.48,Cash,Returned,,
ORD-1912,2024-06-19,2024-06,Q2-2024,P006,Office Chair,Furniture,C010,Riya Sen,SMB,Barisal,SMB,Mohin Uddin,In-Store,12,145.49,0,0.0,1745.88,1326.0,419.88,Mobile Banking,Pending,3.7,
ORD-1932,2024-06-19,2024-06,Q2-2024,P008,Desk Lamp,Furniture,C014,Parisa Begum,Corporate,Dhaka,Corporate,Sabrina Noor,In-Store,6,17.3,20,20.76,83.04,91.8,-8.76,Bank Transfer,Completed,4.2,
ORD-1413,2024-06-21,2024-06,Q2-2024,P011,Whiteboard,Stationery,C015,Tanvir Ahmed,Individual,Rangpur,Individual,Arif Khan,In-Store,2,27.65,5,2.77,52.53,42.5,10.03,Bank Transfer,Completed,3.8,
ORD-1133,2024-06-22,2024-06,Q2-2024,P007,Standing Desk,Furniture,C013,Zahid Hasan,SMB,Sylhet,SMB,Rakib Islam,Online,14,263.34,0,0.0,3686.76,2618.0,1068.76,Bank Transfer,Returned,3.4,Wrong Item
ORD-1385,2024-06-22,2024-06,Q2-2024,P010,Pen Pack,Stationery,C012,Shapna Das,Individual,Mymensingh,Individual,Arif Khan,Online,19,3.08,0,0.0,58.52,48.45,10.07,Card,Returned,4.6,
ORD-1013,2024-06-24,2024-06,Q2-2024,P014,Filing Cabinet,Furniture,C010,Riya Sen,SMB,Barisal,SMB,Sabrina Noor,Reseller,14,111.54,10,156.16,1405.4,1071.0,334.4,Bank Transfer,Completed,3.8,
ORD-1457,2024-06-24,2024-06,Q2-2024,P014,Filing Cabinet,Furniture,C001,Ahmed Hossain,Corporate,Dhaka,Corporate,Sabrina Noor,Direct Sales,11,112.07,0,0.0,1232.77,841.5,391.27,Bank Transfer,Returned,3.6,
ORD-1608,2024-06-24,2024-06,Q2-2024,P006,Office Chair,Furniture,C007,Tariq Hassan,Corporate,Khulna,Corporate,Rakib Islam,In-Store,9,127.05,0,0.0,1143.45,994.5,148.95,Card,Completed,2.9,Wrong Item
ORD-1707,2024-06-26,2024-06,Q2-2024,P008,Desk Lamp,Furniture,C002,Farzana Islam,SMB,Chittagong,SMB,Arif Khan,In-Store,17,21.62,10,36.75,330.79,260.1,70.69,Cash,Completed,4.2,
ORD-1819,2024-06-28,2024-06,Q2-2024,P002,Wireless Mouse,Electronics,C005,Kamal Pasha,SMB,Rajshahi,SMB,Dilnoza Haque,Direct Sales,8,14.58,15,17.5,99.14,81.6,17.54,Cash,Completed,4.7,
ORD-1459,2024-06-29,2024-06,Q2-2024,P004,Mechanical Keyboard,Electronics,C007,Tariq Hassan,Corporate,Khulna,Corporate,Dilnoza Haque,Online,13,60.08,0,0.0,781.04,607.75,173.29,Mobile Banking,Returned,3.3,
ORD-1681,2024-06-29,2024-06,Q2-2024,P011,Whiteboard,Stationery,C015,Tanvir Ahmed,Individual,Rangpur,Individual,Arif Khan,Online,13,28.15,15,54.89,311.06,276.25,34.81,Mobile Banking,Completed,3.0,
ORD-2405,2024-06-29,2024-06,Q2-2024,P001,Laptop Pro 15,Electronics,C008,Mitu Begum,SMB,Chittagong,SMB,Rakib Islam,Reseller,18,844.09,20,3038.72,12154.9,12240.0,-85.1,Card,Completed,,
ORD-1307,2024-06-30,2024-06,Q2-2024,P005,Monitor 27in,Electronics,C015,Tanvir Ahmed,Individual,Rangpur,Individual,Dilnoza Haque,In-Store,14,238.5,10,333.9,3005.1,2380.0,625.1,Cash,Completed,,
ORD-2171,2024-06-30,2024-06,Q2-2024,P015,Sticky Notes Bulk,Stationery,C003,Rahim Uddin,Individual,Sylhet,Individual,Rakib Islam,Online,8,7.12,0,0.0,56.96,40.8,16.16,Cash,Returned,,
ORD-1196,2024-07-01,2024-07,Q3-2024,P009,Notebook Set,Stationery,C015,Tanvir Ahmed,Individual,Rangpur,Individual,Mohin Uddin,Online,14,5.57,20,15.6,62.38,59.5,2.88,Cash,Completed,3.4,
ORD-1693,2024-07-01,2024-07,Q3-2024,P011,Whiteboard,Stationery,C012,Shapna Das,Individual,Mymensingh,Individual,Sabrina Noor,Online,16,24.43,15,58.63,332.25,340.0,-7.75,Mobile Banking,Returned,4.4,
ORD-1743,2024-07-01,2024-07,Q3-2024,P002,Wireless Mouse,Electronics,C001,Ahmed Hossain,Corporate,Dhaka,Corporate,Mohin Uddin,Reseller,12,13.68,0,0.0,164.16,122.4,41.76,Card,Returned,3.2,Defective
ORD-2375,2024-07-01,2024-07,Q3-2024,P003,USB-C Hub,Electronics,C003,Rahim Uddin,Individual,Sylhet,Individual,Sabrina Noor,Direct Sales,4,21.71,0,0.0,86.84,68.0,18.84,Mobile Banking,Returned,3.8,
ORD-1352,2024-07-02,2024-07,Q3-2024,P001,Laptop Pro 15,Electronics,C012,Shapna Das,Individual,Mymensingh,Individual,Rakib Islam,Online,9,819.58,0,0.0,7376.22,6120.0,1256.22,Card,Returned,3.0,
ORD-2245,2024-07-02,2024-07,Q3-2024,P008,Desk Lamp,Furniture,C015,Tanvir Ahmed,Individual,Rangpur,Individual,Sabrina Noor,Online,3,21.82,0,0.0,65.46,45.9,19.56,Card,Pending,2.8,
ORD-1017,2024-07-03,2024-07,Q3-2024,P008,Desk Lamp,Furniture,C003,Rahim Uddin,Individual,Sylhet,Individual,Arif Khan,Direct Sales,14,18.09,5,12.66,240.6,214.2,26.4,Cash,Completed,3.9,
ORD-1860,2024-07-03,2024-07,Q3-2024,P010,Pen Pack,Stationery,C001,Ahmed Hossain,Corporate,Dhaka,Corporate,Arif Khan,Online,1,3.64,0,0.0,3.64,2.55,1.09,Card,Returned,,
ORD-2114,2024-07-03,2024-07,Q3-2024,P001,Laptop Pro 15,Electronics,C015,Tanvir Ahmed,Individual,Rangpur,Individual,Dilnoza Haque,In-Store,20,827.54,10,1655.08,14895.72,13600.0,1295.72,Card,Pending,3.0,
ORD-1171,2024-07-04,2024-07,Q3-2024,P008,Desk Lamp,Furniture,C004,Nusrat Jahan,Corporate,Dhaka,Corporate,Dilnoza Haque,Online,8,18.72,15,22.46,127.3,122.4,4.9,Bank Transfer,Returned,2.8,
ORD-2397,2024-07-04,2024-07,Q3-2024,P015,Sticky Notes Bulk,Stationery,C001,Ahmed Hossain,Corporate,Dhaka,Corporate,Sabrina Noor,In-Store,19,6.51,0,0.0,123.69,96.9,26.79,Cash,Returned,,Changed Mind
ORD-2408,2024-07-04,2024-07,Q3-2024,P010,Pen Pack,Stationery,C013,Zahid Hasan,SMB,Sylhet,SMB,Arif Khan,Direct Sales,16,3.46,10,5.54,49.82,40.8,9.02,Bank Transfer,Returned,3.1,
ORD-1383,2024-07-05,2024-07,Q3-2024,P014,Filing Cabinet,Furniture,C007,Tariq Hassan,Corporate,Khulna,Corporate,Sabrina Noor,Reseller,7,99.65,5,34.88,662.67,535.5,127.17,Mobile Banking,Returned,2.8,
ORD-2135,2024-07-05,2024-07,Q3-2024,P013,Headset Pro,Electronics,C002,Farzana Islam,SMB,Chittagong,SMB,Dilnoza Haque,Online,14,80.96,10,113.34,1020.1,833.0,187.1,Bank Transfer,Completed,4.4,
ORD-2247,2024-07-05,2024-07,Q3-2024,P009,Notebook Set,Stationery,C002,Farzana Islam,SMB,Chittagong,SMB,Rakib Islam,In-Store,11,5.54,0,0.0,60.94,46.75,14.19,Card,Completed,4.6,
ORD-1368,2024-07-06,2024-07,Q3-2024,P004,Mechanical Keyboard,Electronics,C013,Zahid Hasan,SMB,Sylhet,SMB,Sabrina Noor,Reseller,3,59.54,0,0.0,178.62,140.25,38.37,Cash,Completed,4.4,
ORD-2007,2024-07-06,2024-07,Q3-2024,P007,Standing Desk,Furniture,C013,Zahid Hasan,SMB,Sylhet,SMB,Arif Khan,Reseller,20,256.69,0,0.0,5133.8,3740.0,1393.8,Card,Completed,2.7,
ORD-2009,2024-07-06,2024-07,Q3-2024,P006,Office Chair,Furniture,C010,Riya Sen,SMB,Barisal,SMB,Mohin Uddin,In-Store,4,142.13,15,85.28,483.24,442.0,41.24,Card,Completed,4.5,
ORD-1367,2024-07-07,2024-07,Q3-2024,P015,Sticky Notes Bulk,Stationery,C005,Kamal Pasha,SMB,Rajshahi,SMB,Mohin Uddin,Direct Sales,18,6.5,15,17.55,99.45,91.8,7.65,Bank Transfer,Pending,3.8,
ORD-1530,2024-07-07,2024-07,Q3-2024,P009,Notebook Set,Stationery,C001,Ahmed Hossain,Corporate,Dhaka,Corporate,Rakib Islam,Direct Sales,2,6.24,0,0.0,12.48,8.5,3.98,Bank Transfer,Returned,,
ORD-1382,2024-07-08,2024-07,Q3-2024,P006,Office Chair,Furniture,C008,Mitu Begum,SMB,Chittagong,SMB,Sabrina Noor,Online,1,153.76,10,15.38,138.38,110.5,27.88,Mobile Banking,Pending,4.3,
ORD-2479,2024-07-08,2024-07,Q3-2024,P014,Filing Cabinet,Furniture,C005,Kamal Pasha,SMB,Rajshahi,SMB,Mohin Uddin,Online,3,102.24,5,15.34,291.38,229.5,61.88,Card,Completed,2.5,
ORD-2209,2024-07-09,2024-07,Q3-2024,P012,Webcam HD,Electronics,C009,Nasim Chowdhury,Individual,Dhaka,Individual,Arif Khan,In-Store,3,38.91,0,0.0,116.73,102.0,14.73,Cash,Completed,2.8,
ORD-2410,2024-07-09,2024-07,Q3-2024,P001,Laptop Pro 15,Electronics,C013,Zahid Hasan,SMB,Sylhet,SMB,Arif Khan,Reseller,3,905.62,5,135.84,2581.02,2040.0,541.02,Mobile Banking,Completed,,
ORD-1184,2024-07-10,2024-07,Q3-2024,P010,Pen Pack,Stationery,C011,Imran Ali,Corporate,Dhaka,Corporate,Sabrina Noor,In-Store,2,3.01,20,1.2,4.82,5.1,-0.28,Bank Transfer,Completed,3.9,
ORD-2331,2024-07-10,2024-07,Q3-2024,P013,Headset Pro,Electronics,C014,Parisa Begum,Corporate,Dhaka,Corporate,Sabrina Noor,In-Store,4,81.98,0,0.0,327.92,238.0,89.92,Card,Completed,4.1,
ORD-2465,2024-07-10,2024-07,Q3-2024,P008,Desk Lamp,Furniture,C006,Sumaiya Akter,Individual,Dhaka,Individual,Mohin Uddin,Direct Sales,19,21.75,0,0.0,413.25,290.7,122.55,Mobile Banking,Completed,3.1,
ORD-2309,2024-07-11,2024-07,Q3-2024,P007,Standing Desk,Furniture,C008,Mitu Begum,SMB,Chittagong,SMB,Sabrina Noor,Online,13,240.52,10,312.68,2814.08,2431.0,383.08,Bank Transfer,Completed,2.7,
ORD-2110,2024-07-12,2024-07,Q3-2024,P001,Laptop Pro 15,Electronics,C009,Nasim Chowdhury,Individual,Dhaka,Individual,Mohin Uddin,Online,14,914.04,5,639.83,12156.73,9520.0,2636.73,Card,Returned,,
ORD-1783,2024-07-13,2024-07,Q3-2024,P013,Headset Pro,Electronics,C003,Rahim Uddin,Individual,Sylhet,Individual,Sabrina Noor,Online,20,74.43,0,0.0,1488.6,1190.0,298.6,Mobile Banking,Completed,,Defective
ORD-1797,2024-07-13,2024-07,Q3-2024,P001,Laptop Pro 15,Electronics,C003,Rahim Uddin,Individual,Sylhet,Individual,Arif Khan,Online,17,938.01,0,0.0,15946.17,11560.0,4386.17,Card,Completed,2.8,
ORD-2389,2024-07-13,2024-07,Q3-2024,P009,Notebook Set,Stationery,C015,Tanvir Ahmed,Individual,Rangpur,Individual,Sabrina Noor,Online,1,6.05,5,0.3,5.75,4.25,1.5,Mobile Banking,Completed,3.5,
ORD-2471,2024-07-14,2024-07,Q3-2024,P007,Standing Desk,Furniture,C010,Riya Sen,SMB,Barisal,SMB,Sabrina Noor,Reseller,5,242.56,10,121.28,1091.52,935.0,156.52,Mobile Banking,Completed,4.1,Wrong Item
ORD-1039,2024-07-15,2024-07,Q3-2024,P008,Desk Lamp,Furniture,C015,Tanvir Ahmed,Individual,Rangpur,Individual,Sabrina Noor,Reseller,6,21.12,5,6.34,120.38,91.8,28.58,Bank Transfer,Completed,2.7,
ORD-1370,2024-07-15,2024-07,Q3-2024,P006,Office Chair,Furniture,C004,Nusrat Jahan,Corporate,Dhaka,Corporate,Sabrina Noor,Direct Sales,14,157.9,5,110.53,2100.07,1547.0,553.07,Bank Transfer,Completed,3.6,
ORD-1691,2024-07-15,2024-07,Q3-2024,P014,Filing Cabinet,Furniture,C008,Mitu Begum,SMB,Chittagong,SMB,Mohin Uddin,In-Store,6,109.7,0,0.0,658.2,459.0,199.2,Card,Completed,,Defective
ORD-1714,2024-07-15,2024-07,Q3-2024,P007,Standing Desk,Furniture,C002,Farzana Islam,SMB,Chittagong,SMB,Rakib Islam,In-Store,11,251.25,0,0.0,2763.75,2057.0,706.75,Card,Completed,,
ORD-1324,2024-07-16,2024-07,Q3-2024,P008,Desk Lamp,Furniture,C011,Imran Ali,Dhaka,Dhaka,Corporate,Arif Khan,In-Store,18,17.49,15,47.22,267.6,275.4,-7.8,Bank Transfer,Completed,4.2,
ORD-2174,2024-07-17,2024-07,Q3-2024,P009,Notebook Set,Stationery,C012,Shapna Das,Individual,Mymensingh,Individual,Mohin Uddin,Reseller,13,6.08,5,3.95,75.09,55.25,19.84,Bank Transfer,Completed,3.5,
ORD-2286,2024-07-17,2024-07,Q3-2024,P007,Standing Desk,Furniture,C010,Riya Sen,Barisal,Barisal,SMB,Sabrina Noor,Online,13,231.75,15,451.91,2560.84,2431.0,129.84,Bank Transfer,Returned,,
ORD-1026,2024-07-18,2024-07,Q3-2024,P012,Webcam HD,Electronics,C007,Tariq Hassan,Corporate,Khulna,Corporate,Sabrina Noor,Online,18,38.12,0,0.0,686.16,612.0,74.16,Mobile Banking,Pending,3.6,
ORD-1264,2024-07-19,2024-07,Q3-2024,P006,Office Chair,Furniture,C014,Parisa Begum,Dhaka,Dhaka,Corporate,Mohin Uddin,Direct Sales,9,143.77,20,258.79,1035.14,994.5,40.64,Cash,Returned,,
ORD-1310,2024-07-19,2024-07,Q3-2024,P001,Laptop Pro 15,Electronics,C001,Ahmed Hossain,Corporate,Dhaka,Corporate,Dilnoza Haque,In-Store,9,808.74,20,1455.73,5822.93,6120.0,-297.07,Mobile Banking,Pending,4.0,
ORD-1977,2024-07-19,2024-07,Q3-2024,P005,Monitor 27in,Electronics,C002,Farzana Islam,SMB,Chittagong,SMB,Sabrina Noor,Reseller,7,234.0,0,0.0,1638.0,1190.0,448.0,Cash,Completed,4.0,
ORD-2414,2024-07-19,2024-07,Q3-2024,P002,Wireless Mouse,Electronics,C001,Ahmed Hossain,Corporate,Dhaka,Corporate,Mohin Uddin,Direct Sales,11,12.27,10,13.5,121.47,112.2,9.27,Mobile Banking,Pending,4.5,
ORD-1581,2024-07-20,2024-07,Q3-2024,P002,Wireless Mouse,Electronics,C005,Kamal Pasha,SMB,Rajshahi,SMB,Rakib Islam,Direct Sales,14,14.6,0,0.0,204.4,142.8,61.6,Bank Transfer,Completed,,
ORD-1675,2024-07-20,2024-07,Q3-2024,P012,Webcam HD,Electronics,C003,Rahim Uddin,Individual,Sylhet,Individual,Dilnoza Haque,Direct Sales,9,42.57,0,0.0,383.13,306.0,77.13,Cash,Completed,,
ORD-1785,2024-07-20,2024-07,Q3-2024,P010,Pen Pack,Stationery,C003,Rahim Uddin,Individual,Sylhet,Individual,Dilnoza Haque,Reseller,18,3.24,0,0.0,58.32,45.9,12.42,Cash,Completed,2.8,
ORD-1532,2024-07-21,2024-07,Q3-2024,P011,Whiteboard,Stationery,C009,Nasim Chowdhury,Individual,Dhaka,Individual,Mohin Uddin,Online,19,27.27,10,51.81,466.32,403.75,62.57,Bank Transfer,Completed,4.9,
ORD-2277,2024-07-21,2024-07,Q3-2024,P001,Laptop Pro 15,Electronics,C013,Zahid Hasan,SMB,Sylhet,SMB,Rakib Islam,In-Store,17,996.44,20,3387.9,13551.58,11560.0,1991.58,Bank Transfer,Pending,3.8,
ORD-1189,2024-07-22,2024-07,Q3-2024,P009,Notebook Set,Stationery,C007,Tariq Hassan,Corporate,Khulna,Corporate,Mohin Uddin,Reseller,4,4.79,0,0.0,19.16,17.0,2.16,Bank Transfer,Completed,3.5,
ORD-2293,2024-07-22,2024-07,Q3-2024,P013,Headset Pro,Electronics,C002,Farzana Islam,SMB,Chittagong,SMB,Dilnoza Haque,Online,16,81.72,20,261.5,1046.02,952.0,94.02,Card,Pending,4.0,
ORD-1563,2024-07-23,2024-07,Q3-2024,P014,Filing Cabinet,Furniture,C015,Tanvir Ahmed,Rangpur,Rangpur,Individual,Sabrina Noor,Online,15,86.94,0,0.0,1304.1,1147.5,156.6,Bank Transfer,Completed,,
ORD-1615,2024-07-23,2024-07,Q3-2024,P005,Monitor 27in,Electronics,C015,Tanvir Ahmed,Individual,Rangpur,Individual,Rakib Islam,Reseller,14,202.65,10,283.71,2553.39,2380.0,173.39,Mobile Banking,Returned,4.2,
ORD-1871,2024-07-23,2024-07,Q3-2024,P004,Mechanical Keyboard,Electronics,C007,Tariq Hassan,Corporate,Khulna,Corporate,Mohin Uddin,Reseller,2,61.81,0,0.0,123.62,93.5,30.12,Cash,Returned,,
ORD-1038,2024-07-24,2024-07,Q3-2024,P004,Mechanical Keyboard,Electronics,C015,Tanvir Ahmed,Individual,Rangpur,Individual,Mohin Uddin,Reseller,4,59.78,20,47.82,191.3,187.0,4.3,Bank Transfer,Pending,4.7,
ORD-1586,2024-07-24,2024-07,Q3-2024,P005,Monitor 27in,Electronics,C015,Tanvir Ahmed,Individual,Rangpur,Individual,Arif Khan,Online,5,241.2,20,241.2,964.8,850.0,114.8,Bank Transfer,Returned,4.4,Defective
ORD-2495,2024-07-24,2024-07,Q3-2024,P005,Monitor 27in,Electronics,C006,Sumaiya Akter,Individual,Dhaka,Individual,Rakib Islam,In-Store,6,202.55,20,243.06,972.24,1020.0,-47.76,Bank Transfer,Pending,3.1,
ORD-2380,2024-07-25,2024-07,Q3-2024,P004,Mechanical Keyboard,Electronics,C006,Sumaiya Akter,Individual,Dhaka,Individual,Mohin Uddin,Direct Sales,13,58.09,20,151.03,604.14,607.75,-3.61,Card,Completed,4.7,Changed Mind
ORD-1190,2024-07-26,2024-07,Q3-2024,P015,Sticky Notes Bulk,Stationery,C004,Nusrat Jahan,Corporate,Dhaka,Corporate,Sabrina Noor,Reseller,19,6.64,15,18.92,107.24,96.9,10.34,Mobile Banking,Completed,2.7,
ORD-1278,2024-07-26,2024-07,Q3-2024,P013,Headset Pro,Electronics,C015,Tanvir Ahmed,Individual,Rangpur,Individual,Sabrina Noor,Reseller,6,86.39,0,0.0,518.34,357.0,161.34,Card,Completed,4.7,
ORD-1764,2024-07-26,2024-07,Q3-2024,P010,Pen Pack,Stationery,C014,Parisa Begum,Corporate,Dhaka,Corporate,Dilnoza Haque,Direct Sales,3,3.58,5,0.54,10.2,7.65,2.55,Card,Completed,4.1,
ORD-1915,2024-07-26,2024-07,Q3-2024,P015,Sticky Notes Bulk,Stationery,C004,Nusrat Jahan,Corporate,Dhaka,Corporate,Dilnoza Haque,Reseller,12,6.83,0,0.0,81.96,61.2,20.76,Mobile Banking,Pending,4.8,
ORD-1315,2024-07-28,2024-07,Q3-2024,P014,Filing Cabinet,Furniture,C013,Zahid Hasan,SMB,Sylhet,SMB,Mohin Uddin,In-Store,1,88.6,0,0.0,88.6,76.5,12.1,Cash,Completed,4.5,
ORD-1804,2024-07-28,2024-07,Q3-2024,P005,Monitor 27in,Electronics,C012,Shapna Das,Individual,Mymensingh,Individual,Arif Khan,Direct Sales,20,246.78,20,987.12,3948.48,3400.0,548.48,Bank Transfer,Completed,3.0,
ORD-2364,2024-07-28,2024-07,Q3-2024,P001,Laptop Pro 15,Electronics,C006,Sumaiya Akter,Individual,Dhaka,Individual,Sabrina Noor,Direct Sales,7,999.94,20,1399.92,5599.66,4760.0,839.66,Card,Returned,4.6,
ORD-1587,2024-07-29,2024-07,Q3-2024,P001,Laptop Pro 15,Electronics,C009,Nasim Chowdhury,Individual,Dhaka,Individual,Rakib Islam,In-Store,4,800.09,0,0.0,3200.36,2720.0,480.36,Mobile Banking,Returned,3.7,Wrong Item
ORD-2124,2024-07-30,2024-07,Q3-2024,P014,Filing Cabinet,Furniture,C014,Parisa Begum,Corporate,Dhaka,Corporate,Sabrina Noor,Online,14,100.59,15,211.24,1197.02,1071.0,126.02,Mobile Banking,Completed,,
ORD-1194,2024-07-31,2024-07,Q3-2024,P004,Mechanical Keyboard,Electronics,C010,Riya Sen,SMB,Barisal,SMB,Dilnoza Haque,In-Store,18,55.22,20,198.79,795.17,841.5,-46.33,Bank Transfer,Completed,2.7,
ORD-1408,2024-08-01,2024-08,Q3-2024,P015,Sticky Notes Bulk,Stationery,C003,Rahim Uddin,Individual,Sylhet,Individual,Arif Khan,In-Store,11,5.82,10,6.4,57.62,56.1,1.52,Mobile Banking,Completed,4.4,
ORD-1048,2024-08-02,2024-08,Q3-2024,P013,Headset Pro,Electronics,C001,Ahmed Hossain,Corporate,Dhaka,Corporate,Mohin Uddin,Reseller,12,77.69,15,139.84,792.44,714.0,78.44,Cash,Returned,2.8,
ORD-1183,2024-08-02,2024-08,Q3-2024,P014,Filing Cabinet,Furniture,C002,Farzana Islam,SMB,Chittagong,SMB,Mohin Uddin,Direct Sales,17,110.32,0,0.0,1875.44,1300.5,574.94,Mobile Banking,Completed,4.2,
ORD-1245,2024-08-02,2024-08,Q3-2024,P009,Notebook Set,Stationery,C006,Sumaiya Akter,Individual,Dhaka,Individual,Sabrina Noor,Online,13,5.16,0,0.0,67.08,55.25,11.83,Mobile Banking,Completed,3.7,
ORD-1330,2024-08-02,2024-08,Q3-2024,P010,Pen Pack,Stationery,C011,Imran Ali,Corporate,Dhaka,Corporate,Arif Khan,In-Store,5,3.51,5,0.88,16.67,12.75,3.92,Bank Transfer,Completed,,
ORD-1836,2024-08-02,2024-08,Q3-2024,P015,Sticky Notes Bulk,Stationery,C005,Kamal Pasha,SMB,Rajshahi,SMB,Arif Khan,Direct Sales,2,7.06,5,0.71,13.41,10.2,3.21,Bank Transfer,Completed,,
ORD-1556,2024-08-03,2024-08,Q3-2024,P002,Wireless Mouse,Electronics,C001,Ahmed Hossain,Corporate,Dhaka,Corporate,Dilnoza Haque,Online,17,12.97,5,11.02,209.47,173.4,36.07,Card,Completed,,Changed Mind
ORD-2418,2024-08-03,2024-08,Q3-2024,P004,Mechanical Keyboard,Electronics,C003,Rahim Uddin,Individual,Sylhet,Individual,Mohin Uddin,In-Store,17,66.55,0,0.0,1131.35,794.75,336.6,Card,Completed,,
ORD-1612,2024-08-04,2024-08,Q3-2024,P007,Standing Desk,Furniture,C008,Mitu Begum,SMB,Chittagong,SMB,Sabrina Noor,Reseller,3,264.85,10,79.46,715.09,561.0,154.09,Card,Completed,3.6,
ORD-1938,2024-08-04,2024-08,Q3-2024,P013,Headset Pro,Electronics,C003,Rahim Uddin,Individual,Sylhet,Individual,Arif Khan,Reseller,5,80.43,20,80.43,321.72,297.5,24.22,Card,Completed,2.9,
ORD-2073,2024-08-04,2024-08,Q3-2024,P011,Whiteboard,Stationery,C003,Rahim Uddin,Individual,Sylhet,Individual,Sabrina Noor,Direct Sales,9,31.13,15,42.03,238.14,191.25,46.89,Card,Completed,3.7,Wrong Item
ORD-2155,2024-08-04,2024-08,Q3-2024,P008,Desk Lamp,Furniture,C009,Nasim Chowdhury,Dhaka,Dhaka,Individual,Arif Khan,Direct Sales,11,17.89,10,19.68,177.11,168.3,8.81,Bank Transfer,Completed,,
ORD-1058,2024-08-05,2024-08,Q3-2024,P010,Pen Pack,Stationery,C001,Ahmed Hossain,Corporate,Dhaka,Corporate,Sabrina Noor,In-Store,20,3.71,0,0.0,74.2,51.0,23.2,Mobile Banking,Completed,,
ORD-1568,2024-08-05,2024-08,Q3-2024,P003,USB-C Hub,Electronics,C004,Nusrat Jahan,Corporate,Dhaka,Corporate,Arif Khan,Online,2,23.81,0,0.0,47.62,34.0,13.62,Bank Transfer,Completed,2.9,
ORD-1773,2024-08-05,2024-08,Q3-2024,P008,Desk Lamp,Furniture,C001,Ahmed Hossain,Corporate,Dhaka,Corporate,Mohin Uddin,In-Store,12,21.74,5,13.04,247.84,183.6,64.24,Bank Transfer,Completed,4.1,
ORD-2222,2024-08-05,2024-08,Q3-2024,P012,Webcam HD,Electronics,C014,Parisa Begum,Corporate,Dhaka,Corporate,Sabrina Noor,In-Store,4,45.57,0,0.0,182.28,136.0,46.28,Card,Returned,,
ORD-1606,2024-08-06,2024-08,Q3-2024,P009,Notebook Set,Stationery,C004,Nusrat Jahan,Corporate,Dhaka,Corporate,Mohin Uddin,In-Store,16,5.5,0,0.0,88.0,68.0,20.0,Cash,Completed,3.1,
ORD-2460,2024-08-06,2024-08,Q3-2024,P014,Filing Cabinet,Furniture,C005,Kamal Pasha,SMB,Rajshahi,SMB,Arif Khan,Online,10,101.19,0,0.0,1011.9,765.0,246.9,Bank Transfer,Returned,4.4,
ORD-1490,2024-08-07,2024-08,Q3-2024,P012,Webcam HD,Electronics,C010,Riya Sen,SMB,Barisal,SMB,Dilnoza Haque,In-Store,1,49.72,5,2.49,47.23,34.0,13.23,Mobile Banking,Returned,2.5,
ORD-1889,2024-08-07,2024-08,Q3-2024,P007,Standing Desk,Furniture,C012,Shapna Das,Individual,Mymensingh,Individual,Arif Khan,Online,15,243.38,20,730.14,2920.56,2805.0,115.56,Bank Transfer,Returned,2.7,
ORD-2054,2024-08-07,2024-08,Q3-2024,P009,Notebook Set,Stationery,C003,Rahim Uddin,Sylhet,Sylhet,Individual,Rakib Islam,Direct Sales,11,5.86,10,6.45,58.01,46.75,11.26,Card,Completed,2.6,
ORD-2058,2024-08-07,2024-08,Q3-2024,P012,Webcam HD,Electronics,C014,Parisa Begum,Corporate,Dhaka,Corporate,Rakib Islam,Direct Sales,10,40.46,15,60.69,343.91,340.0,3.91,Cash,Returned,3.4,
ORD-2481,2024-08-07,2024-08,Q3-2024,P009,Notebook Set,Stationery,C013,Zahid Hasan,SMB,Sylhet,SMB,Rakib Islam,Reseller,13,5.29,0,0.0,68.77,55.25,13.52,Mobile Banking,Completed,3.6,Changed Mind
ORD-1424,2024-08-08,2024-08,Q3-2024,P012,Webcam HD,Electronics,C011,Imran Ali,Corporate,Dhaka,Corporate,Mohin Uddin,Reseller,17,49.85,5,42.37,805.08,578.0,227.08,Bank Transfer,Pending,3.1,
ORD-1467,2024-08-08,2024-08,Q3-2024,P012,Webcam HD,Electronics,C005,Kamal Pasha,SMB,Rajshahi,SMB,Arif Khan,Online,15,38.23,5,28.67,544.78,510.0,34.78,Bank Transfer,Completed,,
ORD-1601,2024-08-08,2024-08,Q3-2024,P005,Monitor 27in,Electronics,C001,Ahmed Hossain,Corporate,Dhaka,Corporate,Rakib Islam,Reseller,17,199.2,0,0.0,3386.4,2890.0,496.4,Mobile Banking,Returned,,
ORD-1741,2024-08-08,2024-08,Q3-2024,P004,Mechanical Keyboard,Electronics,C010,Riya Sen,SMB,Barisal,SMB,Mohin Uddin,Reseller,1,66.76,20,13.35,53.41,46.75,6.66,Mobile Banking,Completed,3.2,
ORD-1603,2024-08-09,2024-08,Q3-2024,P005,Monitor 27in,Electronics,C010,Riya Sen,SMB,Barisal,SMB,Mohin Uddin,In-Store,15,244.02,20,732.06,2928.24,2550.0,378.24,Card,Pending,4.4,
ORD-1868,2024-08-09,2024-08,Q3-2024,P012,Webcam HD,Electronics,C010,Riya Sen,SMB,Barisal,SMB,Sabrina Noor,In-Store,17,41.12,5,34.95,664.09,578.0,86.09,Cash,Completed,4.9,
ORD-2395,2024-08-09,2024-08,Q3-2024,P005,Monitor 27in,Electronics,C013,Zahid Hasan,SMB,Sylhet,SMB,Arif Khan,Reseller,5,207.92,10,103.96,935.64,850.0,85.64,Bank Transfer,Returned,3.2,
ORD-2383,2024-08-10,2024-08,Q3-2024,P013,Headset Pro,Electronics,C013,Zahid Hasan,SMB,Sylhet,SMB,Mohin Uddin,In-Store,8,72.08,5,28.83,547.81,476.0,71.81,Cash,Returned,,
ORD-1945,2024-08-11,2024-08,Q3-2024,P009,Notebook Set,Stationery,C007,Tariq Hassan,Corporate,Khulna,Corporate,Dilnoza Haque,Direct Sales,15,4.77,15,10.73,60.82,63.75,-2.93,Cash,Completed,4.4,
ORD-1806,2024-08-12,2024-08,Q3-2024,P001,Laptop Pro 15,Electronics,C015,Tanvir Ahmed,Individual,Rangpur,Individual,Arif Khan,Online,15,828.25,20,2484.75,9939.0,10200.0,-261.0,Mobile Banking,Completed,,
ORD-2316,2024-08-12,2024-08,Q3-2024,P003,USB-C Hub,Electronics,C007,Tariq Hassan,Corporate,Khulna,Corporate,Mohin Uddin,Reseller,19,20.33,15,57.94,328.33,323.0,5.33,Cash,Completed,4.8,
ORD-1215,2024-08-14,2024-08,Q3-2024,P003,USB-C Hub,Electronics,C010,Riya Sen,SMB,Barisal,SMB,Arif Khan,Online,16,23.73,15,56.95,322.73,272.0,50.73,Bank Transfer,Completed,,
ORD-2435,2024-08-14,2024-08,Q3-2024,P003,USB-C Hub,Electronics,C003,Rahim Uddin,Individual,Sylhet,Individual,Arif Khan,Online,12,21.98,0,0.0,263.76,204.0,59.76,Cash,Returned,4.3,
ORD-2224,2024-08-15,2024-08,Q3-2024,P005,Monitor 27in,Electronics,C005,Kamal Pasha,SMB,Rajshahi,SMB,Rakib Islam,Direct Sales,8,226.98,0,0.0,1815.84,1360.0,455.84,Cash,Completed,3.0,
ORD-1607,2024-08-16,2024-08,Q3-2024,P008,Desk Lamp,Furniture,C002,Farzana Islam,SMB,Chittagong,SMB,Dilnoza Haque,Online,18,20.38,5,18.34,348.5,275.4,73.1,Mobile Banking,Returned,,
ORD-1646,2024-08-16,2024-08,Q3-2024,P013,Headset Pro,Electronics,C011,Imran Ali,Corporate,Dhaka,Corporate,Sabrina Noor,Direct Sales,1,76.41,10,7.64,68.77,59.5,9.27,Card,Completed,3.0,
ORD-1031,2024-08-17,2024-08,Q3-2024,P005,Monitor 27in,Electronics,C001,Ahmed Hossain,Corporate,Dhaka,Corporate,Rakib Islam,Direct Sales,4,225.79,0,0.0,903.16,680.0,223.16,Cash,Returned,3.0,
ORD-1198,2024-08-17,2024-08,Q3-2024,P012,Webcam HD,Electronics,C010,Riya Sen,SMB,Barisal,SMB,Mohin Uddin,In-Store,8,43.35,5,17.34,329.46,272.0,57.46,Mobile Banking,Completed,3.2,Defective
ORD-1561,2024-08-17,2024-08,Q3-2024,P003,USB-C Hub,Electronics,C005,Kamal Pasha,SMB,Rajshahi,SMB,Sabrina Noor,Online,6,22.02,0,0.0,132.12,102.0,30.12,Mobile Banking,Pending,3.2,
ORD-1701,2024-08-17,2024-08,Q3-2024,P014,Filing Cabinet,Furniture,C013,Zahid Hasan,SMB,Sylhet,SMB,Sabrina Noor,In-Store,2,108.44,15,32.53,184.35,153.0,31.35,Bank Transfer,Returned,2.9,
ORD-1843,2024-08-17,2024-08,Q3-2024,P005,Monitor 27in,Electronics,C001,Ahmed Hossain,Corporate,Dhaka,Corporate,Dilnoza Haque,Direct Sales,20,216.67,0,0.0,4333.4,3400.0,933.4,Mobile Banking,Completed,3.4,Wrong Item
ORD-1512,2024-08-18,2024-08,Q3-2024,P001,Laptop Pro 15,Electronics,C003,Rahim Uddin,Individual,Sylhet,Individual,Sabrina Noor,Online,11,870.65,15,1436.57,8140.58,7480.0,660.58,Mobile Banking,Completed,4.8,
ORD-1527,2024-08-18,2024-08,Q3-2024,P010,Pen Pack,Stationery,C005,Kamal Pasha,SMB,Rajshahi,SMB,Dilnoza Haque,Direct Sales,13,3.17,15,6.18,35.03,33.15,1.88,Mobile Banking,Completed,2.8,
ORD-1265,2024-08-19,2024-08,Q3-2024,P013,Headset Pro,Electronics,C002,Farzana Islam,SMB,Chittagong,SMB,Mohin Uddin,Reseller,4,78.32,0,0.0,313.28,238.0,75.28,Bank Transfer,Completed,3.7,
ORD-1349,2024-08-19,2024-08,Q3-2024,P006,Office Chair,Furniture,C006,Sumaiya Akter,Individual,Dhaka,Individual,Dilnoza Haque,Online,9,132.33,0,0.0,1190.97,994.5,196.47,Mobile Banking,Completed,2.8,
ORD-1392,2024-08-19,2024-08,Q3-2024,P004,Mechanical Keyboard,Electronics,C004,Nusrat Jahan,Corporate,Dhaka,Corporate,Mohin Uddin,In-Store,9,65.63,0,0.0,590.67,420.75,169.92,Cash,Completed,2.9,
ORD-1008,2024-08-20,2024-08,Q3-2024,P007,Standing Desk,Furniture,C006,Sumaiya Akter,Individual,Dhaka,Individual,Arif Khan,Online,8,274.82,0,0.0,2198.56,1496.0,702.56,Cash,Completed,4.5,
ORD-1141,2024-08-20,2024-08,Q3-2024,P006,Office Chair,Furniture,C001,Ahmed Hossain,Corporate,Dhaka,Corporate,Dilnoza Haque,Reseller,2,134.47,10,26.89,242.05,221.0,21.05,Cash,Completed,4.7,
ORD-1504,2024-08-20,2024-08,Q3-2024,P009,Notebook Set,Stationery,C004,Nusrat Jahan,Corporate,Dhaka,Corporate,Dilnoza Haque,Online,9,5.04,0,0.0,45.36,38.25,7.11,Bank Transfer,Completed,4.0,
ORD-1246,2024-08-21,2024-08,Q3-2024,P004,Mechanical Keyboard,Electronics,C003,Rahim Uddin,Individual,Sylhet,Individual,Arif Khan,In-Store,4,56.34,0,0.0,225.36,187.0,38.36,Bank Transfer,Completed,5.0,
ORD-1274,2024-08-21,2024-08,Q3-2024,P002,Wireless Mouse,Electronics,C001,Ahmed Hossain,Corporate,Dhaka,Corporate,Mohin Uddin,Reseller,17,15.0,20,51.0,204.0,173.4,30.6,Mobile Banking,Completed,3.3,
ORD-1312,2024-08-21,2024-08,Q3-2024,P014,Filing Cabinet,Furniture,C005,Kamal Pasha,SMB,Rajshahi,SMB,Arif Khan,In-Store,1,94.43,15,14.16,80.27,76.5,3.77,Mobile Banking,Pending,,Changed Mind
ORD-1187,2024-08-22,2024-08,Q3-2024,P011,Whiteboard,Stationery,C007,Tariq Hassan,Corporate,Khulna,Corporate,Arif Khan,Online,3,29.54,0,0.0,88.62,63.75,24.87,Mobile Banking,Completed,4.5,
ORD-1279,2024-08-22,2024-08,Q3-2024,P005,Monitor 27in,Electronics,C008,Mitu Begum,SMB,Chittagong,SMB,Mohin Uddin,Online,4,218.23,20,174.58,698.34,680.0,18.34,Bank Transfer,Completed,4.7,
ORD-1320,2024-08-22,2024-08,Q3-2024,P001,Laptop Pro 15,Electronics,C012,Shapna Das,Individual,Mymensingh,Individual,Rakib Islam,Online,3,845.85,10,253.75,2283.8,2040.0,243.8,Mobile Banking,Returned,4.6,
ORD-1942,2024-08-23,2024-08,Q3-2024,P001,Laptop Pro 15,Electronics,C004,Nusrat Jahan,Corporate,Dhaka,Corporate,Rakib Islam,Online,20,802.76,0,0.0,16055.2,13600.0,2455.2,Bank Transfer,Completed,2.8,
ORD-2345,2024-08-23,2024-08,Q3-2024,P012,Webcam HD,Electronics,C006,Sumaiya Akter,Individual,Dhaka,Individual,Mohin Uddin,In-Store,1,39.11,0,0.0,39.11,34.0,5.11,Cash,Pending,4.8,
ORD-2385,2024-08-23,2024-08,Q3-2024,P015,Sticky Notes Bulk,Stationery,C013,Zahid Hasan,SMB,Sylhet,SMB,Sabrina Noor,In-Store,8,6.34,20,10.14,40.58,40.8,-0.22,Bank Transfer,Completed,3.7,
ORD-1647,2024-08-24,2024-08,Q3-2024,P013,Headset Pro,Electronics,C009,Nasim Chowdhury,Individual,Dhaka,Individual,Arif Khan,Reseller,15,81.67,5,61.25,1163.8,892.5,271.3,Card,Returned,4.2,
ORD-1917,2024-08-24,2024-08,Q3-2024,P011,Whiteboard,Stationery,C013,Zahid Hasan,SMB,Sylhet,SMB,Mohin Uddin,Reseller,13,26.23,20,68.2,272.79,276.25,-3.46,Bank Transfer,Completed,,
ORD-2043,2024-08-24,2024-08,Q3-2024,P002,Wireless Mouse,Electronics,C013,Zahid Hasan,SMB,Sylhet,SMB,Sabrina Noor,In-Store,3,13.61,10,4.08,36.75,30.6,6.15,Card,Pending,5.0,
ORD-1210,2024-08-25,2024-08,Q3-2024,P012,Webcam HD,Electronics,C006,Sumaiya Akter,Individual,Dhaka,Individual,Sabrina Noor,In-Store,20,45.59,0,0.0,911.8,680.0,231.8,Cash,Pending,3.2,
ORD-2492,2024-08-25,2024-08,Q3-2024,P002,Wireless Mouse,Electronics,C005,Kamal Pasha,SMB,Rajshahi,SMB,Rakib Islam,In-Store,6,12.79,20,15.35,61.39,61.2,0.19,Card,Completed,4.5,
ORD-1261,2024-08-26,2024-08,Q3-2024,P004,Mechanical Keyboard,Electronics,C009,Nasim Chowdhury,Individual,Dhaka,Individual,Mohin Uddin,Direct Sales,2,66.12,20,26.45,105.79,93.5,12.29,Card,Returned,3.5,Defective
ORD-1602,2024-08-26,2024-08,Q3-2024,P007,Standing Desk,Furniture,C001,Ahmed Hossain,Corporate,Dhaka,Corporate,Dilnoza Haque,Online,10,267.68,0,0.0,2676.8,1870.0,806.8,Cash,Pending,4.7,
ORD-2040,2024-08-28,2024-08,Q3-2024,P007,Standing Desk,Furniture,C002,Farzana Islam,SMB,Chittagong,SMB,Arif Khan,Reseller,6,210.46,5,63.14,1199.62,1122.0,77.62,Bank Transfer,Completed,,
ORD-1438,2024-08-29,2024-08,Q3-2024,P011,Whiteboard,Stationery,C014,Parisa Begum,Corporate,Dhaka,Corporate,Sabrina Noor,Online,15,28.37,0,0.0,425.55,318.75,106.8,Bank Transfer,Pending,,
ORD-1595,2024-08-29,2024-08,Q3-2024,P005,Monitor 27in,Electronics,C004,Nusrat Jahan,Corporate,Dhaka,Corporate,Arif Khan,Reseller,10,233.59,10,233.59,2102.31,1700.0,402.31,Mobile Banking,Pending,2.6,
ORD-1695,2024-08-29,2024-08,Q3-2024,P015,Sticky Notes Bulk,Stationery,C004,Nusrat Jahan,Corporate,Dhaka,Corporate,Dilnoza Haque,Online,4,6.73,0,0.0,26.92,20.4,6.52,Mobile Banking,Completed,3.0,
ORD-2090,2024-08-29,2024-08,Q3-2024,P005,Monitor 27in,Electronics,C010,Riya Sen,SMB,Barisal,SMB,Rakib Islam,Reseller,14,220.4,0,0.0,3085.6,2380.0,705.6,Card,Pending,,Changed Mind
ORD-1830,2024-08-30,2024-08,Q3-2024,P002,Wireless Mouse,Electronics,C001,Ahmed Hossain,Corporate,Dhaka,Corporate,Arif Khan,Online,16,12.5,5,10.0,190.0,163.2,26.8,Mobile Banking,Completed,3.2,Wrong Item
ORD-1463,2024-08-31,2024-08,Q3-2024,P011,Whiteboard,Stationery,C015,Tanvir Ahmed,Individual,Rangpur,Individual,Arif Khan,Online,7,30.88,15,32.42,183.74,148.75,34.99,Card,Returned,4.7,
ORD-2215,2024-08-31,2024-08,Q3-2024,P009,Notebook Set,Stationery,C009,Nasim Chowdhury,Individual,Dhaka,Individual,Mohin Uddin,Reseller,4,5.64,5,1.13,21.43,17.0,4.43,Cash,Pending,4.5,
ORD-1205,2024-09-02,2024-09,Q3-2024,P003,USB-C Hub,Electronics,C010,Riya Sen,SMB,Barisal,SMB,Sabrina Noor,In-Store,13,21.54,5,14.0,266.02,221.0,45.02,Bank Transfer,Completed,,
ORD-1781,2024-09-03,2024-09,Q3-2024,P004,Mechanical Keyboard,Electronics,C002,Farzana Islam,SMB,Chittagong,SMB,Rakib Islam,Online,19,62.42,0,0.0,1185.98,888.25,297.73,Card,Returned,3.7,
ORD-1169,2024-09-04,2024-09,Q3-2024,P013,Headset Pro,Electronics,C011,Imran Ali,Corporate,Dhaka,Corporate,Mohin Uddin,In-Store,11,71.47,0,0.0,786.17,654.5,131.67,Bank Transfer,Completed,3.9,
ORD-1444,2024-09-04,2024-09,Q3-2024,P002,Wireless Mouse,Electronics,C011,Imran Ali,Corporate,Dhaka,Corporate,Arif Khan,Online,20,14.18,5,14.18,269.42,204.0,65.42,Card,Completed,4.8,
ORD-1979,2024-09-04,2024-09,Q3-2024,P008,Desk Lamp,Furniture,C005,Kamal Pasha,SMB,Rajshahi,SMB,Arif Khan,Direct Sales,19,17.15,5,16.29,309.56,290.7,18.86,Card,Pending,4.0,
ORD-1068,2024-09-05,2024-09,Q3-2024,P009,Notebook Set,Stationery,C012,Shapna Das,Individual,Mymensingh,Individual,Dilnoza Haque,Reseller,5,6.05,0,0.0,30.25,21.25,9.0,Mobile Banking,Completed,3.2,
ORD-1960,2024-09-05,2024-09,Q3-2024,P005,Monitor 27in,Electronics,C006,Sumaiya Akter,Individual,Dhaka,Individual,Rakib Islam,Direct Sales,12,227.82,15,410.08,2323.76,2040.0,283.76,Card,Returned,3.7,
ORD-2392,2024-09-05,2024-09,Q3-2024,P011,Whiteboard,Stationery,C003,Rahim Uddin,Individual,Sylhet,Individual,Rakib Islam,In-Store,2,30.09,20,12.04,48.14,42.5,5.64,Bank Transfer,Completed,2.7,
ORD-2252,2024-09-06,2024-09,Q3-2024,P011,Whiteboard,Stationery,C010,Riya Sen,SMB,Barisal,SMB,Arif Khan,In-Store,18,27.33,5,24.6,467.34,382.5,84.84,Card,Completed,4.5,
ORD-2289,2024-09-06,2024-09,Q3-2024,P007,Standing Desk,Furniture,C015,Tanvir Ahmed,Individual,Rangpur,Individual,Dilnoza Haque,In-Store,13,213.13,0,0.0,2770.69,2431.0,339.69,Cash,Completed,4.5,
ORD-1542,2024-09-07,2024-09,Q3-2024,P004,Mechanical Keyboard,Electronics,C007,Tariq Hassan,Khulna,Khulna,Corporate,Rakib Islam,Direct Sales,8,54.12,0,0.0,432.96,374.0,58.96,Bank Transfer,Pending,3.6,Wrong Item
ORD-2450,2024-09-07,2024-09,Q3-2024,P011,Whiteboard,Stationery,C001,Ahmed Hossain,Corporate,Dhaka,Corporate,Dilnoza Haque,Direct Sales,5,26.21,0,0.0,131.05,106.25,24.8,Cash,Completed,,
ORD-1544,2024-09-08,2024-09,Q3-2024,P005,Monitor 27in,Electronics,C014,Parisa Begum,Corporate,Dhaka,Corporate,Arif Khan,Direct Sales,3,244.03,5,36.6,695.49,510.0,185.49,Card,Completed,,
ORD-2027,2024-09-08,2024-09,Q3-2024,P002,Wireless Mouse,Electronics,C010,Riya Sen,SMB,Barisal,SMB,Sabrina Noor,Reseller,4,13.47,0,0.0,53.88,40.8,13.08,Bank Transfer,Returned,2.6,
ORD-1003,2024-09-10,2024-09,Q3-2024,P005,Monitor 27in,Electronics,C013,Zahid Hasan,SMB,Sylhet,SMB,Dilnoza Haque,Online,2,233.78,10,46.76,420.8,340.0,80.8,Mobile Banking,Pending,3.4,
ORD-1299,2024-09-10,2024-09,Q3-2024,P010,Pen Pack,Stationery,C011,Imran Ali,Corporate,Dhaka,Corporate,Dilnoza Haque,Reseller,10,3.65,10,3.65,32.85,25.5,7.35,Mobile Banking,Completed,4.6,
ORD-2039,2024-09-10,2024-09,Q3-2024,P004,Mechanical Keyboard,Electronics,C012,Shapna Das,Individual,Mymensingh,Individual,Sabrina Noor,Direct Sales,12,64.09,15,115.36,653.72,561.0,92.72,Mobile Banking,Pending,3.7,
ORD-2399,2024-09-10,2024-09,Q3-2024,P010,Pen Pack,Stationery,C006,Sumaiya Akter,Individual,Dhaka,Individual,Dilnoza Haque,In-Store,8,3.68,0,0.0,29.44,20.4,9.04,Card,Completed,,
ORD-1136,2024-09-11,2024-09,Q3-2024,P006,Office Chair,Furniture,C014,Parisa Begum,Dhaka,Dhaka,Corporate,Arif Khan,Reseller,19,125.11,20,475.42,1901.67,2099.5,-197.83,Card,Pending,4.1,
ORD-2141,2024-09-11,2024-09,Q3-2024,P010,Pen Pack,Stationery,C001,Ahmed Hossain,Corporate,Dhaka,Corporate,Arif Khan,Reseller,15,3.3,20,9.9,39.6,38.25,1.35,Cash,Returned,3.2,
ORD-2482,2024-09-11,2024-09,Q3-2024,P013,Headset Pro,Electronics,C004,Nusrat Jahan,Dhaka,Dhaka,Corporate,Mohin Uddin,Direct Sales,8,78.42,0,0.0,627.36,476.0,151.36,Card,Returned,,
ORD-1304,2024-09-12,2024-09,Q3-2024,P015,Sticky Notes Bulk,Stationery,C006,Sumaiya Akter,Individual,Dhaka,Individual,Sabrina Noor,Reseller,17,7.29,5,6.2,117.73,86.7,31.03,Bank Transfer,Completed,3.6,
ORD-1548,2024-09-12,2024-09,Q3-2024,P001,Laptop Pro 15,Electronics,C014,Parisa Begum,Corporate,Dhaka,Corporate,Rakib Islam,Direct Sales,2,925.76,20,370.3,1481.22,1360.0,121.22,Mobile Banking,Completed,4.2,
ORD-1584,2024-09-12,2024-09,Q3-2024,P008,Desk Lamp,Furniture,C002,Farzana Islam,SMB,Chittagong,SMB,Sabrina Noor,Online,14,22.19,5,15.53,295.13,214.2,80.93,Cash,Completed,3.4,
ORD-1818,2024-09-14,2024-09,Q3-2024,P008,Desk Lamp,Furniture,C009,Nasim Chowdhury,Individual,Dhaka,Individual,Arif Khan,In-Store,14,17.69,0,0.0,247.66,214.2,33.46,Cash,Completed,3.9,
ORD-1924,2024-09-14,2024-09,Q3-2024,P011,Whiteboard,Stationery,C008,Mitu Begum,SMB,Chittagong,SMB,Mohin Uddin,Online,16,25.05,15,60.12,340.68,340.0,0.68,Cash,Completed,,Wrong Item
ORD-2468,2024-09-14,2024-09,Q3-2024,P012,Webcam HD,Electronics,C011,Imran Ali,Corporate,Dhaka,Corporate,Mohin Uddin,Direct Sales,6,38.81,10,23.29,209.57,204.0,5.57,Cash,Completed,3.6,
ORD-1082,2024-09-16,2024-09,Q3-2024,P004,Mechanical Keyboard,Electronics,C011,Imran Ali,Corporate,Dhaka,Corporate,Rakib Islam,Direct Sales,3,62.73,5,9.41,178.78,140.25,38.53,Cash,Completed,,
ORD-1108,2024-09-16,2024-09,Q3-2024,P003,USB-C Hub,Electronics,C006,Sumaiya Akter,Individual,Dhaka,Individual,Rakib Islam,Online,12,24.51,5,14.71,279.41,204.0,75.41,Mobile Banking,Completed,3.9,
ORD-2308,2024-09-16,2024-09,Q3-2024,P009,Notebook Set,Stationery,C009,Nasim Chowdhury,Individual,Dhaka,Individual,Mohin Uddin,Direct Sales,3,5.72,0,0.0,17.16,12.75,4.41,Cash,Returned,,Wrong Item
ORD-2381,2024-09-16,2024-09,Q3-2024,P007,Standing Desk,Furniture,C007,Tariq Hassan,Corporate,Khulna,Corporate,Dilnoza Haque,Online,18,225.41,0,0.0,4057.38,3366.0,691.38,Mobile Banking,Returned,2.9,
ORD-1422,2024-09-17,2024-09,Q3-2024,P011,Whiteboard,Stationery,C012,Shapna Das,Individual,Mymensingh,Individual,Dilnoza Haque,Reseller,20,28.04,10,56.08,504.72,425.0,79.72,Cash,Completed,3.3,Defective
ORD-1371,2024-09-19,2024-09,Q3-2024,P013,Headset Pro,Electronics,C012,Shapna Das,Individual,Mymensingh,Individual,Rakib Islam,Direct Sales,9,72.48,15,97.85,554.47,535.5,18.97,Card,Completed,,
ORD-2020,2024-09-19,2024-09,Q3-2024,P010,Pen Pack,Stationery,C002,Farzana Islam,SMB,Chittagong,SMB,Sabrina Noor,In-Store,2,3.53,0,0.0,7.06,5.1,1.96,Bank Transfer,Completed,3.5,
ORD-1186,2024-09-20,2024-09,Q3-2024,P010,Pen Pack,Stationery,C007,Tariq Hassan,Corporate,Khulna,Corporate,Dilnoza Haque,Direct Sales,11,2.88,0,0.0,31.68,28.05,3.63,Card,Completed,3.4,
ORD-2035,2024-09-20,2024-09,Q3-2024,P010,Pen Pack,Stationery,C002,Farzana Islam,SMB,Chittagong,SMB,Sabrina Noor,In-Store,11,3.75,5,2.06,39.19,28.05,11.14,Mobile Banking,Completed,4.6,Wrong Item
ORD-2256,2024-09-20,2024-09,Q3-2024,P009,Notebook Set,Stationery,C008,Mitu Begum,SMB,Chittagong,SMB,Mohin Uddin,In-Store,20,5.28,0,0.0,105.6,85.0,20.6,Card,Completed,,
ORD-2426,2024-09-20,2024-09,Q3-2024,P014,Filing Cabinet,Furniture,C015,Tanvir Ahmed,Individual,Rangpur,Individual,Mohin Uddin,Online,19,92.76,10,176.24,1586.2,1453.5,132.7,Mobile Banking,Pending,3.6,
ORD-1339,2024-09-21,2024-09,Q3-2024,P010,Pen Pack,Stationery,C001,Ahmed Hossain,Dhaka,Dhaka,Corporate,Sabrina Noor,Online,18,3.3,0,0.0,59.4,45.9,13.5,Bank Transfer,Pending,4.7,
ORD-2163,2024-09-21,2024-09,Q3-2024,P013,Headset Pro,Electronics,C007,Tariq Hassan,Corporate,Khulna,Corporate,Dilnoza Haque,Direct Sales,1,77.87,0,0.0,77.87,59.5,18.37,Mobile Banking,Completed,,
ORD-2326,2024-09-21,2024-09,Q3-2024,P015,Sticky Notes Bulk,Stationery,C002,Farzana Islam,SMB,Chittagong,SMB,Arif Khan,In-Store,3,7.16,5,1.07,20.41,15.3,5.11,Cash,Completed,,
ORD-1225,2024-09-22,2024-09,Q3-2024,P003,USB-C Hub,Electronics,C005,Kamal Pasha,SMB,Rajshahi,SMB,Sabrina Noor,Reseller,3,20.86,10,6.26,56.32,51.0,5.32,Bank Transfer,Pending,4.6,
ORD-1428,2024-09-22,2024-09,Q3-2024,P001,Laptop Pro 15,Electronics,C014,Parisa Begum,Corporate,Dhaka,Corporate,Dilnoza Haque,Direct Sales,6,806.56,20,967.87,3871.49,4080.0,-208.51,Cash,Completed,4.1,Changed Mind
ORD-1859,2024-09-22,2024-09,Q3-2024,P015,Sticky Notes Bulk,Stationery,C006,Sumaiya Akter,Individual,Dhaka,Individual,Sabrina Noor,In-Store,12,6.05,5,3.63,68.97,61.2,7.77,Cash,Pending,,
ORD-1412,2024-09-23,2024-09,Q3-2024,P008,Desk Lamp,Furniture,C012,Shapna Das,Individual,Mymensingh,Individual,Arif Khan,Direct Sales,11,21.78,0,0.0,239.58,168.3,71.28,Mobile Banking,Returned,4.4,
ORD-1786,2024-09-23,2024-09,Q3-2024,P015,Sticky Notes Bulk,Stationery,C007,Tariq Hassan,Corporate,Khulna,Corporate,Mohin Uddin,Online,4,6.59,20,5.27,21.09,20.4,0.69,Bank Transfer,Pending,2.6,
ORD-1936,2024-09-23,2024-09,Q3-2024,P008,Desk Lamp,Furniture,C010,Riya Sen,SMB,Barisal,SMB,Sabrina Noor,Reseller,19,20.85,15,59.42,336.73,290.7,46.03,Mobile Banking,Pending,4.2,
ORD-1102,2024-09-24,2024-09,Q3-2024,P008,Desk Lamp,Furniture,C014,Parisa Begum,Corporate,Dhaka,Corporate,Dilnoza Haque,Direct Sales,12,17.58,20,42.19,168.77,183.6,-14.83,Cash,Returned,4.4,
ORD-1593,2024-09-25,2024-09,Q3-2024,P011,Whiteboard,Stationery,C008,Mitu Begum,SMB,Chittagong,SMB,Sabrina Noor,Reseller,12,30.41,20,72.98,291.94,255.0,36.94,Cash,Completed,3.5,
ORD-1300,2024-09-26,2024-09,Q3-2024,P010,Pen Pack,Stationery,C008,Mitu Begum,Chittagong,Chittagong,SMB,Sabrina Noor,Online,12,3.49,0,0.0,41.88,30.6,11.28,Mobile Banking,Completed,4.9,
ORD-2355,2024-09-26,2024-09,Q3-2024,P001,Laptop Pro 15,Electronics,C008,Mitu Begum,SMB,Chittagong,SMB,Dilnoza Haque,In-Store,3,863.49,20,518.09,2072.38,2040.0,32.38,Card,Completed,3.8,Defective
ORD-1078,2024-09-27,2024-09,Q3-2024,P005,Monitor 27in,Electronics,C011,Imran Ali,Corporate,Dhaka,Corporate,Rakib Islam,Direct Sales,5,227.69,15,170.77,967.68,850.0,117.68,Cash,Pending,2.8,Changed Mind
ORD-1442,2024-09-27,2024-09,Q3-2024,P004,Mechanical Keyboard,Electronics,C009,Nasim Chowdhury,Dhaka,Dhaka,Individual,Sabrina Noor,Direct Sales,6,68.32,5,20.5,389.42,280.5,108.92,Bank Transfer,Pending,3.9,
ORD-2103,2024-09-27,2024-09,Q3-2024,P008,Desk Lamp,Furniture,C009,Nasim Chowdhury,Individual,Dhaka,Individual,Rakib Islam,In-Store,5,21.33,0,0.0,106.65,76.5,30.15,Card,Pending,3.2,
ORD-2451,2024-09-27,2024-09,Q3-2024,P006,Office Chair,Furniture,C015,Tanvir Ahmed,Individual,Rangpur,Individual,Arif Khan,In-Store,8,135.79,0,0.0,1086.32,884.0,202.32,Cash,Completed,3.0,Changed Mind
ORD-1529,2024-09-28,2024-09,Q3-2024,P010,Pen Pack,Stationery,C002,Farzana Islam,SMB,Chittagong,SMB,Dilnoza Haque,In-Store,3,3.44,10,1.03,9.29,7.65,1.64,Mobile Banking,Returned,3.2,
ORD-2032,2024-09-28,2024-09,Q3-2024,P008,Desk Lamp,Furniture,C011,Imran Ali,Corporate,Dhaka,Corporate,Dilnoza Haque,Reseller,6,21.19,0,0.0,127.14,91.8,35.34,Mobile Banking,Returned,4.4,Changed Mind
ORD-1143,2024-09-30,2024-09,Q3-2024,P011,Whiteboard,Stationery,C010,Riya Sen,SMB,Barisal,SMB,Rakib Islam,Reseller,4,24.71,0,0.0,98.84,85.0,13.84,Card,Completed,3.5,
ORD-1286,2024-09-30,2024-09,Q3-2024,P001,Laptop Pro 15,Electronics,C010,Riya Sen,SMB,Barisal,SMB,Arif Khan,Online,2,918.87,15,275.66,1562.08,1360.0,202.08,Bank Transfer,Returned,3.9,
ORD-1425,2024-09-30,2024-09,Q3-2024,P006,Office Chair,Furniture,C015,Tanvir Ahmed,Individual,Rangpur,Individual,Dilnoza Haque,Direct Sales,5,147.46,5,36.87,700.43,552.5,147.93,Card,Pending,3.2,
ORD-2072,2024-09-30,2024-09,Q3-2024,P007,Standing Desk,Furniture,C001,Ahmed Hossain,Corporate,Dhaka,Corporate,Dilnoza Haque,Direct Sales,7,223.33,10,156.33,1406.98,1309.0,97.98,Card,Returned,,
ORD-2159,2024-10-01,2024-10,Q4-2024,P012,Webcam HD,Electronics,C005,Kamal Pasha,SMB,Rajshahi,SMB,Mohin Uddin,Reseller,10,43.16,0,0.0,431.6,340.0,91.6,Mobile Banking,Completed,,
ORD-2280,2024-10-01,2024-10,Q4-2024,P010,Pen Pack,Stationery,C013,Zahid Hasan,SMB,Sylhet,SMB,Mohin Uddin,Direct Sales,13,3.63,15,7.08,40.11,33.15,6.96,Cash,Pending,3.8,
ORD-1619,2024-10-02,2024-10,Q4-2024,P005,Monitor 27in,Electronics,C013,Zahid Hasan,SMB,Sylhet,SMB,Arif Khan,Reseller,8,204.06,5,81.62,1550.86,1360.0,190.86,Bank Transfer,Pending,3.0,
ORD-1626,2024-10-02,2024-10,Q4-2024,P008,Desk Lamp,Furniture,C010,Riya Sen,SMB,Barisal,SMB,Dilnoza Haque,Reseller,4,17.56,0,0.0,70.24,61.2,9.04,Cash,Completed,,
ORD-1892,2024-10-03,2024-10,Q4-2024,P001,Laptop Pro 15,Electronics,C011,Imran Ali,Corporate,Dhaka,Corporate,Sabrina Noor,In-Store,1,819.02,10,81.9,737.12,680.0,57.12,Mobile Banking,Returned,,
ORD-2147,2024-10-03,2024-10,Q4-2024,P013,Headset Pro,Electronics,C007,Tariq Hassan,Corporate,Khulna,Corporate,Arif Khan,Direct Sales,12,86.19,20,206.86,827.42,714.0,113.42,Cash,Completed,2.6,
ORD-1137,2024-10-04,2024-10,Q4-2024,P009,Notebook Set,Stationery,C005,Kamal Pasha,SMB,Rajshahi,SMB,Dilnoza Haque,Reseller,10,5.47,20,10.94,43.76,42.5,1.26,Bank Transfer,Completed,2.9,
ORD-2240,2024-10-04,2024-10,Q4-2024,P010,Pen Pack,Stationery,C001,Ahmed Hossain,Corporate,Dhaka,Corporate,Arif Khan,In-Store,9,3.02,20,5.44,21.74,22.95,-1.21,Card,Completed,,
ORD-2310,2024-10-04,2024-10,Q4-2024,P011,Whiteboard,Stationery,C008,Mitu Begum,SMB,Chittagong,SMB,Sabrina Noor,Direct Sales,16,28.33,5,22.66,430.62,340.0,90.62,Bank Transfer,Completed,2.8,
ORD-1792,2024-10-05,2024-10,Q4-2024,P013,Headset Pro,Electronics,C010,Riya Sen,SMB,Barisal,SMB,Arif Khan,Direct Sales,5,67.08,15,50.31,285.09,297.5,-12.41,Cash,Completed,4.1,
ORD-2234,2024-10-05,2024-10,Q4-2024,P007,Standing Desk,Furniture,C011,Imran Ali,Dhaka,Dhaka,Corporate,Dilnoza Haque,In-Store,20,246.3,0,0.0,4926.0,3740.0,1186.0,Card,Completed,,
ORD-1639,2024-10-06,2024-10,Q4-2024,P013,Headset Pro,Electronics,C005,Kamal Pasha,SMB,Rajshahi,SMB,Sabrina Noor,Online,5,84.38,10,42.19,379.71,297.5,82.21,Bank Transfer,Pending,,
ORD-1737,2024-10-06,2024-10,Q4-2024,P012,Webcam HD,Electronics,C010,Riya Sen,SMB,Barisal,SMB,Sabrina Noor,Direct Sales,4,38.49,15,23.09,130.87,136.0,-5.13,Cash,Completed,4.0,
ORD-1073,2024-10-08,2024-10,Q4-2024,P011,Whiteboard,Stationery,C015,Tanvir Ahmed,Rangpur,Rangpur,Individual,Arif Khan,Online,10,31.23,15,46.84,265.46,212.5,52.96,Bank Transfer,Completed,4.8,
ORD-1328,2024-10-08,2024-10,Q4-2024,P001,Laptop Pro 15,Electronics,C014,Parisa Begum,Corporate,Dhaka,Corporate,Arif Khan,Reseller,19,898.94,20,3415.97,13663.89,12920.0,743.89,Bank Transfer,Completed,3.1,
ORD-2420,2024-10-08,2024-10,Q4-2024,P010,Pen Pack,Stationery,C011,Imran Ali,Corporate,Dhaka,Corporate,Dilnoza Haque,Online,18,3.68,15,9.94,56.3,45.9,10.4,Cash,Pending,,
ORD-1119,2024-10-09,2024-10,Q4-2024,P009,Notebook Set,Stationery,C010,Riya Sen,SMB,Barisal,SMB,Mohin Uddin,Reseller,8,5.83,0,0.0,46.64,34.0,12.64,Card,Pending,4.2,
ORD-1801,2024-10-09,2024-10,Q4-2024,P014,Filing Cabinet,Furniture,C002,Farzana Islam,SMB,Chittagong,SMB,Rakib Islam,Direct Sales,15,90.02,0,0.0,1350.3,1147.5,202.8,Mobile Banking,Pending,4.1,Changed Mind
ORD-2146,2024-10-10,2024-10,Q4-2024,P011,Whiteboard,Stationery,C009,Nasim Chowdhury,Individual,Dhaka,Individual,Sabrina Noor,Online,3,24.85,0,0.0,74.55,63.75,10.8,Bank Transfer,Pending,2.7,
ORD-1672,2024-10-11,2024-10,Q4-2024,P003,USB-C Hub,Electronics,C004,Nusrat Jahan,Corporate,Dhaka,Corporate,Sabrina Noor,In-Store,5,19.55,10,9.78,87.97,85.0,2.97,Cash,Returned,3.3,
ORD-1234,2024-10-13,2024-10,Q4-2024,P014,Filing Cabinet,Furniture,C012,Shapna Das,Individual,Mymensingh,Individual,Dilnoza Haque,Reseller,1,111.18,0,0.0,111.18,76.5,34.68,Cash,Completed,3.1,
ORD-1372,2024-10-14,2024-10,Q4-2024,P008,Desk Lamp,Furniture,C010,Riya Sen,SMB,Barisal,SMB,Rakib Islam,Online,15,18.57,10,27.86,250.69,229.5,21.19,Card,Completed,2.6,Changed Mind
ORD-1811,2024-10-14,2024-10,Q4-2024,P008,Desk Lamp,Furniture,C011,Imran Ali,Corporate,Dhaka,Corporate,Dilnoza Haque,Reseller,4,19.92,0,0.0,79.68,61.2,18.48,Mobile Banking,Returned,3.2,
ORD-1832,2024-10-14,2024-10,Q4-2024,P007,Standing Desk,Furniture,C007,Tariq Hassan,Corporate,Khulna,Corporate,Rakib Islam,Reseller,13,272.82,0,0.0,3546.66,2431.0,1115.66,Card,Pending,4.7,
ORD-2250,2024-10-14,2024-10,Q4-2024,P010,Pen Pack,Stationery,C002,Farzana Islam,SMB,Chittagong,SMB,Arif Khan,Direct Sales,3,3.47,5,0.52,9.89,7.65,2.24,Mobile Banking,Completed,4.4,
ORD-1951,2024-10-15,2024-10,Q4-2024,P013,Headset Pro,Electronics,C015,Tanvir Ahmed,Rangpur,Rangpur,Individual,Rakib Islam,Direct Sales,4,74.52,15,44.71,253.37,238.0,15.37,Bank Transfer,Completed,,
ORD-2025,2024-10-15,2024-10,Q4-2024,P002,Wireless Mouse,Electronics,C014,Parisa Begum,Corporate,Dhaka,Corporate,Rakib Islam,Reseller,9,14.43,15,19.48,110.39,91.8,18.59,Bank Transfer,Completed,2.7,
ORD-1000,2024-10-16,2024-10,Q4-2024,P002,Wireless Mouse,Electronics,C001,Ahmed Hossain,Corporate,Dhaka,Corporate,Mohin Uddin,Online,9,12.28,0,0.0,110.52,91.8,18.72,Bank Transfer,Completed,,
ORD-1386,2024-10-16,2024-10,Q4-2024,P001,Laptop Pro 15,Electronics,C006,Sumaiya Akter,Individual,Dhaka,Individual,Arif Khan,Reseller,18,938.43,5,844.59,16047.15,12240.0,3807.15,Cash,Completed,2.7,
ORD-1427,2024-10-17,2024-10,Q4-2024,P004,Mechanical Keyboard,Electronics,C012,Shapna Das,Individual,Mymensingh,Individual,Mohin Uddin,Reseller,10,56.45,0,0.0,564.5,467.5,97.0,Cash,Completed,3.4,
ORD-2178,2024-10-17,2024-10,Q4-2024,P015,Sticky Notes Bulk,Stationery,C002,Farzana Islam,SMB,Chittagong,SMB,Dilnoza Haque,Direct Sales,10,6.37,0,0.0,63.7,51.0,12.7,Cash,Pending,4.6,
ORD-1916,2024-10-18,2024-10,Q4-2024,P011,Whiteboard,Stationery,C004,Nusrat Jahan,Corporate,Dhaka,Corporate,Rakib Islam,In-Store,3,28.19,0,0.0,84.57,63.75,20.82,Mobile Banking,Pending,,
ORD-2409,2024-10-18,2024-10,Q4-2024,P011,Whiteboard,Stationery,C012,Shapna Das,Individual,Mymensingh,Individual,Mohin Uddin,Direct Sales,6,27.42,0,0.0,164.52,127.5,37.02,Card,Completed,3.4,
ORD-1851,2024-10-19,2024-10,Q4-2024,P009,Notebook Set,Stationery,C008,Mitu Begum,SMB,Chittagong,SMB,Mohin Uddin,Reseller,7,6.0,10,4.2,37.8,29.75,8.05,Mobile Banking,Pending,4.6,
ORD-2231,2024-10-19,2024-10,Q4-2024,P015,Sticky Notes Bulk,Stationery,C003,Rahim Uddin,Individual,Sylhet,Individual,Arif Khan,Reseller,4,6.18,0,0.0,24.72,20.4,4.32,Mobile Banking,Returned,,
ORD-1734,2024-10-21,2024-10,Q4-2024,P001,Laptop Pro 15,Electronics,C005,Kamal Pasha,SMB,Rajshahi,SMB,Dilnoza Haque,In-Store,4,824.62,0,0.0,3298.48,2720.0,578.48,Mobile Banking,Completed,,
ORD-1128,2024-10-22,2024-10,Q4-2024,P006,Office Chair,Furniture,C006,Sumaiya Akter,Individual,Dhaka,Individual,Dilnoza Haque,Reseller,13,160.53,0,0.0,2086.89,1436.5,650.39,Mobile Banking,Returned,3.9,
ORD-1640,2024-10-22,2024-10,Q4-2024,P013,Headset Pro,Electronics,C009,Nasim Chowdhury,Individual,Dhaka,Individual,Rakib Islam,Direct Sales,12,76.97,5,46.18,877.46,714.0,163.46,Bank Transfer,Returned,3.5,Defective
ORD-1706,2024-10-22,2024-10,Q4-2024,P012,Webcam HD,Electronics,C007,Tariq Hassan,Corporate,Khulna,Corporate,Mohin Uddin,In-Store,10,44.86,0,0.0,448.6,340.0,108.6,Bank Transfer,Completed,4.5,
ORD-1309,2024-10-24,2024-10,Q4-2024,P009,Notebook Set,Stationery,C007,Tariq Hassan,Corporate,Khulna,Corporate,Rakib Islam,Online,8,5.52,20,8.83,35.33,34.0,1.33,Bank Transfer,Returned,4.5,
ORD-1318,2024-10-24,2024-10,Q4-2024,P014,Filing Cabinet,Furniture,C002,Farzana Islam,SMB,Chittagong,SMB,Arif Khan,Online,5,86.14,15,64.61,366.09,382.5,-16.41,Cash,Completed,3.9,
ORD-1502,2024-10-24,2024-10,Q4-2024,P012,Webcam HD,Electronics,C005,Kamal Pasha,SMB,Rajshahi,SMB,Mohin Uddin,In-Store,16,48.75,20,156.0,624.0,544.0,80.0,Bank Transfer,Completed,4.3,Wrong Item
ORD-1588,2024-10-24,2024-10,Q4-2024,P006,Office Chair,Furniture,C006,Sumaiya Akter,Individual,Dhaka,Individual,Dilnoza Haque,Online,5,128.3,0,0.0,641.5,552.5,89.0,Card,Returned,3.8,
ORD-1322,2024-10-25,2024-10,Q4-2024,P006,Office Chair,Furniture,C001,Ahmed Hossain,Corporate,Dhaka,Corporate,Arif Khan,Direct Sales,18,157.62,0,0.0,2837.16,1989.0,848.16,Cash,Completed,4.4,
ORD-2377,2024-10-25,2024-10,Q4-2024,P011,Whiteboard,Stationery,C002,Farzana Islam,SMB,Chittagong,SMB,Mohin Uddin,Reseller,6,27.58,5,8.27,157.21,127.5,29.71,Card,Pending,3.9,
ORD-1217,2024-10-26,2024-10,Q4-2024,P003,USB-C Hub,Electronics,C001,Ahmed Hossain,Corporate,Dhaka,Corporate,Sabrina Noor,Direct Sales,13,22.75,15,44.36,251.39,221.0,30.39,Cash,Completed,,
ORD-1553,2024-10-26,2024-10,Q4-2024,P013,Headset Pro,Electronics,C003,Rahim Uddin,Individual,Sylhet,Individual,Dilnoza Haque,Direct Sales,20,80.9,20,323.6,1294.4,1190.0,104.4,Card,Completed,,
ORD-2417,2024-10-26,2024-10,Q4-2024,P004,Mechanical Keyboard,Electronics,C010,Riya Sen,SMB,Barisal,SMB,Arif Khan,In-Store,15,54.94,0,0.0,824.1,701.25,122.85,Cash,Pending,3.5,
ORD-1182,2024-10-27,2024-10,Q4-2024,P013,Headset Pro,Electronics,C001,Ahmed Hossain,Corporate,Dhaka,Corporate,Arif Khan,Online,3,75.01,5,11.25,213.78,178.5,35.28,Card,Completed,3.6,
ORD-1837,2024-10-27,2024-10,Q4-2024,P002,Wireless Mouse,Electronics,C006,Sumaiya Akter,Individual,Dhaka,Individual,Rakib Islam,Online,20,11.75,0,0.0,235.0,204.0,31.0,Cash,Pending,4.3,
ORD-2246,2024-10-27,2024-10,Q4-2024,P010,Pen Pack,Stationery,C012,Shapna Das,Individual,Mymensingh,Individual,Sabrina Noor,In-Store,5,2.9,0,0.0,14.5,12.75,1.75,Card,Completed,4.0,Wrong Item
ORD-2496,2024-10-28,2024-10,Q4-2024,P015,Sticky Notes Bulk,Stationery,C011,Imran Ali,Corporate,Dhaka,Corporate,Sabrina Noor,Online,16,5.79,5,4.63,88.01,81.6,6.41,Bank Transfer,Completed,4.6,
ORD-2003,2024-10-29,2024-10,Q4-2024,P005,Monitor 27in,Electronics,C004,Nusrat Jahan,Corporate,Dhaka,Corporate,Dilnoza Haque,Online,3,229.03,20,137.42,549.67,510.0,39.67,Mobile Banking,Completed,,
ORD-2105,2024-10-29,2024-10,Q4-2024,P011,Whiteboard,Stationery,C013,Zahid Hasan,SMB,Sylhet,SMB,Sabrina Noor,Direct Sales,14,24.34,5,17.04,323.72,297.5,26.22,Bank Transfer,Pending,,
ORD-1952,2024-10-30,2024-10,Q4-2024,P012,Webcam HD,Electronics,C015,Tanvir Ahmed,Individual,Rangpur,Individual,Sabrina Noor,Reseller,3,48.04,5,7.21,136.91,102.0,34.91,Mobile Banking,Pending,4.6,
ORD-2338,2024-10-30,2024-10,Q4-2024,P006,Office Chair,Furniture,C012,Shapna Das,Individual,Mymensingh,Individual,Sabrina Noor,Reseller,8,154.28,20,246.85,987.39,884.0,103.39,Mobile Banking,Completed,3.7,
ORD-1209,2024-10-31,2024-10,Q4-2024,P013,Headset Pro,Electronics,C004,Nusrat Jahan,Corporate,Dhaka,Corporate,Rakib Islam,Online,10,84.87,0,0.0,848.7,595.0,253.7,Bank Transfer,Completed,3.1,
ORD-1694,2024-10-31,2024-10,Q4-2024,P011,Whiteboard,Stationery,C013,Zahid Hasan,SMB,Sylhet,SMB,Sabrina Noor,Reseller,18,31.0,5,27.9,530.1,382.5,147.6,Cash,Completed,,
ORD-2120,2024-10-31,2024-10,Q4-2024,P001,Laptop Pro 15,Electronics,C005,Kamal Pasha,SMB,Rajshahi,SMB,Dilnoza Haque,In-Store,2,975.65,0,0.0,1951.3,1360.0,591.3,Cash,Completed,4.8,
ORD-2352,2024-11-01,2024-11,Q4-2024,P001,Laptop Pro 15,Electronics,C013,Zahid Hasan,SMB,Sylhet,SMB,Sabrina Noor,Direct Sales,7,931.76,10,652.23,5870.09,4760.0,1110.09,Cash,Completed,3.6,
ORD-1455,2024-11-03,2024-11,Q4-2024,P005,Monitor 27in,Electronics,C013,Zahid Hasan,Sylhet,Sylhet,SMB,Mohin Uddin,Online,20,191.64,5,191.64,3641.16,3400.0,241.16,Mobile Banking,Completed,,
ORD-2082,2024-11-03,2024-11,Q4-2024,P008,Desk Lamp,Furniture,C011,Imran Ali,Corporate,Dhaka,Corporate,Mohin Uddin,Online,3,18.9,0,0.0,56.7,45.9,10.8,Cash,Completed,4.8,
ORD-1227,2024-11-04,2024-11,Q4-2024,P012,Webcam HD,Electronics,C003,Rahim Uddin,Individual,Sylhet,Individual,Sabrina Noor,Direct Sales,4,38.15,0,0.0,152.6,136.0,16.6,Mobile Banking,Pending,4.6,
ORD-2485,2024-11-04,2024-11,Q4-2024,P010,Pen Pack,Stationery,C010,Riya Sen,SMB,Barisal,SMB,Sabrina Noor,In-Store,13,3.09,0,0.0,40.17,33.15,7.02,Mobile Banking,Returned,3.0,
ORD-1089,2024-11-05,2024-11,Q4-2024,P009,Notebook Set,Stationery,C005,Kamal Pasha,Rajshahi,Rajshahi,SMB,Dilnoza Haque,Direct Sales,15,5.72,0,0.0,85.8,63.75,22.05,Bank Transfer,Completed,4.8,
ORD-1656,2024-11-05,2024-11,Q4-2024,P003,USB-C Hub,Electronics,C012,Shapna Das,Individual,Mymensingh,Individual,Sabrina Noor,In-Store,19,19.57,15,55.77,316.06,323.0,-6.94,Mobile Banking,Pending,4.8,
ORD-1845,2024-11-05,2024-11,Q4-2024,P005,Monitor 27in,Electronics,C015,Tanvir Ahmed,Individual,Rangpur,Individual,Dilnoza Haque,Direct Sales,13,194.09,20,504.63,2018.54,2210.0,-191.46,Card,Pending,3.8,
ORD-1934,2024-11-05,2024-11,Q4-2024,P011,Whiteboard,Stationery,C003,Rahim Uddin,Individual,Sylhet,Individual,Mohin Uddin,Direct Sales,16,24.8,10,39.68,357.12,340.0,17.12,Cash,Completed,4.1,Defective
ORD-2050,2024-11-05,2024-11,Q4-2024,P009,Notebook Set,Stationery,C014,Parisa Begum,Corporate,Dhaka,Corporate,Arif Khan,Reseller,13,5.93,0,0.0,77.09,55.25,21.84,Card,Completed,,
ORD-2199,2024-11-05,2024-11,Q4-2024,P006,Office Chair,Furniture,C015,Tanvir Ahmed,Rangpur,Rangpur,Individual,Sabrina Noor,Reseller,19,157.36,0,0.0,2989.84,2099.5,890.34,Bank Transfer,Completed,5.0,
ORD-2499,2024-11-05,2024-11,Q4-2024,P001,Laptop Pro 15,Electronics,C001,Ahmed Hossain,Corporate,Dhaka,Corporate,Sabrina Noor,In-Store,1,980.99,5,49.05,931.94,680.0,251.94,Cash,Completed,,
ORD-1069,2024-11-06,2024-11,Q4-2024,P008,Desk Lamp,Furniture,C014,Parisa Begum,Corporate,Dhaka,Corporate,Mohin Uddin,Direct Sales,5,19.51,5,4.88,92.67,76.5,16.17,Bank Transfer,Completed,5.0,
ORD-1344,2024-11-06,2024-11,Q4-2024,P002,Wireless Mouse,Electronics,C012,Shapna Das,Individual,Mymensingh,Individual,Arif Khan,In-Store,8,13.01,15,15.61,88.47,81.6,6.87,Bank Transfer,Completed,4.0,
ORD-1531,2024-11-06,2024-11,Q4-2024,P014,Filing Cabinet,Furniture,C013,Zahid Hasan,SMB,Sylhet,SMB,Sabrina Noor,Reseller,10,109.39,0,0.0,1093.9,765.0,328.9,Bank Transfer,Returned,3.9,
ORD-1662,2024-11-06,2024-11,Q4-2024,P015,Sticky Notes Bulk,Stationery,C002,Farzana Islam,Chittagong,Chittagong,SMB,Arif Khan,Online,13,6.94,5,4.51,85.71,66.3,19.41,Bank Transfer,Completed,3.4,
ORD-2010,2024-11-06,2024-11,Q4-2024,P002,Wireless Mouse,Electronics,C012,Shapna Das,Individual,Mymensingh,Individual,Arif Khan,In-Store,4,13.98,0,0.0,55.92,40.8,15.12,Card,Completed,,
ORD-2373,2024-11-06,2024-11,Q4-2024,P001,Laptop Pro 15,Electronics,C011,Imran Ali,Corporate,Dhaka,Corporate,Arif Khan,In-Store,9,782.82,10,704.54,6340.84,6120.0,220.84,Mobile Banking,Pending,4.0,
ORD-1735,2024-11-07,2024-11,Q4-2024,P012,Webcam HD,Electronics,C006,Sumaiya Akter,Individual,Dhaka,Individual,Arif Khan,Direct Sales,7,41.42,0,0.0,289.94,238.0,51.94,Card,Completed,3.4,
ORD-2151,2024-11-07,2024-11,Q4-2024,P013,Headset Pro,Electronics,C010,Riya Sen,SMB,Barisal,SMB,Rakib Islam,Online,5,76.36,0,0.0,381.8,297.5,84.3,Mobile Banking,Completed,4.7,
ORD-1574,2024-11-08,2024-11,Q4-2024,P008,Desk Lamp,Furniture,C003,Rahim Uddin,Sylhet,Sylhet,Individual,Rakib Islam,Reseller,6,21.65,0,0.0,129.9,91.8,38.1,Bank Transfer,Returned,3.2,Wrong Item
ORD-1816,2024-11-08,2024-11,Q4-2024,P009,Notebook Set,Stationery,C008,Mitu Begum,Chittagong,Chittagong,SMB,Dilnoza Haque,In-Store,12,5.15,10,6.18,55.62,51.0,4.62,Card,Returned,3.8,
ORD-1443,2024-11-09,2024-11,Q4-2024,P011,Whiteboard,Stationery,C002,Farzana Islam,SMB,Chittagong,SMB,Dilnoza Haque,Reseller,19,30.03,0,0.0,570.57,403.75,166.82,Cash,Returned,,Defective
ORD-1033,2024-11-10,2024-11,Q4-2024,P014,Filing Cabinet,Furniture,C002,Farzana Islam,SMB,Chittagong,SMB,Dilnoza Haque,Reseller,10,99.19,15,148.78,843.12,765.0,78.12,Card,Completed,4.9,
ORD-1671,2024-11-11,2024-11,Q4-2024,P004,Mechanical Keyboard,Electronics,C013,Zahid Hasan,SMB,Sylhet,SMB,Sabrina Noor,Direct Sales,8,62.28,5,24.91,473.33,374.0,99.33,Cash,Completed,2.7,
ORD-2192,2024-11-13,2024-11,Q4-2024,P010,Pen Pack,Stationery,C002,Farzana Islam,SMB,Chittagong,SMB,Arif Khan,Online,2,3.0,0,0.0,6.0,5.1,0.9,Cash,Pending,,Wrong Item
ORD-1473,2024-11-14,2024-11,Q4-2024,P009,Notebook Set,Stationery,C008,Mitu Begum,SMB,Chittagong,SMB,Arif Khan,Online,18,4.97,10,8.95,80.51,76.5,4.01,Card,Returned,3.7,Defective
ORD-2153,2024-11-16,2024-11,Q4-2024,P011,Whiteboard,Stationery,C004,Nusrat Jahan,Corporate,Dhaka,Corporate,Rakib Islam,In-Store,20,30.43,0,0.0,608.6,425.0,183.6,Mobile Banking,Pending,3.0,
ORD-1127,2024-11-18,2024-11,Q4-2024,P011,Whiteboard,Stationery,C007,Tariq Hassan,Corporate,Khulna,Corporate,Arif Khan,In-Store,12,27.6,15,49.68,281.52,255.0,26.52,Bank Transfer,Completed,,
ORD-1277,2024-11-18,2024-11,Q4-2024,P006,Office Chair,Furniture,C009,Nasim Chowdhury,Individual,Dhaka,Individual,Mohin Uddin,In-Store,10,156.47,20,312.94,1251.76,1105.0,146.76,Mobile Banking,Completed,4.4,
ORD-1398,2024-11-18,2024-11,Q4-2024,P007,Standing Desk,Furniture,C007,Tariq Hassan,Corporate,Khulna,Corporate,Arif Khan,Reseller,12,231.99,0,0.0,2783.88,2244.0,539.88,Card,Completed,5.0,
ORD-1163,2024-11-19,2024-11,Q4-2024,P013,Headset Pro,Electronics,C005,Kamal Pasha,Rajshahi,Rajshahi,SMB,Sabrina Noor,Online,1,74.81,20,14.96,59.85,59.5,0.35,Cash,Returned,2.7,Defective
ORD-1306,2024-11-19,2024-11,Q4-2024,P003,USB-C Hub,Electronics,C012,Shapna Das,Individual,Mymensingh,Individual,Arif Khan,Reseller,6,22.02,15,19.82,112.3,102.0,10.3,Bank Transfer,Pending,4.2,
ORD-1597,2024-11-19,2024-11,Q4-2024,P003,USB-C Hub,Electronics,C012,Shapna Das,Individual,Mymensingh,Individual,Mohin Uddin,In-Store,13,22.12,0,0.0,287.56,221.0,66.56,Mobile Banking,Returned,,
ORD-1166,2024-11-20,2024-11,Q4-2024,P012,Webcam HD,Electronics,C009,Nasim Chowdhury,Individual,Dhaka,Individual,Dilnoza Haque,Reseller,14,44.38,20,124.26,497.06,476.0,21.06,Card,Completed,,Defective
ORD-1583,2024-11-20,2024-11,Q4-2024,P011,Whiteboard,Stationery,C012,Shapna Das,Individual,Mymensingh,Individual,Sabrina Noor,In-Store,12,29.72,20,71.33,285.31,255.0,30.31,Mobile Banking,Completed,2.8,
ORD-1622,2024-11-20,2024-11,Q4-2024,P011,Whiteboard,Stationery,C001,Ahmed Hossain,Corporate,Dhaka,Corporate,Mohin Uddin,Direct Sales,11,26.99,5,14.84,282.05,233.75,48.3,Bank Transfer,Completed,2.6,
ORD-1098,2024-11-21,2024-11,Q4-2024,P002,Wireless Mouse,Electronics,C005,Kamal Pasha,SMB,Rajshahi,SMB,Dilnoza Haque,Reseller,15,13.78,5,10.34,196.36,153.0,43.36,Card,Pending,,
ORD-1492,2024-11-21,2024-11,Q4-2024,P006,Office Chair,Furniture,C015,Tanvir Ahmed,Individual,Rangpur,Individual,Arif Khan,Reseller,2,127.83,0,0.0,255.66,221.0,34.66,Mobile Banking,Completed,4.3,
ORD-1525,2024-11-21,2024-11,Q4-2024,P008,Desk Lamp,Furniture,C011,Imran Ali,Corporate,Dhaka,Corporate,Arif Khan,Online,4,19.24,10,7.7,69.26,61.2,8.06,Card,Returned,4.0,
ORD-1782,2024-11-21,2024-11,Q4-2024,P007,Standing Desk,Furniture,C005,Kamal Pasha,SMB,Rajshahi,SMB,Sabrina Noor,Direct Sales,17,256.67,5,218.17,4145.22,3179.0,966.22,Cash,Completed,4.9,
ORD-1035,2024-11-22,2024-11,Q4-2024,P004,Mechanical Keyboard,Electronics,C009,Nasim Chowdhury,Individual,Dhaka,Individual,Arif Khan,Reseller,16,65.35,20,209.12,836.48,748.0,88.48,Mobile Banking,Completed,4.4,
ORD-2423,2024-11-23,2024-11,Q4-2024,P013,Headset Pro,Electronics,C002,Farzana Islam,SMB,Chittagong,SMB,Arif Khan,Direct Sales,2,66.58,15,19.97,113.19,119.0,-5.81,Bank Transfer,Completed,,
ORD-1966,2024-11-24,2024-11,Q4-2024,P007,Standing Desk,Furniture,C014,Parisa Begum,Corporate,Dhaka,Corporate,Dilnoza Haque,Reseller,17,274.71,20,934.01,3736.06,3179.0,557.06,Cash,Pending,3.8,
ORD-1295,2024-11-25,2024-11,Q4-2024,P009,Notebook Set,Stationery,C013,Zahid Hasan,SMB,Sylhet,SMB,Rakib Islam,Online,19,5.84,0,0.0,110.96,80.75,30.21,Bank Transfer,Completed,4.2,
ORD-1503,2024-11-25,2024-11,Q4-2024,P009,Notebook Set,Stationery,C002,Farzana Islam,SMB,Chittagong,SMB,Dilnoza Haque,Reseller,10,4.79,10,4.79,43.11,42.5,0.61,Cash,Completed,,
ORD-1667,2024-11-25,2024-11,Q4-2024,P015,Sticky Notes Bulk,Stationery,C013,Zahid Hasan,SMB,Sylhet,SMB,Rakib Islam,Direct Sales,5,6.3,15,4.72,26.78,25.5,1.28,Cash,Completed,,
ORD-1700,2024-11-25,2024-11,Q4-2024,P008,Desk Lamp,Furniture,C006,Sumaiya Akter,Individual,Dhaka,Individual,Rakib Islam,In-Store,13,19.21,10,24.97,224.76,198.9,25.86,Bank Transfer,Completed,,
ORD-1981,2024-11-25,2024-11,Q4-2024,P009,Notebook Set,Stationery,C009,Nasim Chowdhury,Individual,Dhaka,Individual,Sabrina Noor,Direct Sales,10,5.69,0,0.0,56.9,42.5,14.4,Cash,Completed,3.8,
ORD-1446,2024-11-26,2024-11,Q4-2024,P005,Monitor 27in,Electronics,C015,Tanvir Ahmed,Individual,Rangpur,Individual,Mohin Uddin,Online,14,233.07,0,0.0,3262.98,2380.0,882.98,Bank Transfer,Completed,2.7,Defective
ORD-1723,2024-11-26,2024-11,Q4-2024,P004,Mechanical Keyboard,Electronics,C014,Parisa Begum,Corporate,Dhaka,Corporate,Rakib Islam,Direct Sales,18,66.29,20,238.64,954.58,841.5,113.08,Mobile Banking,Completed,4.3,
ORD-2484,2024-11-26,2024-11,Q4-2024,P009,Notebook Set,Stationery,C014,Parisa Begum,Corporate,Dhaka,Corporate,Dilnoza Haque,Online,17,5.7,0,0.0,96.9,72.25,24.65,Bank Transfer,Completed,4.3,Defective
ORD-1131,2024-11-29,2024-11,Q4-2024,P014,Filing Cabinet,Furniture,C006,Sumaiya Akter,Individual,Dhaka,Individual,Rakib Islam,In-Store,12,104.66,10,125.59,1130.33,918.0,212.33,Card,Completed,2.8,
ORD-1165,2024-11-30,2024-11,Q4-2024,P011,Whiteboard,Stationery,C014,Parisa Begum,Corporate,Dhaka,Corporate,Sabrina Noor,Direct Sales,18,24.75,20,89.1,356.4,382.5,-26.1,Card,Completed,4.4,
ORD-2048,2024-11-30,2024-11,Q4-2024,P015,Sticky Notes Bulk,Stationery,C003,Rahim Uddin,Individual,Sylhet,Individual,Sabrina Noor,In-Store,20,6.37,0,0.0,127.4,102.0,25.4,Bank Transfer,Completed,4.8,Defective
ORD-2393,2024-11-30,2024-11,Q4-2024,P012,Webcam HD,Electronics,C001,Ahmed Hossain,Corporate,Dhaka,Corporate,Mohin Uddin,Direct Sales,8,47.99,10,38.39,345.53,272.0,73.53,Card,Returned,3.5,
ORD-1294,2024-12-01,2024-12,Q4-2024,P015,Sticky Notes Bulk,Stationery,C014,Parisa Begum,Corporate,Dhaka,Corporate,Dilnoza Haque,Direct Sales,5,6.57,5,1.64,31.21,25.5,5.71,Cash,Completed,3.3,
ORD-1453,2024-12-01,2024-12,Q4-2024,P011,Whiteboard,Stationery,C009,Nasim Chowdhury,Individual,Dhaka,Individual,Mohin Uddin,Online,19,26.09,0,0.0,495.71,403.75,91.96,Bank Transfer,Returned,3.7,
ORD-1963,2024-12-01,2024-12,Q4-2024,P002,Wireless Mouse,Electronics,C006,Sumaiya Akter,Individual,Dhaka,Individual,Mohin Uddin,In-Store,1,14.07,20,2.81,11.26,10.2,1.06,Card,Returned,4.7,
ORD-1122,2024-12-02,2024-12,Q4-2024,P008,Desk Lamp,Furniture,C012,Shapna Das,Individual,Mymensingh,Individual,Dilnoza Haque,Online,16,20.51,20,65.63,262.53,244.8,17.73,Mobile Banking,Completed,,
ORD-1177,2024-12-02,2024-12,Q4-2024,P006,Office Chair,Furniture,C005,Kamal Pasha,SMB,Rajshahi,SMB,Dilnoza Haque,In-Store,16,161.19,15,386.86,2192.18,1768.0,424.18,Mobile Banking,Completed,,
ORD-1481,2024-12-02,2024-12,Q4-2024,P014,Filing Cabinet,Furniture,C015,Tanvir Ahmed,Individual,Rangpur,Individual,Arif Khan,Online,16,98.93,0,0.0,1582.88,1224.0,358.88,Mobile Banking,Completed,3.1,
ORD-1514,2024-12-02,2024-12,Q4-2024,P012,Webcam HD,Electronics,C012,Shapna Das,Individual,Mymensingh,Individual,Sabrina Noor,Online,12,39.15,10,46.98,422.82,408.0,14.82,Card,Pending,4.4,
ORD-1541,2024-12-02,2024-12,Q4-2024,P013,Headset Pro,Electronics,C005,Kamal Pasha,SMB,Rajshahi,SMB,Arif Khan,In-Store,14,75.12,20,210.34,841.34,833.0,8.34,Bank Transfer,Completed,4.1,
ORD-1356,2024-12-03,2024-12,Q4-2024,P013,Headset Pro,Electronics,C003,Rahim Uddin,Individual,Sylhet,Individual,Rakib Islam,Online,15,87.01,15,195.77,1109.38,892.5,216.88,Cash,Completed,2.8,
ORD-1815,2024-12-03,2024-12,Q4-2024,P005,Monitor 27in,Electronics,C014,Parisa Begum,Corporate,Dhaka,Corporate,Arif Khan,Online,19,228.9,0,0.0,4349.1,3230.0,1119.1,Card,Completed,3.0,
ORD-1410,2024-12-04,2024-12,Q4-2024,P001,Laptop Pro 15,Electronics,C006,Sumaiya Akter,Individual,Dhaka,Individual,Mohin Uddin,Direct Sales,3,925.15,5,138.77,2636.68,2040.0,596.68,Mobile Banking,Completed,3.7,
ORD-1524,2024-12-04,2024-12,Q4-2024,P014,Filing Cabinet,Furniture,C008,Mitu Begum,SMB,Chittagong,SMB,Dilnoza Haque,In-Store,8,100.46,0,0.0,803.68,612.0,191.68,Cash,Returned,3.4,
ORD-1752,2024-12-04,2024-12,Q4-2024,P015,Sticky Notes Bulk,Stationery,C012,Shapna Das,Individual,Mymensingh,Individual,Rakib Islam,Reseller,4,6.59,0,0.0,26.36,20.4,5.96,Cash,Pending,3.4,Defective
ORD-2301,2024-12-04,2024-12,Q4-2024,P010,Pen Pack,Stationery,C008,Mitu Begum,SMB,Chittagong,SMB,Mohin Uddin,In-Store,8,3.53,20,5.65,22.59,20.4,2.19,Cash,Pending,,
ORD-2347,2024-12-04,2024-12,Q4-2024,P015,Sticky Notes Bulk,Stationery,C012,Shapna Das,Individual,Mymensingh,Individual,Arif Khan,Online,15,6.44,20,19.32,77.28,76.5,0.78,Cash,Completed,,
ORD-1146,2024-12-05,2024-12,Q4-2024,P011,Whiteboard,Stationery,C001,Ahmed Hossain,Corporate,Dhaka,Corporate,Mohin Uddin,In-Store,20,27.31,15,81.93,464.27,425.0,39.27,Cash,Pending,3.8,
ORD-1809,2024-12-05,2024-12,Q4-2024,P012,Webcam HD,Electronics,C007,Tariq Hassan,Corporate,Khulna,Corporate,Rakib Islam,Online,8,40.04,0,0.0,320.32,272.0,48.32,Cash,Completed,2.6,
ORD-1902,2024-12-05,2024-12,Q4-2024,P004,Mechanical Keyboard,Electronics,C001,Ahmed Hossain,Corporate,Dhaka,Corporate,Dilnoza Haque,In-Store,9,64.62,20,116.32,465.26,420.75,44.51,Mobile Banking,Completed,,
ORD-1054,2024-12-07,2024-12,Q4-2024,P003,USB-C Hub,Electronics,C004,Nusrat Jahan,Corporate,Dhaka,Corporate,Mohin Uddin,Reseller,7,23.43,0,0.0,164.01,119.0,45.01,Cash,Completed,3.4,
ORD-1391,2024-12-07,2024-12,Q4-2024,P014,Filing Cabinet,Furniture,C005,Kamal Pasha,SMB,Rajshahi,SMB,Sabrina Noor,Online,18,99.3,10,178.74,1608.66,1377.0,231.66,Cash,Returned,2.8,
ORD-1393,2024-12-07,2024-12,Q4-2024,P012,Webcam HD,Electronics,C010,Riya Sen,Barisal,Barisal,SMB,Mohin Uddin,Direct Sales,4,45.14,0,0.0,180.56,136.0,44.56,Cash,Completed,3.3,
ORD-1624,2024-12-07,2024-12,Q4-2024,P007,Standing Desk,Furniture,C002,Farzana Islam,SMB,Chittagong,SMB,Arif Khan,Online,8,221.99,0,0.0,1775.92,1496.0,279.92,Bank Transfer,Returned,4.0,
ORD-2233,2024-12-07,2024-12,Q4-2024,P013,Headset Pro,Electronics,C009,Nasim Chowdhury,Individual,Dhaka,Individual,Sabrina Noor,Online,14,78.43,0,0.0,1098.02,833.0,265.02,Mobile Banking,Returned,4.5,
ORD-1452,2024-12-08,2024-12,Q4-2024,P002,Wireless Mouse,Electronics,C003,Rahim Uddin,Individual,Sylhet,Individual,Dilnoza Haque,Online,17,14.94,20,50.8,203.18,173.4,29.78,Cash,Completed,4.4,Defective
ORD-1072,2024-12-10,2024-12,Q4-2024,P007,Standing Desk,Furniture,C011,Imran Ali,Corporate,Dhaka,Corporate,Mohin Uddin,Direct Sales,3,265.22,20,159.13,636.53,561.0,75.53,Mobile Banking,Returned,2.6,
ORD-1159,2024-12-10,2024-12,Q4-2024,P004,Mechanical Keyboard,Electronics,C001,Ahmed Hossain,Corporate,Dhaka,Corporate,Mohin Uddin,Reseller,4,59.93,0,0.0,239.72,187.0,52.72,Cash,Completed,3.1,
ORD-1489,2024-12-10,2024-12,Q4-2024,P012,Webcam HD,Electronics,C007,Tariq Hassan,Corporate,Khulna,Corporate,Arif Khan,Online,7,39.59,0,0.0,277.13,238.0,39.13,Bank Transfer,Completed,,
ORD-1559,2024-12-10,2024-12,Q4-2024,P007,Standing Desk,Furniture,C011,Imran Ali,Corporate,Dhaka,Corporate,Mohin Uddin,Reseller,7,256.08,15,268.88,1523.68,1309.0,214.68,Cash,Completed,2.6,
ORD-1996,2024-12-10,2024-12,Q4-2024,P012,Webcam HD,Electronics,C014,Parisa Begum,Corporate,Dhaka,Corporate,Arif Khan,Direct Sales,14,48.67,5,34.07,647.31,476.0,171.31,Cash,Completed,3.6,
ORD-2131,2024-12-11,2024-12,Q4-2024,P015,Sticky Notes Bulk,Stationery,C013,Zahid Hasan,SMB,Sylhet,SMB,Arif Khan,Direct Sales,7,6.99,20,9.79,39.14,35.7,3.44,Card,Completed,3.3,
ORD-2406,2024-12-12,2024-12,Q4-2024,P013,Headset Pro,Electronics,C004,Nusrat Jahan,Corporate,Dhaka,Corporate,Rakib Islam,Online,17,73.31,0,0.0,1246.27,1011.5,234.77,Cash,Returned,4.1,
ORD-2312,2024-12-13,2024-12,Q4-2024,P005,Monitor 27in,Electronics,C015,Tanvir Ahmed,Individual,Rangpur,Individual,Dilnoza Haque,Direct Sales,1,229.81,20,45.96,183.85,170.0,13.85,Mobile Banking,Returned,2.6,
ORD-1381,2024-12-14,2024-12,Q4-2024,P008,Desk Lamp,Furniture,C004,Nusrat Jahan,Corporate,Dhaka,Corporate,Dilnoza Haque,Reseller,19,18.11,0,0.0,344.09,290.7,53.39,Card,Completed,3.6,
ORD-1618,2024-12-14,2024-12,Q4-2024,P001,Laptop Pro 15,Electronics,C002,Farzana Islam,SMB,Chittagong,SMB,Sabrina Noor,Online,15,848.92,0,0.0,12733.8,10200.0,2533.8,Mobile Banking,Completed,,
ORD-1066,2024-12-16,2024-12,Q4-2024,P008,Desk Lamp,Furniture,C002,Farzana Islam,SMB,Chittagong,SMB,Sabrina Noor,Reseller,1,22.35,10,2.23,20.12,15.3,4.82,Cash,Pending,3.1,
ORD-1439,2024-12-16,2024-12,Q4-2024,P008,Desk Lamp,Furniture,C002,Farzana Islam,SMB,Chittagong,SMB,Dilnoza Haque,Direct Sales,15,18.78,15,42.26,239.44,229.5,9.94,Card,Completed,,Changed Mind
ORD-1682,2024-12-16,2024-12,Q4-2024,P005,Monitor 27in,Electronics,C001,Ahmed Hossain,Dhaka,Dhaka,Corporate,Dilnoza Haque,Direct Sales,6,238.98,0,0.0,1433.88,1020.0,413.88,Mobile Banking,Returned,,
ORD-1077,2024-12-17,2024-12,Q4-2024,P005,Monitor 27in,Electronics,C001,Ahmed Hossain,Corporate,Dhaka,Corporate,Arif Khan,Direct Sales,13,206.47,10,268.41,2415.7,2210.0,205.7,Mobile Banking,Completed,3.4,
ORD-1547,2024-12-17,2024-12,Q4-2024,P002,Wireless Mouse,Electronics,C006,Sumaiya Akter,Individual,Dhaka,Individual,Rakib Islam,In-Store,18,12.93,15,34.91,197.83,183.6,14.23,Mobile Banking,Returned,4.6,
ORD-1688,2024-12-17,2024-12,Q4-2024,P013,Headset Pro,Electronics,C014,Parisa Begum,Corporate,Dhaka,Corporate,Dilnoza Haque,Direct Sales,8,74.24,10,59.39,534.53,476.0,58.53,Card,Completed,4.9,
ORD-1784,2024-12-17,2024-12,Q4-2024,P008,Desk Lamp,Furniture,C011,Imran Ali,Corporate,Dhaka,Corporate,Mohin Uddin,Direct Sales,15,19.34,0,0.0,290.1,229.5,60.6,Mobile Banking,Completed,3.6,
ORD-1970,2024-12-17,2024-12,Q4-2024,P005,Monitor 27in,Electronics,C010,Riya Sen,SMB,Barisal,SMB,Mohin Uddin,Reseller,9,225.67,20,406.21,1624.82,1530.0,94.82,Cash,Completed,3.9,
ORD-2303,2024-12-17,2024-12,Q4-2024,P001,Laptop Pro 15,Electronics,C007,Tariq Hassan,Corporate,Khulna,Corporate,Sabrina Noor,Online,16,816.63,5,653.3,12412.78,10880.0,1532.78,Mobile Banking,Completed,2.9,
ORD-2449,2024-12-17,2024-12,Q4-2024,P005,Monitor 27in,Electronics,C012,Shapna Das,Individual,Mymensingh,Individual,Sabrina Noor,Online,1,229.96,10,23.0,206.96,170.0,36.96,Cash,Completed,3.8,
ORD-2441,2024-12-18,2024-12,Q4-2024,P014,Filing Cabinet,Furniture,C011,Imran Ali,Corporate,Dhaka,Corporate,Mohin Uddin,Reseller,3,109.19,10,32.76,294.81,229.5,65.31,Mobile Banking,Completed,2.9,
ORD-1388,2024-12-20,2024-12,Q4-2024,P011,Whiteboard,Stationery,C007,Tariq Hassan,Corporate,Khulna,Corporate,Mohin Uddin,Reseller,4,25.0,0,0.0,100.0,85.0,15.0,Card,Pending,3.6,
ORD-1130,2024-12-21,2024-12,Q4-2024,P008,Desk Lamp,Furniture,C004,Nusrat Jahan,Corporate,Dhaka,Corporate,Sabrina Noor,Online,20,18.64,5,18.64,354.16,306.0,48.16,Bank Transfer,Completed,3.6,
ORD-1161,2024-12-21,2024-12,Q4-2024,P006,Office Chair,Furniture,C002,Farzana Islam,SMB,Chittagong,SMB,Mohin Uddin,In-Store,19,127.88,20,485.94,1943.78,2099.5,-155.72,Card,Completed,3.8,
ORD-1683,2024-12-21,2024-12,Q4-2024,P003,USB-C Hub,Electronics,C004,Nusrat Jahan,Corporate,Dhaka,Corporate,Sabrina Noor,In-Store,16,20.09,0,0.0,321.44,272.0,49.44,Card,Completed,4.5,
ORD-1903,2024-12-21,2024-12,Q4-2024,P013,Headset Pro,Electronics,C012,Shapna Das,Individual,Mymensingh,Individual,Mohin Uddin,In-Store,14,66.92,15,140.53,796.35,833.0,-36.65,Cash,Pending,3.0,
ORD-1239,2024-12-22,2024-12,Q4-2024,P012,Webcam HD,Electronics,C010,Riya Sen,SMB,Barisal,SMB,Arif Khan,In-Store,2,40.58,20,16.23,64.93,68.0,-3.07,Mobile Banking,Returned,4.2,
ORD-1600,2024-12-22,2024-12,Q4-2024,P009,Notebook Set,Stationery,C014,Parisa Begum,Corporate,Dhaka,Corporate,Arif Khan,In-Store,17,4.93,0,0.0,83.81,72.25,11.56,Mobile Banking,Completed,3.5,
ORD-2319,2024-12-22,2024-12,Q4-2024,P006,Office Chair,Furniture,C010,Riya Sen,Barisal,Barisal,SMB,Rakib Islam,In-Store,8,134.0,0,0.0,1072.0,884.0,188.0,Bank Transfer,Completed,,
ORD-1925,2024-12-23,2024-12,Q4-2024,P012,Webcam HD,Electronics,C003,Rahim Uddin,Individual,Sylhet,Individual,Arif Khan,Direct Sales,5,38.99,20,38.99,155.96,170.0,-14.04,Cash,Completed,,
ORD-1679,2024-12-24,2024-12,Q4-2024,P011,Whiteboard,Stationery,C001,Ahmed Hossain,Corporate,Dhaka,Corporate,Sabrina Noor,Reseller,5,25.71,5,6.43,122.12,106.25,15.87,Card,Pending,4.2,
ORD-2333,2024-12-24,2024-12,Q4-2024,P002,Wireless Mouse,Electronics,C011,Imran Ali,Corporate,Dhaka,Corporate,Dilnoza Haque,Direct Sales,15,12.04,0,0.0,180.6,153.0,27.6,Mobile Banking,Completed,3.4,
ORD-1049,2024-12-25,2024-12,Q4-2024,P003,USB-C Hub,Electronics,C007,Tariq Hassan,Corporate,Khulna,Corporate,Mohin Uddin,Direct Sales,6,23.4,15,21.06,119.34,102.0,17.34,Bank Transfer,Returned,4.0,
ORD-1417,2024-12-25,2024-12,Q4-2024,P007,Standing Desk,Furniture,C012,Shapna Das,Individual,Mymensingh,Individual,Dilnoza Haque,Online,17,249.4,0,0.0,4239.8,3179.0,1060.8,Card,Completed,4.1,
ORD-2168,2024-12-25,2024-12,Q4-2024,P015,Sticky Notes Bulk,Stationery,C003,Rahim Uddin,Sylhet,Sylhet,Individual,Arif Khan,Reseller,3,6.81,10,2.04,18.39,15.3,3.09,Bank Transfer,Completed,4.6,
ORD-2368,2024-12-25,2024-12,Q4-2024,P002,Wireless Mouse,Electronics,C006,Sumaiya Akter,Individual,Dhaka,Individual,Arif Khan,Reseller,6,11.55,10,6.93,62.37,61.2,1.17,Bank Transfer,Returned,3.8,
ORD-1055,2024-12-26,2024-12,Q4-2024,P009,Notebook Set,Stationery,C003,Rahim Uddin,Individual,Sylhet,Individual,Sabrina Noor,Direct Sales,9,4.82,0,0.0,43.38,38.25,5.13,Cash,Completed,3.7,
ORD-1763,2024-12-27,2024-12,Q4-2024,P004,Mechanical Keyboard,Electronics,C007,Tariq Hassan,Corporate,Khulna,Corporate,Sabrina Noor,In-Store,6,56.74,0,0.0,340.44,280.5,59.94,Bank Transfer,Pending,,
ORD-2317,2024-12-28,2024-12,Q4-2024,P007,Standing Desk,Furniture,C006,Sumaiya Akter,Individual,Dhaka,Individual,Rakib Islam,Direct Sales,12,210.69,15,379.24,2149.04,2244.0,-94.96,Mobile Banking,Completed,4.4,
ORD-2474,2024-12-28,2024-12,Q4-2024,P004,Mechanical Keyboard,Electronics,C012,Shapna Das,Individual,Mymensingh,Individual,Arif Khan,In-Store,1,63.36,15,9.5,53.86,46.75,7.11,Cash,Completed,3.2,
ORD-2034,2024-12-29,2024-12,Q4-2024,P010,Pen Pack,Stationery,C015,Tanvir Ahmed,Individual,Rangpur,Individual,Mohin Uddin,Reseller,13,3.62,0,0.0,47.06,33.15,13.91,Bank Transfer,Completed,2.8,Changed Mind
ORD-1416,2024-12-30,2024-12,Q4-2024,P015,Sticky Notes Bulk,Stationery,C004,Nusrat Jahan,Corporate,Dhaka,Corporate,Sabrina Noor,Online,15,5.86,0,0.0,87.9,76.5,11.4,Cash,Completed,4.1,
ORD-1964,2024-12-30,2024-12,Q4-2024,P015,Sticky Notes Bulk,Stationery,C004,Nusrat Jahan,Corporate,Dhaka,Corporate,Sabrina Noor,Direct Sales,11,5.94,0,0.0,65.34,56.1,9.24,Bank Transfer,Completed,3.6,
ORD-2016,2024-12-30,2024-12,Q4-2024,P005,Monitor 27in,Electronics,C003,Rahim Uddin,Individual,Sylhet,Individual,Arif Khan,In-Store,12,208.42,5,125.05,2375.99,2040.0,335.99,Bank Transfer,Pending,,
